_id,conversation,user,role,content,intent,agent,sources,metadata,createdAt,__v,expiresAt
6a35627327c1401f97ab0e28,6a35627327c1401f97ab0e26,687711a049fccafa69055cb8,user,Como podria subir un cv hecho?,cv_help,applicant_support_agent,[],{'source': 'b2c-ai-widget'},2026-06-19 15:38:27.321,0,
6a35627427c1401f97ab0e2b,6a35627327c1401f97ab0e26,687711a049fccafa69055cb8,assistant,"Para subir un CV, puedes hacerlo desde la sección de Curriculum Vitae en tu perfil. Allí podrás crear, subir o actualizar tu CV. Actualmente, ya tienes un CV principal llamado ""CV_Rafael_Alonso_Garcia_Castillejo.pdf"". Si deseas cambiarlo o agregar uno nuevo, simplemente sigue las instrucciones en esa sección.",cv_help,applicant_support_agent,"[{'title': 'Gestion de Curriculum Vitae', 'domain': 'cv', 'sourceType': 'internal_static', 'sourceId': 'cv-dashboard'}, {'title': 'CVs del usuario', 'domain': 'cv', 'sourceType': 'mongodb_collection', 'sourceId': 'cvs'}]",,2026-06-19 15:38:28.492,0,
6a35629327c1401f97ab0e35,6a35627327c1401f97ab0e26,687711a049fccafa69055cb8,user,"Yap, otra pregunta, esta pagina puedo conectarlo a mi linkedin y que extraiga los datos de ahi?",profile_account,applicant_support_agent,[],{'source': 'b2c-ai-widget'},2026-06-19 15:38:59.347,0,
6a35629427c1401f97ab0e38,6a35627327c1401f97ab0e26,687711a049fccafa69055cb8,assistant,"Actualmente, no puedes conectar tu cuenta de laboral.ai a LinkedIn para extraer datos automáticamente. Sin embargo, puedes actualizar tus datos manualmente desde la sección ""Mi Perfil y Configuración"". Si necesitas más ayuda, házmelo saber.",profile_account,applicant_support_agent,"[{'title': 'Perfil y cuenta', 'domain': 'profile', 'sourceType': 'internal_static', 'sourceId': 'profile-settings'}, {'title': 'Perfil autenticado', 'domain': 'profile', 'sourceType': 'mongodb_collection', 'sourceId': 'users'}]",,2026-06-19 15:39:00.280,0,
6a3562b627c1401f97ab0e48,6a35627327c1401f97ab0e26,687711a049fccafa69055cb8,user,Y no esta oculto esa seccion en el codigo base?,out_of_scope,boundary_guard,[],{'source': 'b2c-ai-widget'},2026-06-19 15:39:34.176,0,
6a3562b627c1401f97ab0e4a,6a35627327c1401f97ab0e26,687711a049fccafa69055cb8,assistant,"Por ahora solo puedo ayudarte con consultas relacionadas a laboral.ai, CV, empleos, postulaciones, empresas, cursos, eventos, perfil o inscripción.",out_of_scope,boundary_guard,[],,2026-06-19 15:39:34.262,0,
6a35631827c1401f97ab0e65,6a35627327c1401f97ab0e26,687711a049fccafa69055cb8,user,"Sobre los cursos que hay en laboral, par q son de q sirven ?",courses_sales,course_sales_agent,[],{'source': 'b2c-ai-widget'},2026-06-19 15:41:12.072,0,
6a35631a27c1401f97ab0e73,6a35627327c1401f97ab0e26,687711a049fccafa69055cb8,assistant,"Actualmente encontre 4 cursos activos. Te muestro algunas opciones:

1. Ikigai
 - Descripcion: Identifica tu propósito personal con este framework, IKIGAI, que te servirá para guiar tu carrera profesional.
 - Duracion: 40 minutos
 - Modalidad: Virtual - Asíncrono
 - Instructor: Bryan Cerna
 - Precio: Gratis
 - Nivel: Básico
 - Certificado: No
 - Fecha de inicio: Acceso directo
 - Fecha de fin: 2026-12-30

2. Productividad en equipo con Google Workspace
 - Descripcion: ¡Conviértete en un héroe de la productividad! Aprende a centralizar tu centro de mando en Gmail, diseñar arquitecturas de tiempo en Calendar y automatizar el análisis de datos en S...
 - Duracion: 40 minutos
 - Modalidad: Virtual - Asíncrono
 - Instructor: Sofia Flores y José Pauyac
 - Precio: Gratis
 - Nivel: Básico
 - Certificado: Si
 - Fecha de inicio: Acceso directo
 - Fecha de fin: 2026-12-30

3. Flujos end to end
 - Descripcion: Aprende a implementar Flujos End to End para la resolución de problemas y gestión de proyectos de forma ágil y efectiva. 
 - Duracion: 50 minutos
 - Modalidad: Virtual - Asíncrono
 - Instructor: Marilia, Josué y Valeria 
 - Precio: Gratis
 - Nivel: Básico
 - Certificado: No
 - Fecha de inicio: Acceso directo
 - Fecha de fin: 2026-05-09

Tambien hay mas cursos disponibles. Puedes pedirme 'muestrame mas cursos' o revisar el catalogo completo en la seccion Cursos.",courses_sales,course_sales_agent,"[{'title': 'Consulta de cursos', 'domain': 'courses', 'sourceType': 'internal_static', 'sourceId': 'courses-listing'}, {'title': 'Ikigai', 'domain': 'courses', 'sourceType': 'mongodb_collection'}, {'title': 'Productividad en equipo con Google Workspace', 'domain': 'courses', 'sourceType': 'mongodb_collection'}, {'title': 'Flujos end to end', 'domain': 'courses', 'sourceType': 'mongodb_collection'}]",,2026-06-19 15:41:14.513,0,
6a35632f27c1401f97ab0e7d,6a35627327c1401f97ab0e26,687711a049fccafa69055cb8,user,dame descripciones mas cortas,profile_account,applicant_support_agent,[],{'source': 'b2c-ai-widget'},2026-06-19 15:41:35.541,0,
6a35633027c1401f97ab0e80,6a35627327c1401f97ab0e26,687711a049fccafa69055cb8,assistant,"Desde ""Mi Perfil y Configuración"" puedes actualizar tus datos, cuenta y preferencias. Si necesitas más ayuda, házmelo saber.",profile_account,applicant_support_agent,"[{'title': 'Perfil y cuenta', 'domain': 'profile', 'sourceType': 'internal_static', 'sourceId': 'profile-settings'}, {'title': 'Perfil autenticado', 'domain': 'profile', 'sourceType': 'mongodb_collection', 'sourceId': 'users'}]",,2026-06-19 15:41:36.392,0,
6a35633e27c1401f97ab0e8a,6a35627327c1401f97ab0e26,687711a049fccafa69055cb8,user,"nono, de los cursos?",courses_sales,course_sales_agent,[],{'source': 'b2c-ai-widget'},2026-06-19 15:41:50.298,0,
6a35633f27c1401f97ab0e98,6a35627327c1401f97ab0e26,687711a049fccafa69055cb8,assistant,"Actualmente no encontre cursos especificos de nono disponibles en la plataforma. Sin embargo, puedo mostrarte otros cursos disponibles o puedes revisar el catalogo completo en la seccion Cursos.",courses_sales,course_sales_agent,"[{'title': 'Consulta de cursos', 'domain': 'courses', 'sourceType': 'internal_static', 'sourceId': 'courses-listing'}]",,2026-06-19 15:41:51.120,0,
6a35635527c1401f97ab0ea2,6a35627327c1401f97ab0e26,687711a049fccafa69055cb8,user,Y enventos que son?,events_help,applicant_support_agent,[],{'source': 'b2c-ai-widget'},2026-06-19 15:42:13.490,0,
6a35635627c1401f97ab0ea4,6a35627327c1401f97ab0e26,687711a049fccafa69055cb8,assistant,"Los eventos son actividades que puedes revisar y, si están habilitadas, registrarte para participar. Puedes consultar la sección de eventos para ver los disponibles y obtener más detalles.",events_help,applicant_support_agent,"[{'title': 'Consulta de eventos', 'domain': 'events', 'sourceType': 'internal_static', 'sourceId': 'events-listing'}]",,2026-06-19 15:42:14.158,0,
6a35636027c1401f97ab0eae,6a35627327c1401f97ab0e26,687711a049fccafa69055cb8,user,para que sirven',profile_account,applicant_support_agent,[],{'source': 'b2c-ai-widget'},2026-06-19 15:42:24.550,0,
6a35636127c1401f97ab0eb1,6a35627327c1401f97ab0e26,687711a049fccafa69055cb8,assistant,"Desde la sección ""Mi Perfil y Configuración"" puedes actualizar tus datos como postulante, gestionar tu cuenta y establecer tus preferencias. Si necesitas más información específica sobre cómo realizar alguna de estas acciones, házmelo saber.",profile_account,applicant_support_agent,"[{'title': 'Perfil y cuenta', 'domain': 'profile', 'sourceType': 'internal_static', 'sourceId': 'profile-settings'}, {'title': 'Perfil autenticado', 'domain': 'profile', 'sourceType': 'mongodb_collection', 'sourceId': 'users'}]",,2026-06-19 15:42:25.362,0,
6a35637527c1401f97ab0ebb,6a35627327c1401f97ab0e26,687711a049fccafa69055cb8,user,Y para postularme a una empresa como hago?,companies_help,applicant_support_agent,[],{'source': 'b2c-ai-widget'},2026-06-19 15:42:45.798,0,
6a35637627c1401f97ab0ebd,6a35627327c1401f97ab0e26,687711a049fccafa69055cb8,assistant,"Para postularte a una empresa, primero debes explorar las organizaciones registradas en la sección de Empresas en la plataforma. Ahí podrás abrir perfiles de las empresas disponibles y seguir las instrucciones específicas para cada una. Si necesitas más detalles sobre un proceso en particular, házmelo saber.",companies_help,applicant_support_agent,"[{'title': 'Exploracion de empresas', 'domain': 'companies', 'sourceType': 'internal_static', 'sourceId': 'companies-listing'}]",,2026-06-19 15:42:46.690,0,
6a3563c327c1401f97ab0ed3,6a35627327c1401f97ab0e26,687711a049fccafa69055cb8,user,"una pregunta, segun mi perfil que cursos de los que hay me recomendarias?",courses_sales,course_sales_agent,[],{'source': 'b2c-ai-widget'},2026-06-19 15:44:03.099,0,
6a3563c427c1401f97ab0ee1,6a35627327c1401f97ab0e26,687711a049fccafa69055cb8,assistant,"Actualmente encontre 2 cursos activos. Te muestro algunas opciones:

1. Productividad en equipo con Google Workspace
 - Descripcion: ¡Conviértete en un héroe de la productividad! Aprende a centralizar tu centro de mando en Gmail, diseñar arquitecturas de tiempo en Calendar y automatizar el análisis de datos en S...
 - Duracion: 40 minutos
 - Modalidad: Virtual - Asíncrono
 - Instructor: Sofia Flores y José Pauyac
 - Precio: Gratis
 - Nivel: Básico
 - Certificado: Si
 - Fecha de inicio: Acceso directo
 - Fecha de fin: 2026-12-30

2. LinkedIn Boost - Potencia tu Marca Personal
 - Descripcion: Impulsa tu Perfil Profesional y aprende a utilizar Linkedin desde 0, para alcanzar mejores empleos.
 - Duracion: 40 minutos
 - Modalidad: Virtual - Asíncrono
 - Instructor: Maykol Echevarría - Líder en Creación de Contenido
 - Precio: Gratis
 - Nivel: Básico
 - Certificado: No
 - Fecha de inicio: Acceso directo
 - Fecha de fin: 2026-12-30

 Puedes abrir la seccion Cursos para revisar el detalle publicado.",courses_sales,course_sales_agent,"[{'title': 'Consulta de cursos', 'domain': 'courses', 'sourceType': 'internal_static', 'sourceId': 'courses-listing'}, {'title': 'Productividad en equipo con Google Workspace', 'domain': 'courses', 'sourceType': 'mongodb_collection'}, {'title': 'LinkedIn Boost - Potencia tu Marca Personal', 'domain': 'courses', 'sourceType': 'mongodb_collection'}]",,2026-06-19 15:44:04.828,0,
6a3563fa27c1401f97ab0f08,6a35627327c1401f97ab0e26,687711a049fccafa69055cb8,user,"Segun mi cv, cuanto podria ser mi sueldo?",cv_help,applicant_support_agent,[],{'source': 'b2c-ai-widget'},2026-06-19 15:44:58.457,0,
6a3563fb27c1401f97ab0f0b,6a35627327c1401f97ab0e26,687711a049fccafa69055cb8,assistant,"No tengo la capacidad de determinar un sueldo basado en tu CV. Te recomiendo investigar en portales de empleo o consultar con profesionales del área para obtener una estimación más precisa. Si necesitas ayuda con tu CV o postulaciones, puedo asistirte en eso.",cv_help,applicant_support_agent,"[{'title': 'Gestion de Curriculum Vitae', 'domain': 'cv', 'sourceType': 'internal_static', 'sourceId': 'cv-dashboard'}, {'title': 'CVs del usuario', 'domain': 'cv', 'sourceType': 'mongodb_collection', 'sourceId': 'cvs'}]",,2026-06-19 15:44:59.286,0,
6a35642c27c1401f97ab0f1d,6a35627327c1401f97ab0e26,687711a049fccafa69055cb8,user,sobre funcionalidades premiun o no premiun cualels hay?+,support_platform,applicant_support_agent,[],{'source': 'b2c-ai-widget'},2026-06-19 15:45:48.738,0,
6a35642d27c1401f97ab0f20,6a35627327c1401f97ab0e26,687711a049fccafa69055cb8,assistant,"No tengo información específica sobre las funcionalidades premium o no premium de la plataforma. Te recomiendo revisar el panel postulante en el menú, donde puedes acceder a las secciones de Curriculum Vitae, Empleos, Empresas, Postulaciones, Cursos, Eventos y Perfil. Si necesitas más detalles sobre las funcionalidades, considera contactar al soporte de la plataforma.",support_platform,applicant_support_agent,"[{'title': 'Uso general del panel postulante', 'domain': 'support', 'sourceType': 'internal_static', 'sourceId': 'support-panel-b2c'}, {'title': 'Perfil autenticado', 'domain': 'profile', 'sourceType': 'mongodb_collection', 'sourceId': 'users'}]",,2026-06-19 15:45:49.809,0,
6a35644527c1401f97ab0f2a,6a35627327c1401f97ab0e26,687711a049fccafa69055cb8,user,Como consigo mas tokens?,support_platform,applicant_support_agent,[],{'source': 'b2c-ai-widget'},2026-06-19 15:46:13.626,0,
6a35644627c1401f97ab0f2d,6a35627327c1401f97ab0e26,687711a049fccafa69055cb8,assistant,"Para conseguir más tokens, te recomiendo que revises el panel postulante en la sección correspondiente. Ahí podrás encontrar información sobre cómo obtener más tokens. Si necesitas ayuda adicional, puedo activar un escalamiento humano.",support_platform,applicant_support_agent,"[{'title': 'Uso general del panel postulante', 'domain': 'support', 'sourceType': 'internal_static', 'sourceId': 'support-panel-b2c'}, {'title': 'Perfil autenticado', 'domain': 'profile', 'sourceType': 'mongodb_collection', 'sourceId': 'users'}]",,2026-06-19 15:46:14.448,0,
6a3578e927c1401f97ab1187,6a35627327c1401f97ab0e26,687711a049fccafa69055cb8,user,Quiero ayuda para mejorar mi CV,cv_help,applicant_support_agent,[],{'source': 'b2c-ai-widget'},2026-06-19 17:14:17.908,0,
6a3578eb27c1401f97ab118a,6a35627327c1401f97ab0e26,687711a049fccafa69055cb8,assistant,"Para mejorar tu CV, puedes crear, subir o actualizar tus documentos desde la sección de Curriculum Vitae. Actualmente tienes tres CVs, de los cuales uno es tu CV principal. 

Si deseas realizar cambios o necesitas consejos específicos sobre cómo mejorar alguna sección, házmelo saber.",cv_help,applicant_support_agent,"[{'title': 'Gestion de Curriculum Vitae', 'domain': 'cv', 'sourceType': 'internal_static', 'sourceId': 'cv-dashboard'}, {'title': 'CVs del usuario', 'domain': 'cv', 'sourceType': 'mongodb_collection', 'sourceId': 'cvs'}]",,2026-06-19 17:14:19.026,0,
6a35790e27c1401f97ab11a3,6a35627327c1401f97ab0e26,687711a049fccafa69055cb8,user,Muéstrame cursos disponibles,courses_sales,course_sales_agent,[],{'source': 'b2c-ai-widget'},2026-06-19 17:14:54.188,0,
6a35791027c1401f97ab11b1,6a35627327c1401f97ab0e26,687711a049fccafa69055cb8,assistant,"Actualmente encontre 5 cursos activos. Te muestro algunas opciones:

1. Ikigai
 - Descripcion: Identifica tu propósito personal con este framework, IKIGAI, que te servirá para guiar tu carrera profesional.
 - Duracion: 40 minutos
 - Modalidad: Virtual - Asíncrono
 - Instructor: Bryan Cerna
 - Precio: Gratis
 - Nivel: Básico
 - Certificado: No
 - Fecha de inicio: Acceso directo
 - Fecha de fin: 2026-12-30

2. Productividad en equipo con Google Workspace
 - Descripcion: ¡Conviértete en un héroe de la productividad! Aprende a centralizar tu centro de mando en Gmail, diseñar arquitecturas de tiempo en Calendar y automatizar el análisis de datos en S...
 - Duracion: 40 minutos
 - Modalidad: Virtual - Asíncrono
 - Instructor: Sofia Flores y José Pauyac
 - Precio: Gratis
 - Nivel: Básico
 - Certificado: Si
 - Fecha de inicio: Acceso directo
 - Fecha de fin: 2026-12-30

3. Negocia y Convence
 - Descripcion: Aprende a comunicar y persuadir a tu cliente con técnicas comerciles avanzadas.
 - Duracion: 40 minutos
 - Modalidad: Virtual - Asíncrono
 - Instructor: Nayeli Espinoza, Jeini Santamaria & Jairo Blas
 - Precio: Gratis
 - Nivel: Básico
 - Certificado: Si
 - Fecha de inicio: Acceso directo
 - Fecha de fin: 2026-12-30

Tambien hay mas cursos disponibles. Puedes pedirme 'muestrame mas cursos' o revisar el catalogo completo en la seccion Cursos.",courses_sales,course_sales_agent,"[{'title': 'Consulta de cursos', 'domain': 'courses', 'sourceType': 'internal_static', 'sourceId': 'courses-listing'}, {'title': 'Ikigai', 'domain': 'courses', 'sourceType': 'mongodb_collection'}, {'title': 'Productividad en equipo con Google Workspace', 'domain': 'courses', 'sourceType': 'mongodb_collection'}, {'title': 'Negocia y Convence', 'domain': 'courses', 'sourceType': 'mongodb_collection'}]",,2026-06-19 17:14:56.374,0,
6a357a6127c1401f97ab126e,6a357a6027c1401f97ab126c,66bab0c9db5c98b2ee748847,user,Quiero ayuda para mejorar mi CV,cv_help,applicant_support_agent,[],{'source': 'b2c-ai-widget'},2026-06-19 17:20:33.020,0,
6a357a6227c1401f97ab1271,6a357a6027c1401f97ab126c,66bab0c9db5c98b2ee748847,assistant,"Para mejorar tu CV, puedes considerar lo siguiente:

1. **Revisar el contenido**: Asegúrate de que toda la información sea clara, concisa y relevante para el puesto al que te postulas.
2. **Formato y diseño**: Utiliza un formato limpio y profesional. Asegúrate de que sea fácil de leer.
3. **Experiencia y logros**: Destaca tus logros y responsabilidades en trabajos anteriores, utilizando verbos de acción.

Actualmente tienes tres CVs en tu cuenta. Tu CV principal es ""Juan Pablo Sinarahua_CV"". Si necesitas realizar cambios, puedes actualizarlo directamente desde la sección de Curriculum Vitae.",cv_help,applicant_support_agent,"[{'title': 'Gestion de Curriculum Vitae', 'domain': 'cv', 'sourceType': 'internal_static', 'sourceId': 'cv-dashboard'}, {'title': 'CVs del usuario', 'domain': 'cv', 'sourceType': 'mongodb_collection', 'sourceId': 'cvs'}]",,2026-06-19 17:20:34.483,0,
6a38c8ba9bf6db77526ffa46,6a38c8ba9bf6db77526ffa44,69c0ad3d09d9ef031b7677f2,user,¿Qué es Laboral.AI?,support_platform,applicant_support_agent,[],{'source': 'b2c-ai-widget'},2026-06-22 05:31:38.609,0,
6a38c8bb9bf6db77526ffa49,6a38c8ba9bf6db77526ffa44,69c0ad3d09d9ef031b7677f2,assistant,"Laboral.AI es una plataforma que te permite acceder a diversas funcionalidades relacionadas con la búsqueda de empleo. Desde el panel postulante, puedes gestionar tu Curriculum Vitae, explorar empleos, conocer empresas, realizar postulaciones, inscribirte en cursos, participar en eventos y administrar tu perfil. Si necesitas más información sobre alguna de estas secciones, házmelo saber.",support_platform,applicant_support_agent,"[{'title': 'Uso general del panel postulante', 'domain': 'support', 'sourceType': 'internal_static', 'sourceId': 'support-panel-b2c'}, {'title': 'Perfil autenticado', 'domain': 'profile', 'sourceType': 'mongodb_collection', 'sourceId': 'users'}]",,2026-06-22 05:31:39.955,0,
6a38c8eb9bf6db77526ffa57,6a38c8ba9bf6db77526ffa44,69c0ad3d09d9ef031b7677f2,user,¿Cómo funciona Laboral.AI?,support_platform,applicant_support_agent,[],{'source': 'b2c-ai-widget'},2026-06-22 05:32:27.559,0,
6a38c8ec9bf6db77526ffa5a,6a38c8ba9bf6db77526ffa44,69c0ad3d09d9ef031b7677f2,assistant,"Laboral.AI funciona a través de un panel postulante donde puedes acceder a diferentes secciones: Curriculum Vitae, Empleos, Empresas, Postulaciones, Cursos, Eventos y Perfil. Desde allí, puedes gestionar tu búsqueda de empleo y mejorar tu perfil profesional. Si necesitas más información sobre alguna sección específica, házmelo saber.",support_platform,applicant_support_agent,"[{'title': 'Uso general del panel postulante', 'domain': 'support', 'sourceType': 'internal_static', 'sourceId': 'support-panel-b2c'}, {'title': 'Perfil autenticado', 'domain': 'profile', 'sourceType': 'mongodb_collection', 'sourceId': 'users'}]",,2026-06-22 05:32:28.423,0,
6a38c8f99bf6db77526ffa64,6a38c8ba9bf6db77526ffa44,69c0ad3d09d9ef031b7677f2,user,¿Necesito iniciar sesión?,profile_account,applicant_support_agent,[],{'source': 'b2c-ai-widget'},2026-06-22 05:32:41.057,0,
6a38c8fa9bf6db77526ffa67,6a38c8ba9bf6db77526ffa44,69c0ad3d09d9ef031b7677f2,assistant,"Sí, necesitas iniciar sesión para acceder a tu perfil y configuración. Desde allí, podrás actualizar tus datos, cuenta y preferencias. Si tienes más preguntas, no dudes en preguntar.",profile_account,applicant_support_agent,"[{'title': 'Perfil y cuenta', 'domain': 'profile', 'sourceType': 'internal_static', 'sourceId': 'profile-settings'}, {'title': 'Perfil autenticado', 'domain': 'profile', 'sourceType': 'mongodb_collection', 'sourceId': 'users'}]",,2026-06-22 05:32:42.393,0,
6a38c90f9bf6db77526ffa71,6a38c8ba9bf6db77526ffa44,69c0ad3d09d9ef031b7677f2,user,¿Qué son los créditos?,out_of_scope,boundary_guard,[],{'source': 'b2c-ai-widget'},2026-06-22 05:33:03.443,0,
6a38c90f9bf6db77526ffa73,6a38c8ba9bf6db77526ffa44,69c0ad3d09d9ef031b7677f2,assistant,"Por ahora solo puedo ayudarte con consultas relacionadas a laboral.ai, CV, empleos, postulaciones, empresas, cursos, eventos, perfil o inscripción.",out_of_scope,boundary_guard,[],,2026-06-22 05:33:03.536,0,
6a38c91c9bf6db77526ffa7d,6a38c8ba9bf6db77526ffa44,69c0ad3d09d9ef031b7677f2,user,¿Qué son los Laboral Heroes?,out_of_scope,boundary_guard,[],{'source': 'b2c-ai-widget'},2026-06-22 05:33:16.410,0,
6a38c91c9bf6db77526ffa7f,6a38c8ba9bf6db77526ffa44,69c0ad3d09d9ef031b7677f2,assistant,"Por ahora solo puedo ayudarte con consultas relacionadas a laboral.ai, CV, empleos, postulaciones, empresas, cursos, eventos, perfil o inscripción.",out_of_scope,boundary_guard,[],,2026-06-22 05:33:16.502,0,
6a38c9299bf6db77526ffa89,6a38c8ba9bf6db77526ffa44,69c0ad3d09d9ef031b7677f2,user,¿Qué ofrece Laboral.AI a empresas?,companies_help,applicant_support_agent,[],{'source': 'b2c-ai-widget'},2026-06-22 05:33:29.744,0,
6a38c92a9bf6db77526ffa8b,6a38c8ba9bf6db77526ffa44,69c0ad3d09d9ef031b7677f2,assistant,"Laboral.AI ofrece a las empresas la posibilidad de explorar organizaciones registradas y abrir perfiles de empresa disponibles en la plataforma. Si necesitas más información específica sobre los servicios o características, te recomiendo revisar la sección correspondiente en la plataforma.",companies_help,applicant_support_agent,"[{'title': 'Exploracion de empresas', 'domain': 'companies', 'sourceType': 'internal_static', 'sourceId': 'companies-listing'}]",,2026-06-22 05:33:30.473,0,
6a38c9659bf6db77526ffa9d,6a38c8ba9bf6db77526ffa44,69c0ad3d09d9ef031b7677f2,user,¿Cómo creo un CV desde cero?,cv_help,applicant_support_agent,[],{'source': 'b2c-ai-widget'},2026-06-22 05:34:29.482,0,
6a38c9669bf6db77526ffaa0,6a38c8ba9bf6db77526ffa44,69c0ad3d09d9ef031b7677f2,assistant,"Para crear un CV desde cero, puedes hacerlo desde la sección de ""Curriculum Vitae"" en la plataforma. Allí podrás crear, subir y actualizar tu CV. Actualmente, ya tienes un CV principal llamado ""CV_Bryan_Taipe_Perez.pdf"". Si deseas crear uno nuevo, simplemente selecciona la opción para crear un nuevo CV y sigue las instrucciones.",cv_help,applicant_support_agent,"[{'title': 'Gestion de Curriculum Vitae', 'domain': 'cv', 'sourceType': 'internal_static', 'sourceId': 'cv-dashboard'}, {'title': 'CVs del usuario', 'domain': 'cv', 'sourceType': 'mongodb_collection', 'sourceId': 'cvs'}]",,2026-06-22 05:34:30.450,0,
6a38c9bd9bf6db77526ffad7,6a38c8ba9bf6db77526ffa44,69c0ad3d09d9ef031b7677f2,user,¿Cómo descargo mi CV?,cv_help,applicant_support_agent,[],{'source': 'b2c-ai-widget'},2026-06-22 05:35:57.492,0,
6a38c9be9bf6db77526ffada,6a38c8ba9bf6db77526ffa44,69c0ad3d09d9ef031b7677f2,assistant,"Para descargar tu CV, ve a la sección de Curriculum Vitae en tu perfil. Allí encontrarás tu CV principal titulado ""CV_Bryan_Taipe_Perez.pdf"". Haz clic en el enlace de descarga correspondiente para obtenerlo.",cv_help,applicant_support_agent,"[{'title': 'Gestion de Curriculum Vitae', 'domain': 'cv', 'sourceType': 'internal_static', 'sourceId': 'cv-dashboard'}, {'title': 'CVs del usuario', 'domain': 'cv', 'sourceType': 'mongodb_collection', 'sourceId': 'cvs'}]",,2026-06-22 05:35:58.676,0,
6a38c9ed9bf6db77526ffae8,6a38c8ba9bf6db77526ffa44,69c0ad3d09d9ef031b7677f2,user,¿Puedo traducir mi CV al inglés?,cv_help,applicant_support_agent,[],{'source': 'b2c-ai-widget'},2026-06-22 05:36:45.541,0,
6a38c9ee9bf6db77526ffaeb,6a38c8ba9bf6db77526ffa44,69c0ad3d09d9ef031b7677f2,assistant,"Sí, puedes traducir tu CV al inglés. Desde la sección de Curriculum Vitae, puedes crear o actualizar tu CV. Si necesitas ayuda específica para la traducción, te recomiendo utilizar herramientas de traducción o servicios profesionales.",cv_help,applicant_support_agent,"[{'title': 'Gestion de Curriculum Vitae', 'domain': 'cv', 'sourceType': 'internal_static', 'sourceId': 'cv-dashboard'}, {'title': 'CVs del usuario', 'domain': 'cv', 'sourceType': 'mongodb_collection', 'sourceId': 'cvs'}]",,2026-06-22 05:36:46.322,0,
6a38ca009bf6db77526ffaf5,6a38c8ba9bf6db77526ffa44,69c0ad3d09d9ef031b7677f2,user,¿Qué es el feedback de CV?,cv_help,applicant_support_agent,[],{'source': 'b2c-ai-widget'},2026-06-22 05:37:04.524,0,
6a38ca019bf6db77526ffaf8,6a38c8ba9bf6db77526ffa44,69c0ad3d09d9ef031b7677f2,assistant,"El feedback de CV se refiere a las recomendaciones y observaciones que puedes recibir sobre tu Curriculum Vitae para mejorarlo. Esto puede incluir aspectos como el formato, la claridad de la información, la relevancia de la experiencia y habilidades, entre otros. 

Recuerda que desde la plataforma puedes crear, subir y actualizar tu CV, así como marcar uno como principal para tus postulaciones. Si necesitas más ayuda específica sobre tu CV, házmelo saber.",cv_help,applicant_support_agent,"[{'title': 'Gestion de Curriculum Vitae', 'domain': 'cv', 'sourceType': 'internal_static', 'sourceId': 'cv-dashboard'}, {'title': 'CVs del usuario', 'domain': 'cv', 'sourceType': 'mongodb_collection', 'sourceId': 'cvs'}]",,2026-06-22 05:37:05.644,0,
6a38ca159bf6db77526ffb02,6a38c8ba9bf6db77526ffa44,69c0ad3d09d9ef031b7677f2,user,¿Cómo puedo mejorar mi CV?,cv_help,applicant_support_agent,[],{'source': 'b2c-ai-widget'},2026-06-22 05:37:25.885,0,
6a38ca189bf6db77526ffb05,6a38c8ba9bf6db77526ffa44,69c0ad3d09d9ef031b7677f2,assistant,"Para mejorar tu CV, considera lo siguiente:

1. **Actualiza tu información**: Asegúrate de que todos tus datos estén actualizados y reflejen tu experiencia más reciente.
2. **Destaca logros**: En lugar de solo listar responsabilidades, incluye logros concretos que demuestren tu impacto en trabajos anteriores.
3. **Formato claro y profesional**: Utiliza un diseño limpio y fácil de leer. Asegúrate de que la información más relevante esté al principio.

Recuerda que puedes crear, subir y actualizar tu CV desde la sección de Curriculum Vitae en la plataforma. Si necesitas más ayuda específica, no dudes en preguntar.",cv_help,applicant_support_agent,"[{'title': 'Gestion de Curriculum Vitae', 'domain': 'cv', 'sourceType': 'internal_static', 'sourceId': 'cv-dashboard'}, {'title': 'CVs del usuario', 'domain': 'cv', 'sourceType': 'mongodb_collection', 'sourceId': 'cvs'}]",,2026-06-22 05:37:28.077,0,
6a38ca369bf6db77526ffb13,6a38c8ba9bf6db77526ffa44,69c0ad3d09d9ef031b7677f2,user,¿Cuántos créditos cuesta reanalizar mi CV?,cv_help,applicant_support_agent,[],{'source': 'b2c-ai-widget'},2026-06-22 05:37:58.878,0,
6a38ca379bf6db77526ffb16,6a38c8ba9bf6db77526ffa44,69c0ad3d09d9ef031b7677f2,assistant,"No tengo información sobre el costo de reanalizar tu CV. Te recomiendo revisar la sección correspondiente en la plataforma para obtener detalles sobre créditos y servicios relacionados. Si necesitas más ayuda, házmelo saber.",cv_help,applicant_support_agent,"[{'title': 'Gestion de Curriculum Vitae', 'domain': 'cv', 'sourceType': 'internal_static', 'sourceId': 'cv-dashboard'}, {'title': 'CVs del usuario', 'domain': 'cv', 'sourceType': 'mongodb_collection', 'sourceId': 'cvs'}]",,2026-06-22 05:37:59.721,0,
6a38ca579bf6db77526ffb20,6a38c8ba9bf6db77526ffa44,69c0ad3d09d9ef031b7677f2,user,¿Cómo busco empleos?,job_search,applicant_support_agent,[],{'source': 'b2c-ai-widget'},2026-06-22 05:38:31.273,0,
6a38ca589bf6db77526ffb38,6a38c8ba9bf6db77526ffa44,69c0ad3d09d9ef031b7677f2,assistant,"Actualmente no encontre ofertas laborales especificas de como. Sin embargo, puedo mostrarte otros empleos disponibles o puedes revisar la seccion Empleos.",job_search,applicant_support_agent,"[{'title': 'Busqueda de empleos', 'domain': 'jobs', 'sourceType': 'internal_static', 'sourceId': 'jobs-listing'}]",,2026-06-22 05:38:32.683,0,
6a38ca609bf6db77526ffb3e,6a38c8ba9bf6db77526ffa44,69c0ad3d09d9ef031b7677f2,user,¿Cómo postulo a una vacante?,job_search,applicant_support_agent,[],{'source': 'b2c-ai-widget'},2026-06-22 05:38:40.816,0,
6a38ca629bf6db77526ffb52,6a38c8ba9bf6db77526ffa44,69c0ad3d09d9ef031b7677f2,assistant,"Actualmente no encontre ofertas laborales especificas de como postulo una. Sin embargo, puedo mostrarte otros empleos disponibles o puedes revisar la seccion Empleos.",job_search,applicant_support_agent,"[{'title': 'Busqueda de empleos', 'domain': 'jobs', 'sourceType': 'internal_static', 'sourceId': 'jobs-listing'}]",,2026-06-22 05:38:42.542,0,
6a38ca759bf6db77526ffb5c,6a38c8ba9bf6db77526ffa44,69c0ad3d09d9ef031b7677f2,user,¿Puedo buscar empleos remotos?,job_search,applicant_support_agent,[],{'source': 'b2c-ai-widget'},2026-06-22 05:39:01.465,0,
6a38ca779bf6db77526ffb70,6a38c8ba9bf6db77526ffa44,69c0ad3d09d9ef031b7677f2,assistant,"Actualmente encontre 1 oferta laboral activa. Te muestro algunas opciones:

1. Ejecutivo Comercial Junior (Outbound)
 - Empresa: Laboral.AI
 - Modalidad: hibrido
 - Ubicacion: Barranco, Lima
 - Jornada/tipo: PRACTICE - FULL_TIME
 - Descripcion: Laboral.AI, empresa de reclutamiento y referente líder en el empleabilidad juvenil con impacto social.

Misión del Puesto:
Identificar, contactar y cerrar ventas de servicios de ""R...
 - Beneficios: - Aprendizaje
- Flexibilidad de Horario
- Trabajo por resultado
 - Vigencia: 30/6/2026

 Puedes abrir la seccion Empleos para revisar el detalle y postular.",job_search,applicant_support_agent,"[{'title': 'Busqueda de empleos', 'domain': 'jobs', 'sourceType': 'internal_static', 'sourceId': 'jobs-listing'}, {'title': 'Ejecutivo Comercial Junior (Outbound)', 'domain': 'jobs', 'sourceType': 'mongodb_collection'}]",,2026-06-22 05:39:03.118,0,
6a38ca9c9bf6db77526ffb7e,6a38c8ba9bf6db77526ffa44,69c0ad3d09d9ef031b7677f2,user,que ofertas laborales tienes actualmente?,job_search,applicant_support_agent,[],{'source': 'b2c-ai-widget'},2026-06-22 05:39:40.010,0,
6a38ca9d9bf6db77526ffb92,6a38c8ba9bf6db77526ffa44,69c0ad3d09d9ef031b7677f2,assistant,"Actualmente no encontre ofertas laborales especificas de tienes actualmente. Sin embargo, puedo mostrarte otros empleos disponibles o puedes revisar la seccion Empleos.",job_search,applicant_support_agent,"[{'title': 'Busqueda de empleos', 'domain': 'jobs', 'sourceType': 'internal_static', 'sourceId': 'jobs-listing'}]",,2026-06-22 05:39:41.514,0,
6a38caac9bf6db77526ffb9c,6a38c8ba9bf6db77526ffa44,69c0ad3d09d9ef031b7677f2,user,que ofertas activas tienes?,job_search,applicant_support_agent,[],{'source': 'b2c-ai-widget'},2026-06-22 05:39:56.398,0,
6a38caad9bf6db77526ffbb0,6a38c8ba9bf6db77526ffa44,69c0ad3d09d9ef031b7677f2,assistant,"Actualmente no encontre ofertas laborales especificas de activas tienes. Sin embargo, puedo mostrarte otros empleos disponibles o puedes revisar la seccion Empleos.",job_search,applicant_support_agent,"[{'title': 'Busqueda de empleos', 'domain': 'jobs', 'sourceType': 'internal_static', 'sourceId': 'jobs-listing'}]",,2026-06-22 05:39:57.429,0,
6a38cab99bf6db77526ffbb7,6a38c8ba9bf6db77526ffa44,69c0ad3d09d9ef031b7677f2,user,¿Para qué sirve la sección Empresas?,companies_help,applicant_support_agent,[],{'source': 'b2c-ai-widget'},2026-06-22 05:40:09.413,0,
6a38caba9bf6db77526ffbb9,6a38c8ba9bf6db77526ffa44,69c0ad3d09d9ef031b7677f2,assistant,"La sección Empresas te permite explorar organizaciones registradas y abrir perfiles de empresa disponibles en la plataforma. Esto te ayuda a conocer más sobre las empresas, sus oportunidades laborales y su cultura.",companies_help,applicant_support_agent,"[{'title': 'Exploracion de empresas', 'domain': 'companies', 'sourceType': 'internal_static', 'sourceId': 'companies-listing'}]",,2026-06-22 05:40:10.283,0,
6a38cace9bf6db77526ffbc3,6a38c8ba9bf6db77526ffa44,69c0ad3d09d9ef031b7677f2,user,¿Cómo busco una empresa?,companies_help,applicant_support_agent,[],{'source': 'b2c-ai-widget'},2026-06-22 05:40:30.576,0,
6a38cacf9bf6db77526ffbc5,6a38c8ba9bf6db77526ffa44,69c0ad3d09d9ef031b7677f2,assistant,"Para buscar una empresa, puedes ir a la sección de ""Empresas"" en la plataforma. Allí podrás explorar organizaciones registradas y abrir los perfiles de las empresas disponibles.",companies_help,applicant_support_agent,"[{'title': 'Exploracion de empresas', 'domain': 'companies', 'sourceType': 'internal_static', 'sourceId': 'companies-listing'}]",,2026-06-22 05:40:31.659,0,
6a38cb069bf6db77526ffbd7,6a38c8ba9bf6db77526ffa44,69c0ad3d09d9ef031b7677f2,user,¿Puedo ver las vacantes de una empresa?,companies_help,applicant_support_agent,[],{'source': 'b2c-ai-widget'},2026-06-22 05:41:26.425,0,
6a38cb079bf6db77526ffbd9,6a38c8ba9bf6db77526ffa44,69c0ad3d09d9ef031b7677f2,assistant,"Sí, puedes ver las vacantes de una empresa. Desde la sección de Empresas, puedes explorar las organizaciones registradas y abrir los perfiles de las empresas disponibles en la plataforma. Te recomiendo que accedas a esa sección para obtener más información sobre las vacantes disponibles.",companies_help,applicant_support_agent,"[{'title': 'Exploracion de empresas', 'domain': 'companies', 'sourceType': 'internal_static', 'sourceId': 'companies-listing'}]",,2026-06-22 05:41:27.902,0,
6a38cb0e9bf6db77526ffbe3,6a38c8ba9bf6db77526ffa44,69c0ad3d09d9ef031b7677f2,user,¿Qué información aparece en el perfil de empresa?,companies_help,applicant_support_agent,[],{'source': 'b2c-ai-widget'},2026-06-22 05:41:34.614,0,
6a38cb0f9bf6db77526ffbe5,6a38c8ba9bf6db77526ffa44,69c0ad3d09d9ef031b7677f2,assistant,"En el perfil de empresa puedes encontrar información sobre las organizaciones registradas en la plataforma, incluyendo detalles como su descripción, sector, ubicación y oportunidades laborales disponibles. Si deseas explorar más sobre alguna empresa en particular, puedes hacerlo desde la sección de Empresas en la plataforma.",companies_help,applicant_support_agent,"[{'title': 'Exploracion de empresas', 'domain': 'companies', 'sourceType': 'internal_static', 'sourceId': 'companies-listing'}]",,2026-06-22 05:41:35.358,0,
6a38cb179bf6db77526ffbeb,6a38c8ba9bf6db77526ffa44,69c0ad3d09d9ef031b7677f2,user,¿Qué hago si una empresa no tiene vacantes?,job_search,applicant_support_agent,[],{'source': 'b2c-ai-widget'},2026-06-22 05:41:43.467,0,
6a38cb189bf6db77526ffbff,6a38c8ba9bf6db77526ffa44,69c0ad3d09d9ef031b7677f2,assistant,"Actualmente encontre 1 oferta laboral activa. Te muestro algunas opciones:

1. Ejecutivo Comercial Junior (Outbound)
 - Empresa: Laboral.AI
 - Modalidad: hibrido
 - Ubicacion: Barranco, Lima
 - Jornada/tipo: PRACTICE - FULL_TIME
 - Descripcion: Laboral.AI, empresa de reclutamiento y referente líder en el empleabilidad juvenil con impacto social.

Misión del Puesto:
Identificar, contactar y cerrar ventas de servicios de ""R...
 - Beneficios: - Aprendizaje
- Flexibilidad de Horario
- Trabajo por resultado
 - Vigencia: 30/6/2026

 Puedes abrir la seccion Empleos para revisar el detalle y postular.",job_search,applicant_support_agent,"[{'title': 'Busqueda de empleos', 'domain': 'jobs', 'sourceType': 'internal_static', 'sourceId': 'jobs-listing'}, {'title': 'Ejecutivo Comercial Junior (Outbound)', 'domain': 'jobs', 'sourceType': 'mongodb_collection'}]",,2026-06-22 05:41:44.953,0,
6a38cb2c9bf6db77526ffc09,6a38c8ba9bf6db77526ffa44,69c0ad3d09d9ef031b7677f2,user,¿Dónde veo mis postulaciones?,application_status,applicant_support_agent,[],{'source': 'b2c-ai-widget'},2026-06-22 05:42:04.289,0,
6a38cb2d9bf6db77526ffc0c,6a38c8ba9bf6db77526ffa44,69c0ad3d09d9ef031b7677f2,assistant,"Puedes ver tus postulaciones desde la sección ""Postulaciones"" en tu cuenta. Allí podrás revisar el detalle disponible de cada proceso. Actualmente, no tienes postulaciones en proceso ni finalizadas.",application_status,applicant_support_agent,"[{'title': 'Consulta de postulaciones', 'domain': 'applications', 'sourceType': 'internal_static', 'sourceId': 'my-applications'}, {'title': 'Resumen de postulaciones', 'domain': 'applications', 'sourceType': 'mongodb_collection', 'sourceId': 'applications'}]",,2026-06-22 05:42:05.140,0,
6a38cb3b9bf6db77526ffc16,6a38c8ba9bf6db77526ffa44,69c0ad3d09d9ef031b7677f2,user,¿Qué significa postulación finalizada?,application_status,applicant_support_agent,[],{'source': 'b2c-ai-widget'},2026-06-22 05:42:19.327,0,
6a38cb3c9bf6db77526ffc19,6a38c8ba9bf6db77526ffa44,69c0ad3d09d9ef031b7677f2,assistant,"La ""postulación finalizada"" significa que el proceso de selección para esa oferta de empleo ha concluido. Puedes revisar el estado de tus postulaciones desde la sección de Postulaciones en tu cuenta para obtener más detalles sobre cada proceso. Si necesitas más información, no dudes en preguntar.",application_status,applicant_support_agent,"[{'title': 'Consulta de postulaciones', 'domain': 'applications', 'sourceType': 'internal_static', 'sourceId': 'my-applications'}, {'title': 'Resumen de postulaciones', 'domain': 'applications', 'sourceType': 'mongodb_collection', 'sourceId': 'applications'}]",,2026-06-22 05:42:20.260,0,
6a38cb4c9bf6db77526ffc23,6a38c8ba9bf6db77526ffa44,69c0ad3d09d9ef031b7677f2,user,¿Qué debo hacer después de postular?,application_status,applicant_support_agent,[],{'source': 'b2c-ai-widget'},2026-06-22 05:42:36.397,0,
6a38cb4d9bf6db77526ffc26,6a38c8ba9bf6db77526ffa44,69c0ad3d09d9ef031b7677f2,assistant,"Después de postular, puedes revisar el estado de tus postulaciones desde la sección de ""Postulaciones"" en tu cuenta. Allí podrás consultar el detalle disponible de cada proceso. Si necesitas más información, no dudes en preguntar.",application_status,applicant_support_agent,"[{'title': 'Consulta de postulaciones', 'domain': 'applications', 'sourceType': 'internal_static', 'sourceId': 'my-applications'}, {'title': 'Resumen de postulaciones', 'domain': 'applications', 'sourceType': 'mongodb_collection', 'sourceId': 'applications'}]",,2026-06-22 05:42:37.157,0,
6a38cb5a9bf6db77526ffc2f,6a38cb5a9bf6db77526ffc2d,69c0ad3d09d9ef031b7677f2,user,¿Cómo me inscribo a un curso?,courses_sales,course_sales_agent,[],{'source': 'b2c-ai-widget'},2026-06-22 05:42:50.405,0,
6a38cb5b9bf6db77526ffc3d,6a38cb5a9bf6db77526ffc2d,69c0ad3d09d9ef031b7677f2,assistant,"Actualmente no encontre cursos especificos de como inscribo disponibles en la plataforma. Sin embargo, puedo mostrarte otros cursos disponibles o puedes revisar el catalogo completo en la seccion Cursos.",courses_sales,course_sales_agent,"[{'title': 'Consulta de cursos', 'domain': 'courses', 'sourceType': 'internal_static', 'sourceId': 'courses-listing'}]",,2026-06-22 05:42:51.379,0,
6a38cb659bf6db77526ffc47,6a38cb5a9bf6db77526ffc2d,69c0ad3d09d9ef031b7677f2,user,¿Cómo busco cursos?,courses_sales,course_sales_agent,[],{'source': 'b2c-ai-widget'},2026-06-22 05:43:01.388,0,
6a38cb669bf6db77526ffc55,6a38cb5a9bf6db77526ffc2d,69c0ad3d09d9ef031b7677f2,assistant,"Actualmente no encontre cursos especificos de como busco disponibles en la plataforma. Sin embargo, puedo mostrarte otros cursos disponibles o puedes revisar el catalogo completo en la seccion Cursos.",courses_sales,course_sales_agent,"[{'title': 'Consulta de cursos', 'domain': 'courses', 'sourceType': 'internal_static', 'sourceId': 'courses-listing'}]",,2026-06-22 05:43:02.512,0,
6a38cb6f9bf6db77526ffc5b,6a38cb5a9bf6db77526ffc2d,69c0ad3d09d9ef031b7677f2,user,¿Qué tipos de cursos hay?,courses_sales,course_sales_agent,[],{'source': 'b2c-ai-widget'},2026-06-22 05:43:11.321,0,
6a38cb709bf6db77526ffc6a,6a38cb5a9bf6db77526ffc2d,69c0ad3d09d9ef031b7677f2,assistant,"Actualmente no encontre cursos especificos de tipos disponibles en la plataforma. Sin embargo, puedo mostrarte otros cursos disponibles o puedes revisar el catalogo completo en la seccion Cursos.",courses_sales,course_sales_agent,"[{'title': 'Consulta de cursos', 'domain': 'courses', 'sourceType': 'internal_static', 'sourceId': 'courses-listing'}]",,2026-06-22 05:43:12.171,0,
6a38cb7a9bf6db77526ffc73,6a38cb5a9bf6db77526ffc2d,69c0ad3d09d9ef031b7677f2,user,¿Los cursos son gratuitos?,courses_sales,course_sales_agent,[],{'source': 'b2c-ai-widget'},2026-06-22 05:43:22.696,0,
6a38cb7c9bf6db77526ffc81,6a38cb5a9bf6db77526ffc2d,69c0ad3d09d9ef031b7677f2,assistant,"Actualmente encontre 5 cursos activos. Te muestro algunas opciones:

1. Ikigai
 - Descripcion: Identifica tu propósito personal con este framework, IKIGAI, que te servirá para guiar tu carrera profesional.
 - Duracion: 40 minutos
 - Modalidad: Virtual - Asíncrono
 - Instructor: Bryan Cerna
 - Precio: Gratis
 - Nivel: Básico
 - Certificado: No
 - Fecha de inicio: Acceso directo
 - Fecha de fin: 2026-12-30

2. Productividad en equipo con Google Workspace
 - Descripcion: ¡Conviértete en un héroe de la productividad! Aprende a centralizar tu centro de mando en Gmail, diseñar arquitecturas de tiempo en Calendar y automatizar el análisis de datos en S...
 - Duracion: 40 minutos
 - Modalidad: Virtual - Asíncrono
 - Instructor: Sofia Flores y José Pauyac
 - Precio: Gratis
 - Nivel: Básico
 - Certificado: Si
 - Fecha de inicio: Acceso directo
 - Fecha de fin: 2026-12-30

3. Negocia y Convence
 - Descripcion: Aprende a comunicar y persuadir a tu cliente con técnicas comerciles avanzadas.
 - Duracion: 40 minutos
 - Modalidad: Virtual - Asíncrono
 - Instructor: Nayeli Espinoza, Jeini Santamaria & Jairo Blas
 - Precio: Gratis
 - Nivel: Básico
 - Certificado: Si
 - Fecha de inicio: Acceso directo
 - Fecha de fin: 2026-12-30

Tambien hay mas cursos disponibles. Puedes pedirme 'muestrame mas cursos' o revisar el catalogo completo en la seccion Cursos.",courses_sales,course_sales_agent,"[{'title': 'Consulta de cursos', 'domain': 'courses', 'sourceType': 'internal_static', 'sourceId': 'courses-listing'}, {'title': 'Ikigai', 'domain': 'courses', 'sourceType': 'mongodb_collection'}, {'title': 'Productividad en equipo con Google Workspace', 'domain': 'courses', 'sourceType': 'mongodb_collection'}, {'title': 'Negocia y Convence', 'domain': 'courses', 'sourceType': 'mongodb_collection'}]",,2026-06-22 05:43:24.713,0,
6a38cb969bf6db77526ffc8b,6a38cb5a9bf6db77526ffc2d,69c0ad3d09d9ef031b7677f2,user,¿Los cursos entregan certificado?,courses_sales,course_sales_agent,[],{'source': 'b2c-ai-widget'},2026-06-22 05:43:50.361,0,
6a38cb979bf6db77526ffc99,6a38cb5a9bf6db77526ffc2d,69c0ad3d09d9ef031b7677f2,assistant,"Actualmente no encontre cursos especificos de entregan disponibles en la plataforma. Sin embargo, puedo mostrarte otros cursos disponibles o puedes revisar el catalogo completo en la seccion Cursos.",courses_sales,course_sales_agent,"[{'title': 'Consulta de cursos', 'domain': 'courses', 'sourceType': 'internal_static', 'sourceId': 'courses-listing'}]",,2026-06-22 05:43:51.436,0,
6a38cb9e9bf6db77526ffca3,6a38cb5a9bf6db77526ffc2d,69c0ad3d09d9ef031b7677f2,user,¿Cómo sé si un curso tiene certificado?,courses_sales,course_sales_agent,[],{'source': 'b2c-ai-widget'},2026-06-22 05:43:58.495,0,
6a38cb9f9bf6db77526ffcb1,6a38cb5a9bf6db77526ffc2d,69c0ad3d09d9ef031b7677f2,assistant,"Actualmente no encontre cursos especificos de como disponibles en la plataforma. Sin embargo, puedo mostrarte otros cursos disponibles o puedes revisar el catalogo completo en la seccion Cursos.",courses_sales,course_sales_agent,"[{'title': 'Consulta de cursos', 'domain': 'courses', 'sourceType': 'internal_static', 'sourceId': 'courses-listing'}]",,2026-06-22 05:43:59.998,0,
6a38cbac9bf6db77526ffcb8,6a38cb5a9bf6db77526ffc2d,69c0ad3d09d9ef031b7677f2,user,¿Dónde veo el instructor?,out_of_scope,boundary_guard,[],{'source': 'b2c-ai-widget'},2026-06-22 05:44:12.239,0,
6a38cbac9bf6db77526ffcbb,6a38cb5a9bf6db77526ffc2d,69c0ad3d09d9ef031b7677f2,assistant,"Por ahora solo puedo ayudarte con consultas relacionadas a laboral.ai, CV, empleos, postulaciones, empresas, cursos, eventos, perfil o inscripción.",out_of_scope,boundary_guard,[],,2026-06-22 05:44:12.331,0,
6a38cbc09bf6db77526ffcc5,6a38cb5a9bf6db77526ffc2d,69c0ad3d09d9ef031b7677f2,user,¿Donde veo los próximos eventos?,events_help,applicant_support_agent,[],{'source': 'b2c-ai-widget'},2026-06-22 05:44:32.313,0,
6a38cbc09bf6db77526ffcc9,6a38cb5a9bf6db77526ffc2d,69c0ad3d09d9ef031b7677f2,assistant,"Puedes ver los próximos eventos en la sección de ""Eventos"". Allí podrás revisar los eventos disponibles, abrir su detalle y registrarte cuando la opción esté habilitada.",events_help,applicant_support_agent,"[{'title': 'Consulta de eventos', 'domain': 'events', 'sourceType': 'internal_static', 'sourceId': 'events-listing'}]",,2026-06-22 05:44:32.943,0,
6a38cbcd9bf6db77526ffccf,6a38cb5a9bf6db77526ffc2d,69c0ad3d09d9ef031b7677f2,user,¿Qué eventos hay actualmente?,events_help,applicant_support_agent,[],{'source': 'b2c-ai-widget'},2026-06-22 05:44:45.569,0,
6a38cbce9bf6db77526ffcd1,6a38cb5a9bf6db77526ffc2d,69c0ad3d09d9ef031b7677f2,assistant,"Puedes revisar los eventos disponibles en la sección de Eventos. Allí podrás ver los detalles de cada evento y registrarte cuando la opción esté habilitada. Si necesitas más información específica sobre algún evento, házmelo saber.",events_help,applicant_support_agent,"[{'title': 'Consulta de eventos', 'domain': 'events', 'sourceType': 'internal_static', 'sourceId': 'events-listing'}]",,2026-06-22 05:44:46.621,0,
6a38cbe49bf6db77526ffcdb,6a38cb5a9bf6db77526ffc2d,69c0ad3d09d9ef031b7677f2,user,¿Cómo filtro eventos por modalidad?,events_help,applicant_support_agent,[],{'source': 'b2c-ai-widget'},2026-06-22 05:45:08.151,0,
6a38cbe59bf6db77526ffcdd,6a38cb5a9bf6db77526ffc2d,69c0ad3d09d9ef031b7677f2,assistant,"Para filtrar eventos por modalidad, puedes ir a la sección de Eventos, revisar los eventos disponibles y abrir el detalle de cada uno. Ahí podrás ver la modalidad y registrarte si la opción está habilitada. Si necesitas más ayuda, no dudes en preguntar.",events_help,applicant_support_agent,"[{'title': 'Consulta de eventos', 'domain': 'events', 'sourceType': 'internal_static', 'sourceId': 'events-listing'}]",,2026-06-22 05:45:09.256,0,
6a38cc039bf6db77526ffceb,6a38cb5a9bf6db77526ffc2d,69c0ad3d09d9ef031b7677f2,user,¿Los eventos son gratuitos?,events_help,applicant_support_agent,[],{'source': 'b2c-ai-widget'},2026-06-22 05:45:39.421,0,
6a38cc049bf6db77526ffced,6a38cb5a9bf6db77526ffc2d,69c0ad3d09d9ef031b7677f2,assistant,No tengo información específica sobre si los eventos son gratuitos. Te recomiendo revisar la sección de eventos disponibles en la plataforma para obtener detalles sobre cada uno.,events_help,applicant_support_agent,"[{'title': 'Consulta de eventos', 'domain': 'events', 'sourceType': 'internal_static', 'sourceId': 'events-listing'}]",,2026-06-22 05:45:40.493,0,
6a38cc109bf6db77526ffcf3,6a38cb5a9bf6db77526ffc2d,69c0ad3d09d9ef031b7677f2,user,¿Los eventos entregan certificado?,events_help,applicant_support_agent,[],{'source': 'b2c-ai-widget'},2026-06-22 05:45:52.105,0,
6a38cc119bf6db77526ffcf9,6a38cb5a9bf6db77526ffc2d,69c0ad3d09d9ef031b7677f2,assistant,No tengo información específica sobre si los eventos entregan certificado. Te recomiendo revisar los detalles de cada evento disponible en la sección de Eventos para obtener más información.,events_help,applicant_support_agent,"[{'title': 'Consulta de eventos', 'domain': 'events', 'sourceType': 'internal_static', 'sourceId': 'events-listing'}]",,2026-06-22 05:45:53.090,0,
6a38cc269bf6db77526ffd03,6a38cb5a9bf6db77526ffc2d,69c0ad3d09d9ef031b7677f2,user,¿Qué hago si un evento ya está cerrado?,events_help,applicant_support_agent,[],{'source': 'b2c-ai-widget'},2026-06-22 05:46:14.011,0,
6a38cc269bf6db77526ffd05,6a38cb5a9bf6db77526ffc2d,69c0ad3d09d9ef031b7677f2,assistant,"Si un evento ya está cerrado, no podrás registrarte. Te recomiendo que revises regularmente la sección de eventos para estar al tanto de nuevas oportunidades y futuras fechas.",events_help,applicant_support_agent,"[{'title': 'Consulta de eventos', 'domain': 'events', 'sourceType': 'internal_static', 'sourceId': 'events-listing'}]",,2026-06-22 05:46:14.868,0,
6a38cc2b9bf6db77526ffd0b,6a38cb5a9bf6db77526ffc2d,69c0ad3d09d9ef031b7677f2,user,¿Para qué sirven los créditos?,out_of_scope,boundary_guard,[],{'source': 'b2c-ai-widget'},2026-06-22 05:46:19.865,0,
6a38cc2b9bf6db77526ffd0d,6a38cb5a9bf6db77526ffc2d,69c0ad3d09d9ef031b7677f2,assistant,"Por ahora solo puedo ayudarte con consultas relacionadas a laboral.ai, CV, empleos, postulaciones, empresas, cursos, eventos, perfil o inscripción.",out_of_scope,boundary_guard,[],,2026-06-22 05:46:19.956,0,
6a38cc3d9bf6db77526ffd17,6a38cb5a9bf6db77526ffc2d,69c0ad3d09d9ef031b7677f2,user,¿Cómo compro créditos?,support_platform,applicant_support_agent,[],{'source': 'b2c-ai-widget'},2026-06-22 05:46:37.828,0,
6a38cc3f9bf6db77526ffd1a,6a38cb5a9bf6db77526ffc2d,69c0ad3d09d9ef031b7677f2,assistant,"Para comprar créditos, debes acceder al panel postulante desde el menú principal. Ahí encontrarás la opción correspondiente para realizar la compra. Si necesitas más detalles específicos sobre el proceso, te recomiendo revisar la sección de ayuda en la plataforma.",support_platform,applicant_support_agent,"[{'title': 'Uso general del panel postulante', 'domain': 'support', 'sourceType': 'internal_static', 'sourceId': 'support-panel-b2c'}, {'title': 'Perfil autenticado', 'domain': 'profile', 'sourceType': 'mongodb_collection', 'sourceId': 'users'}]",,2026-06-22 05:46:39.076,0,
6a38cc469bf6db77526ffd20,6a38cb5a9bf6db77526ffc2d,69c0ad3d09d9ef031b7677f2,user,¿Puedo pagar con Yape?,support_platform,applicant_support_agent,[],{'source': 'b2c-ai-widget'},2026-06-22 05:46:46.482,0,
6a38cc479bf6db77526ffd23,6a38cb5a9bf6db77526ffc2d,69c0ad3d09d9ef031b7677f2,assistant,No tengo información específica sobre los métodos de pago disponibles en la plataforma. Te recomiendo que revises directamente en el panel de postulante o en la sección de pagos para obtener más detalles sobre las opciones disponibles.,support_platform,applicant_support_agent,"[{'title': 'Uso general del panel postulante', 'domain': 'support', 'sourceType': 'internal_static', 'sourceId': 'support-panel-b2c'}, {'title': 'Perfil autenticado', 'domain': 'profile', 'sourceType': 'mongodb_collection', 'sourceId': 'users'}]",,2026-06-22 05:46:47.172,0,
6a38cc6e9bf6db77526ffd31,6a38cb5a9bf6db77526ffc2d,69c0ad3d09d9ef031b7677f2,user,¿Cuántos créditos cuesta el feedback?,courses_sales,course_sales_agent,[],{'source': 'b2c-ai-widget'},2026-06-22 05:47:26.394,0,
6a38cc6f9bf6db77526ffd3f,6a38cb5a9bf6db77526ffc2d,69c0ad3d09d9ef031b7677f2,assistant,"Actualmente no encontre cursos especificos de cuantos creditos cuesta feedback disponibles en la plataforma. Sin embargo, puedo mostrarte otros cursos disponibles o puedes revisar el catalogo completo en la seccion Cursos.",courses_sales,course_sales_agent,"[{'title': 'Consulta de cursos', 'domain': 'courses', 'sourceType': 'internal_static', 'sourceId': 'courses-listing'}]",,2026-06-22 05:47:27.350,0,
6a38cc739bf6db77526ffd45,6a38cb5a9bf6db77526ffc2d,69c0ad3d09d9ef031b7677f2,user,¿Cuál es la diferencia entre planes y créditos?,out_of_scope,boundary_guard,[],{'source': 'b2c-ai-widget'},2026-06-22 05:47:31.613,0,
6a38cc739bf6db77526ffd47,6a38cb5a9bf6db77526ffc2d,69c0ad3d09d9ef031b7677f2,assistant,"Por ahora solo puedo ayudarte con consultas relacionadas a laboral.ai, CV, empleos, postulaciones, empresas, cursos, eventos, perfil o inscripción.",out_of_scope,boundary_guard,[],,2026-06-22 05:47:31.706,0,
6a38cc7b9bf6db77526ffd51,6a38cb5a9bf6db77526ffc2d,69c0ad3d09d9ef031b7677f2,user,¿Cuántos créditos cuesta reanalizar mi CV?,cv_help,applicant_support_agent,[],{'source': 'b2c-ai-widget'},2026-06-22 05:47:39.026,0,
6a38cc7c9bf6db77526ffd54,6a38cb5a9bf6db77526ffc2d,69c0ad3d09d9ef031b7677f2,assistant,No tengo información sobre créditos para reanalizar tu CV. Te recomiendo revisar la sección de Curriculum Vitae en la plataforma para más detalles sobre las opciones disponibles.,cv_help,applicant_support_agent,"[{'title': 'Gestion de Curriculum Vitae', 'domain': 'cv', 'sourceType': 'internal_static', 'sourceId': 'cv-dashboard'}, {'title': 'CVs del usuario', 'domain': 'cv', 'sourceType': 'mongodb_collection', 'sourceId': 'cvs'}]",,2026-06-22 05:47:40.073,0,
6a38cc849bf6db77526ffd5a,6a38cb5a9bf6db77526ffc2d,69c0ad3d09d9ef031b7677f2,user,¿Qué hago si mi pago no se refleja?,human_handoff,human_handoff,[],{'source': 'b2c-ai-widget'},2026-06-22 05:47:48.441,0,
6a38cc849bf6db77526ffd5c,6a38cb5a9bf6db77526ffc2d,69c0ad3d09d9ef031b7677f2,assistant,"Entiendo que necesitas ayuda personalizada. Registré esta conversación como requerimiento para atención humana. Por favor describe brevemente el problema y evita compartir contraseñas, tokens o datos sensibles.",human_handoff,human_handoff,[],,2026-06-22 05:47:48.534,0,
6a392ba61f5c33f0bd36a044,6a392ba61f5c33f0bd36a042,68265ffee35d855e7f207991,user,Cómo postular a una oferta laboral,job_search,applicant_support_agent,[],{'source': 'b2c-ai-widget'},2026-06-22 12:33:42.813,0,
6a392ba61f5c33f0bd36a046,6a392ba61f5c33f0bd36a042,68265ffee35d855e7f207991,assistant,"Para postular a una oferta laboral en laboral.ai:

1. Ingresa a la seccion Empleos.
2. Abre la oferta que te interesa para revisar el detalle, requisitos y condiciones publicadas.
3. Verifica que tienes un CV principal actualizado en la seccion Curriculum Vitae.
4. Presiona la opcion de postular dentro del detalle de la oferta.
5. Completa la informacion solicitada y confirma tu postulacion.

Luego puedes revisar el estado de tus procesos en la seccion Mis postulaciones.",job_search,applicant_support_agent,"[{'title': 'Busqueda de empleos', 'domain': 'jobs', 'sourceType': 'internal_static', 'sourceId': 'jobs-listing'}]",,2026-06-22 12:33:42.920,0,
6a3d7e89e681ba17266fa2ff,6a3d7e89e681ba17266fa2fd,6a3d79f1e681ba17266fa1e8,user,Muéstrame cursos disponibles,courses_sales,course_sales_agent,[],{'source': 'b2c-ai-widget'},2026-06-25 19:16:25.919,0,
6a3d7e8ce681ba17266fa30e,6a3d7e89e681ba17266fa2fd,6a3d79f1e681ba17266fa1e8,assistant,"Actualmente encontre 6 cursos activos. Te muestro algunas opciones:

1. Mentalidad de Líder
 - Descripcion: 𝗠𝗲𝗻𝘁𝗮𝗹𝗶𝗱𝗮𝗱 𝗱𝗲 𝗟𝗶́𝗱𝗲𝗿

Desarrolla las habilidades y la mentalidad necesarias para liderar, influir positivamente en otros y afrontar desafíos con una visión de crec...
 - Duracion: 1 horas
 - Modalidad: Virtual - Síncrono
 - Instructor: Kevin Masquez
 - Precio: Gratis
 - Nivel: Básico
 - Certificado: No
 - Fecha de inicio: 2026-06-29
 - Fecha de fin: 2026-06-29
 - Sesiones: 1 sesiones

2. Ikigai
 - Descripcion: Identifica tu propósito personal con este framework, IKIGAI, que te servirá para guiar tu carrera profesional.
 - Duracion: 40 minutos
 - Modalidad: Virtual - Asíncrono
 - Instructor: Bryan Cerna
 - Precio: Gratis
 - Nivel: Básico
 - Certificado: No
 - Fecha de inicio: Acceso directo
 - Fecha de fin: 2026-12-30

3. Productividad en equipo con Google Workspace
 - Descripcion: ¡Conviértete en un héroe de la productividad! Aprende a centralizar tu centro de mando en Gmail, diseñar arquitecturas de tiempo en Calendar y automatizar el análisis de datos en S...
 - Duracion: 40 minutos
 - Modalidad: Virtual - Asíncrono
 - Instructor: Sofia Flores y José Pauyac
 - Precio: Gratis
 - Nivel: Básico
 - Certificado: Si
 - Fecha de inicio: Acceso directo
 - Fecha de fin: 2026-12-30

Tambien hay mas cursos disponibles. Puedes pedirme 'muestrame mas cursos' o revisar el catalogo completo en la seccion Cursos.",courses_sales,course_sales_agent,"[{'title': 'Consulta de cursos', 'domain': 'courses', 'sourceType': 'internal_static', 'sourceId': 'courses-listing'}, {'title': 'Mentalidad de Líder', 'domain': 'courses', 'sourceType': 'mongodb_collection'}, {'title': 'Ikigai', 'domain': 'courses', 'sourceType': 'mongodb_collection'}, {'title': 'Productividad en equipo con Google Workspace', 'domain': 'courses', 'sourceType': 'mongodb_collection'}]",,2026-06-25 19:16:28.526,0,
6a4016440956ae330a7b7833,6a4016440956ae330a7b7830,6a4015f90956ae330a7b77dc,user,Cómo postular a una oferta laboral,job_search,applicant_support_agent,[],{'source': 'b2c-ai-widget'},2026-06-27 18:28:20.228,0,
6a4016440956ae330a7b7836,6a4016440956ae330a7b7830,6a4015f90956ae330a7b77dc,assistant,"Para postular a una oferta laboral en laboral.ai:

1. Ingresa a la seccion Empleos.
2. Abre la oferta que te interesa para revisar el detalle, requisitos y condiciones publicadas.
3. Verifica que tienes un CV principal actualizado en la seccion Curriculum Vitae.
4. Presiona la opcion de postular dentro del detalle de la oferta.
5. Completa la informacion solicitada y confirma tu postulacion.

Luego puedes revisar el estado de tus procesos en la seccion Mis postulaciones.",job_search,applicant_support_agent,"[{'title': 'Busqueda de empleos', 'domain': 'jobs', 'sourceType': 'internal_static', 'sourceId': 'jobs-listing'}]",,2026-06-27 18:28:20.330,0,
6a40164d0956ae330a7b7844,6a4016440956ae330a7b7830,6a4015f90956ae330a7b77dc,user,que Modelo eres,out_of_scope,boundary_guard,[],{'source': 'b2c-ai-widget'},2026-06-27 18:28:29.279,0,
6a40164d0956ae330a7b7846,6a4016440956ae330a7b7830,6a4015f90956ae330a7b77dc,assistant,"Por ahora solo puedo ayudarte con consultas relacionadas a laboral.ai, CV, empleos, postulaciones, empresas, cursos, eventos, perfil o inscripción.",out_of_scope,boundary_guard,[],,2026-06-27 18:28:29.363,0,
6a40165a0956ae330a7b7852,6a4016440956ae330a7b7830,6a4015f90956ae330a7b77dc,user,Gemini gpt o Claude,out_of_scope,boundary_guard,[],{'source': 'b2c-ai-widget'},2026-06-27 18:28:42.365,0,
6a40165a0956ae330a7b7854,6a4016440956ae330a7b7830,6a4015f90956ae330a7b77dc,assistant,"Por ahora solo puedo ayudarte con consultas relacionadas a laboral.ai, CV, empleos, postulaciones, empresas, cursos, eventos, perfil o inscripción.",out_of_scope,boundary_guard,[],,2026-06-27 18:28:42.451,0,
6a406a52f9d1613ea7fe30ce,6a406a52f9d1613ea7fe30cc,66bab0c9db5c98b2ee748847,user,quiero consultar sobre cómo hacer un examen de autoconocimiento.,out_of_scope,boundary_guard,[],{'source': 'b2c-ai-widget'},2026-06-28 00:26:58.323,0,
6a406a52f9d1613ea7fe30d0,6a406a52f9d1613ea7fe30cc,66bab0c9db5c98b2ee748847,assistant,"Por ahora solo puedo ayudarte con consultas relacionadas a laboral.ai, CV, empleos, postulaciones, empresas, cursos, eventos, perfil o inscripción.",out_of_scope,boundary_guard,[],,2026-06-28 00:26:58.422,0,
6a406a63f9d1613ea7fe30e7,6a406a52f9d1613ea7fe30cc,66bab0c9db5c98b2ee748847,user,quiero hacer mi cv,cv_help,applicant_support_agent,[],{'source': 'b2c-ai-widget'},2026-06-28 00:27:15.806,0,
6a406a65f9d1613ea7fe30ea,6a406a52f9d1613ea7fe30cc,66bab0c9db5c98b2ee748847,assistant,"Para hacer tu CV, puedes crear uno nuevo, subir uno existente o actualizar los que ya tienes. Actualmente, tienes tres CVs, de los cuales uno es tu CV principal: ""Juan Pablo Sinarahua_CV"". 

Si deseas crear o actualizar un CV, accede a la sección de Curriculum Vitae en la plataforma y sigue las instrucciones. Si necesitas más ayuda, házmelo saber.",cv_help,applicant_support_agent,"[{'title': 'Gestion de Curriculum Vitae', 'domain': 'cv', 'sourceType': 'internal_static', 'sourceId': 'cv-dashboard'}, {'title': 'CVs del usuario', 'domain': 'cv', 'sourceType': 'mongodb_collection', 'sourceId': 'cvs'}]",,2026-06-28 00:27:17.128,0,
6a406bc8f9d1613ea7fe3381,6a406bc8f9d1613ea7fe337f,6a406a30f9d1613ea7fe3095,user,Como puedo dar el examen de autoconocimiento?,courses_sales,course_sales_agent,[],{'source': 'b2c-ai-widget'},2026-06-28 00:33:12.598,0,
6a406bcbf9d1613ea7fe3390,6a406bc8f9d1613ea7fe337f,6a406a30f9d1613ea7fe3095,assistant,"Actualmente encontre 2 cursos activos. Te muestro algunas opciones:

1. Mentalidad de Líder
 - Descripcion: 𝗠𝗲𝗻𝘁𝗮𝗹𝗶𝗱𝗮𝗱 𝗱𝗲 𝗟𝗶́𝗱𝗲𝗿

Desarrolla las habilidades y la mentalidad necesarias para liderar, influir positivamente en otros y afrontar desafíos con una visión de crec...
 - Duracion: 1 horas
 - Modalidad: Virtual - Síncrono
 - Instructor: Kevin Masquez
 - Precio: Gratis
 - Nivel: Básico
 - Certificado: No
 - Fecha de inicio: 2026-06-29
 - Fecha de fin: 2026-06-29
 - Sesiones: 1 sesiones

2. Productividad en equipo con Google Workspace
 - Descripcion: ¡Conviértete en un héroe de la productividad! Aprende a centralizar tu centro de mando en Gmail, diseñar arquitecturas de tiempo en Calendar y automatizar el análisis de datos en S...
 - Duracion: 40 minutos
 - Modalidad: Virtual - Asíncrono
 - Instructor: Sofia Flores y José Pauyac
 - Precio: Gratis
 - Nivel: Básico
 - Certificado: Si
 - Fecha de inicio: Acceso directo
 - Fecha de fin: 2026-12-30

 Puedes abrir la seccion Cursos para revisar el detalle publicado.",courses_sales,course_sales_agent,"[{'title': 'Consulta de cursos', 'domain': 'courses', 'sourceType': 'internal_static', 'sourceId': 'courses-listing'}, {'title': 'Mentalidad de Líder', 'domain': 'courses', 'sourceType': 'mongodb_collection'}, {'title': 'Productividad en equipo con Google Workspace', 'domain': 'courses', 'sourceType': 'mongodb_collection'}]",,2026-06-28 00:33:15.307,0,
6a406d41f9d1613ea7fe34ad,6a406bc8f9d1613ea7fe337f,6a406a30f9d1613ea7fe3095,user,"Como puedo armar mi cv, donde veo la estructura",cv_help,applicant_support_agent,[],{'source': 'b2c-ai-widget'},2026-06-28 00:39:29.956,0,
6a406d43f9d1613ea7fe34b4,6a406bc8f9d1613ea7fe337f,6a406a30f9d1613ea7fe3095,assistant,"Para armar tu CV, puedes utilizar la sección de ""Curriculum Vitae"" en la plataforma. Allí podrás crear, subir y actualizar tu CV. Si necesitas ayuda con la estructura, te recomiendo que busques ejemplos de CV en línea o plantillas que te guíen en el formato y contenido. Si tienes más preguntas específicas sobre cómo proceder, no dudes en preguntar.",cv_help,applicant_support_agent,"[{'title': 'Gestion de Curriculum Vitae', 'domain': 'cv', 'sourceType': 'internal_static', 'sourceId': 'cv-dashboard'}, {'title': 'CVs del usuario', 'domain': 'cv', 'sourceType': 'mongodb_collection', 'sourceId': 'cvs'}]",,2026-06-28 00:39:31.443,0,
6a415c369940c78c8dd29461,6a415c369940c78c8dd2945f,6a415bac9940c78c8dd2943f,user,Quiero ayuda para mejorar mi CV,cv_help,applicant_support_agent,[],{'source': 'b2c-ai-widget'},2026-06-28 17:39:02.721,0,
6a415c389940c78c8dd29464,6a415c369940c78c8dd2945f,6a415bac9940c78c8dd2943f,assistant,"Para mejorar tu CV, te recomiendo utilizar la herramienta Feedback que analiza tu CV y te proporciona un score, así como sugerencias de mejoras. 

Si necesitas modificar información personal, puedes hacerlo desde la sección ""Información Personal"" en la plataforma. Allí podrás actualizar tu nombre, apellidos, profesión, correo, LinkedIn, entre otros.

Si tienes más preguntas o necesitas ayuda específica, no dudes en preguntar.",cv_help,applicant_support_agent,"[{'title': 'Gestion de Curriculum Vitae', 'domain': 'cv', 'sourceType': 'internal_static', 'sourceId': 'cv-dashboard'}, {'title': 'Feedback de CV', 'domain': 'cv_editor', 'sourceType': 'internal_static', 'sourceId': 'cv-editor-feedback'}, {'title': 'Información Personal en CV Editor', 'domain': 'cv_editor', 'sourceType': 'internal_static', 'sourceId': 'cv-editor-personal-info'}, {'title': 'CVs del usuario', 'domain': 'cv', 'sourceType': 'mongodb_collection', 'sourceId': 'cvs'}]",,2026-06-28 17:39:04.257,0,
6a4176539940c78c8dd29599,6a4176539940c78c8dd29597,687711a049fccafa69055cb8,user,Holap,cv_help,applicant_support_agent,[],{'source': 'b2c-ai-widget'},2026-06-28 19:30:27.829,0,
6a4176549940c78c8dd2959c,6a4176539940c78c8dd29597,687711a049fccafa69055cb8,assistant,"¡Hola! ¿En qué puedo ayudarte con tu CV? Si necesitas modificar información personal, agregar estudios o experiencias laborales, puedo guiarte en el proceso.",cv_help,applicant_support_agent,"[{'title': 'Información Personal en CV Editor', 'domain': 'cv_editor', 'sourceType': 'internal_static', 'sourceId': 'cv-editor-personal-info'}, {'title': 'Educación en CV Editor', 'domain': 'cv_editor', 'sourceType': 'internal_static', 'sourceId': 'cv-editor-education'}, {'title': 'Experiencia en CV Editor', 'domain': 'cv_editor', 'sourceType': 'internal_static', 'sourceId': 'cv-editor-experience'}, {'title': 'CVs del usuario', 'domain': 'cv', 'sourceType': 'mongodb_collection', 'sourceId': 'cvs'}]",,2026-06-28 19:30:28.808,0,
6a4176619940c78c8dd295a2,6a4176539940c78c8dd29597,687711a049fccafa69055cb8,user,Ayudame en el apartado de editor de cv,cv_help,applicant_support_agent,[],{'source': 'b2c-ai-widget'},2026-06-28 19:30:41.958,0,
6a4176649940c78c8dd295a5,6a4176539940c78c8dd29597,687711a049fccafa69055cb8,assistant,"Para ayudarte en el apartado del editor de CV, aquí tienes algunas instrucciones:

1. **Información Personal**: Puedes modificar tu nombre, apellidos, profesión, acerca de mí, correo, LinkedIn, página web, lugar y celular desde esta sección. Los cambios se reflejarán en la vista previa del CV.

2. **Educación**: Para agregar estudios, ve a la pestaña de Educación y haz clic en el botón “+”. Completa los campos requeridos como tipo de educación, centro de estudios, carrera/curso y fechas de inicio/fin. Si estás cursando algo actualmente, activa la opción ""En progreso"".

3. **Experiencia**: En la pestaña de Experiencia, puedes agregar experiencias laborales, actividades extracurriculares y proyectos. Completa la información de la empresa, cargo, fechas y descripción. Si la experiencia sigue activa, asegúrate de activar el switch ""En progreso"".

Si necesitas más ayuda, no dudes en preguntar.",cv_help,applicant_support_agent,"[{'title': 'Información Personal en CV Editor', 'domain': 'cv_editor', 'sourceType': 'internal_static', 'sourceId': 'cv-editor-personal-info'}, {'title': 'Educación en CV Editor', 'domain': 'cv_editor', 'sourceType': 'internal_static', 'sourceId': 'cv-editor-education'}, {'title': 'Experiencia en CV Editor', 'domain': 'cv_editor', 'sourceType': 'internal_static', 'sourceId': 'cv-editor-experience'}, {'title': 'CVs del usuario', 'domain': 'cv', 'sourceType': 'mongodb_collection', 'sourceId': 'cvs'}]",,2026-06-28 19:30:44.273,0,
6a4176899940c78c8dd295ab,6a4176539940c78c8dd29597,687711a049fccafa69055cb8,user,"ya tengo mi curricuulum aqui, no se si lo puedas ver, pero ya estoy dentro de lapartar",cv_help,applicant_support_agent,[],{'source': 'b2c-ai-widget'},2026-06-28 19:31:21.666,0,
6a41768b9940c78c8dd295ae,6a4176539940c78c8dd29597,687711a049fccafa69055cb8,assistant,"Para realizar cambios en tu currículum, sigue estos pasos:

1. **Información Personal**: Ve a la sección de Información Personal para modificar tu nombre, apellidos, profesión, correo, LinkedIn, etc.

2. **Agregar Estudios**: En la pestaña Educación, haz clic en el botón “+” para agregar nuevos estudios. Completa los campos requeridos como tipo de educación, centro de estudios, carrera/curso y fechas. Puedes marcar la opción ""En progreso"" si aún estás cursando.

3. **Agregar Experiencias**: En la pestaña Experiencia, también puedes hacer clic en “+” para añadir experiencias laborales. Completa la información de la empresa, cargo, fechas y descripción. Recuerda usar el switch ""En progreso"" si la experiencia sigue activa.

Si necesitas más ayuda, no dudes en preguntar.",cv_help,applicant_support_agent,"[{'title': 'Información Personal en CV Editor', 'domain': 'cv_editor', 'sourceType': 'internal_static', 'sourceId': 'cv-editor-personal-info'}, {'title': 'Educación en CV Editor', 'domain': 'cv_editor', 'sourceType': 'internal_static', 'sourceId': 'cv-editor-education'}, {'title': 'Experiencia en CV Editor', 'domain': 'cv_editor', 'sourceType': 'internal_static', 'sourceId': 'cv-editor-experience'}, {'title': 'CVs del usuario', 'domain': 'cv', 'sourceType': 'mongodb_collection', 'sourceId': 'cvs'}]",,2026-06-28 19:31:23.930,0,
6a41769c9940c78c8dd295b4,6a4176539940c78c8dd29597,687711a049fccafa69055cb8,user,ya tengo mi curriculum cargado,cv_help,applicant_support_agent,[],{'source': 'b2c-ai-widget'},2026-06-28 19:31:40.671,0,
6a41769d9940c78c8dd295b7,6a4176539940c78c8dd29597,687711a049fccafa69055cb8,assistant,"Tienes tres currículums cargados. El principal es ""CV_Rafael_Alonso_Garcia_Castillejo.pdf"". 

Si deseas realizar cambios, puedes seleccionar el CV que quieras editar desde la sección de Curriculum Vitae. Si necesitas ayuda específica sobre cómo hacer cambios, házmelo saber.",cv_help,applicant_support_agent,"[{'title': 'Gestion de Curriculum Vitae', 'domain': 'cv', 'sourceType': 'internal_static', 'sourceId': 'cv-dashboard'}, {'title': 'CVs del usuario', 'domain': 'cv', 'sourceType': 'mongodb_collection', 'sourceId': 'cvs'}]",,2026-06-28 19:31:41.881,0,
6a4176b29940c78c8dd295cf,6a4176539940c78c8dd29597,687711a049fccafa69055cb8,user,ya estoy dentro,cv_help,applicant_support_agent,[],{'source': 'b2c-ai-widget'},2026-06-28 19:32:02.296,0,
6a4176b49940c78c8dd295d2,6a4176539940c78c8dd29597,687711a049fccafa69055cb8,assistant,"Perfecto, ya que estás dentro, aquí tienes cómo realizar cambios en tu CV:

1. **Información Personal**: Ve a la sección ""Información Personal"" para modificar tu nombre, apellidos, profesión, acerca de mí, correo, LinkedIn, página web, lugar y celular. Los cambios se reflejarán en la vista previa del CV.

2. **Agregar Estudios**: Dirígete a la pestaña ""Educación"" y haz clic en el botón “+” para agregar estudios. Completa los campos requeridos como tipo de educación, centro de estudios, carrera/curso y fechas. Puedes marcar la opción ""En progreso"" si aún estás estudiando.

3. **Agregar Experiencias**: En la pestaña ""Experiencia"", puedes añadir experiencias laborales, actividades extracurriculares y proyectos. Completa la información de la empresa, cargo, fechas y descripción. Recuerda usar el switch ""En progreso"" si la experiencia sigue activa.

Si necesitas más ayuda, no dudes en preguntar.",cv_help,applicant_support_agent,"[{'title': 'Información Personal en CV Editor', 'domain': 'cv_editor', 'sourceType': 'internal_static', 'sourceId': 'cv-editor-personal-info'}, {'title': 'Educación en CV Editor', 'domain': 'cv_editor', 'sourceType': 'internal_static', 'sourceId': 'cv-editor-education'}, {'title': 'Experiencia en CV Editor', 'domain': 'cv_editor', 'sourceType': 'internal_static', 'sourceId': 'cv-editor-experience'}, {'title': 'CVs del usuario', 'domain': 'cv', 'sourceType': 'mongodb_collection', 'sourceId': 'cvs'}]",,2026-06-28 19:32:04.693,0,
6a41b06438b8fff9e3ffa4c1,6a41b06438b8fff9e3ffa4bf,6a407bb6f9d1613ea7fe3c82,user,me dieron un codigo ocmo lo uso?,enrollment_help,course_sales_agent,[],{'source': 'b2c-ai-widget'},2026-06-28 23:38:12.825,0,
6a41b06438b8fff9e3ffa4c3,6a41b06438b8fff9e3ffa4bf,6a407bb6f9d1613ea7fe3c82,assistant,"Para inscribirte a un curso en laboral.ai:

1. Ingresa a la seccion Cursos.
2. Busca un curso de tu interes usando la barra de busqueda o aplica filtros por tipo o modalidad.
3. Selecciona el curso que prefieras para abrir el detalle.
4. Revisa la informacion publica del curso: descripcion, modalidad, duracion, precio y certificado si aplica.
5. Haz clic en el boton Registrar o Inscribirme.
6. Completa los datos o pasos que te solicite la plataforma.
7. Si el curso requiere pago, sigue el flujo de pago indicado; si es gratuito, la plataforma continuara con el registro correspondiente.

Luego podras revisar tus cursos o inscripciones desde la seccion Cursos.",enrollment_help,course_sales_agent,"[{'title': 'Ayuda con inscripcion a cursos', 'domain': 'courses', 'sourceType': 'internal_static', 'sourceId': 'course-enrollment'}]",,2026-06-28 23:38:12.915,0,
6a41b07b38b8fff9e3ffa4cd,6a41b06438b8fff9e3ffa4bf,6a407bb6f9d1613ea7fe3c82,user,me dieron un código,cv_help,applicant_support_agent,[],{'source': 'b2c-ai-widget'},2026-06-28 23:38:35.660,0,
6a41b07d38b8fff9e3ffa4d0,6a41b06438b8fff9e3ffa4bf,6a407bb6f9d1613ea7fe3c82,assistant,"Para agregar estudios a tu CV, sigue estos pasos:

1. Ve a la pestaña ""Educación"" en el editor de tu CV.
2. Haz clic en el botón ""+"" para añadir un nuevo estudio.
3. Completa los campos requeridos: tipo de educación, centro de estudios, carrera/curso, fecha de inicio/fin y selecciona la opción ""En progreso"" si aplica.

Recuerda que los cambios se reflejarán en la vista previa de tu CV. Si necesitas más ayuda, no dudes en preguntar.",cv_help,applicant_support_agent,"[{'title': 'Gestion de Curriculum Vitae', 'domain': 'cv', 'sourceType': 'internal_static', 'sourceId': 'cv-dashboard'}, {'title': 'Información Personal en CV Editor', 'domain': 'cv_editor', 'sourceType': 'internal_static', 'sourceId': 'cv-editor-personal-info'}, {'title': 'Educación en CV Editor', 'domain': 'cv_editor', 'sourceType': 'internal_static', 'sourceId': 'cv-editor-education'}, {'title': 'CVs del usuario', 'domain': 'cv', 'sourceType': 'mongodb_collection', 'sourceId': 'cvs'}]",,2026-06-28 23:38:37.026,0,
6a41b08638b8fff9e3ffa4da,6a41b06438b8fff9e3ffa4bf,6a407bb6f9d1613ea7fe3c82,user,oye,cv_help,applicant_support_agent,[],{'source': 'b2c-ai-widget'},2026-06-28 23:38:46.008,0,
6a41b08738b8fff9e3ffa4dd,6a41b06438b8fff9e3ffa4bf,6a407bb6f9d1613ea7fe3c82,assistant,"Hola, para agregar estudios a tu CV, sigue estos pasos:

1. Ve a la pestaña ""Educación"".
2. Haz clic en el botón ""+"" para agregar un nuevo estudio.
3. Completa la información requerida: tipo de educación, centro de estudios, carrera/curso, fecha de inicio/fin y si está ""En progreso"".

Recuerda que los cambios se reflejarán en la vista previa de tu CV. Si necesitas más ayuda, házmelo saber.",cv_help,applicant_support_agent,"[{'title': 'Gestion de Curriculum Vitae', 'domain': 'cv', 'sourceType': 'internal_static', 'sourceId': 'cv-dashboard'}, {'title': 'Información Personal en CV Editor', 'domain': 'cv_editor', 'sourceType': 'internal_static', 'sourceId': 'cv-editor-personal-info'}, {'title': 'Educación en CV Editor', 'domain': 'cv_editor', 'sourceType': 'internal_static', 'sourceId': 'cv-editor-education'}, {'title': 'CVs del usuario', 'domain': 'cv', 'sourceType': 'mongodb_collection', 'sourceId': 'cvs'}]",,2026-06-28 23:38:47.330,0,
6a41b11138b8fff9e3ffa50a,6a41b06438b8fff9e3ffa4bf,6a407bb6f9d1613ea7fe3c82,user,borrar cuenta,profile_account,applicant_support_agent,[],{'source': 'b2c-ai-widget'},2026-06-28 23:41:05.308,0,
6a41b11238b8fff9e3ffa50d,6a41b06438b8fff9e3ffa4bf,6a407bb6f9d1613ea7fe3c82,assistant,"Para borrar tu cuenta, debes dirigirte a la sección de ""Mi Perfil y Configuración"". Allí encontrarás las opciones para gestionar tu cuenta. Si necesitas más ayuda, te recomiendo contactar al soporte humano.",profile_account,applicant_support_agent,"[{'title': 'Perfil y cuenta', 'domain': 'profile', 'sourceType': 'internal_static', 'sourceId': 'profile-settings'}, {'title': 'Perfil autenticado', 'domain': 'profile', 'sourceType': 'mongodb_collection', 'sourceId': 'users'}]",,2026-06-28 23:41:06.349,0,
6a41b1a538b8fff9e3ffa580,6a41b06438b8fff9e3ffa4bf,6a407bb6f9d1613ea7fe3c82,user,borrar mi cuenta,profile_account,applicant_support_agent,[],{'source': 'b2c-ai-widget'},2026-06-28 23:43:33.969,0,
6a41b1a738b8fff9e3ffa583,6a41b06438b8fff9e3ffa4bf,6a407bb6f9d1613ea7fe3c82,assistant,"Para borrar tu cuenta, te recomiendo que contactes al soporte humano, ya que no puedes realizar esta acción directamente desde la plataforma. Puedes acceder a la sección de ayuda o soporte para obtener asistencia.",profile_account,applicant_support_agent,"[{'title': 'Perfil y cuenta', 'domain': 'profile', 'sourceType': 'internal_static', 'sourceId': 'profile-settings'}, {'title': 'Perfil autenticado', 'domain': 'profile', 'sourceType': 'mongodb_collection', 'sourceId': 'users'}]",,2026-06-28 23:43:35.179,0,
6a4287feb5d29b1a1627f2b9,6a4287feb5d29b1a1627f2b7,66b9837f1f38bd5f50205598,user,hol que tal,cv_help,applicant_support_agent,[],{'source': 'b2c-ai-widget'},2026-06-29 14:58:06.430,0,
6a428801b5d29b1a1627f2bc,6a4287feb5d29b1a1627f2b7,66b9837f1f38bd5f50205598,assistant,"¡Hola! ¿En qué puedo ayudarte hoy con tu CV? Si necesitas hacer cambios, aquí tienes algunas instrucciones:

1. **Información Personal**: Puedes modificar tu nombre, apellidos, profesión, correo, LinkedIn, etc., desde la sección ""Información Personal"".

2. **Agregar Estudios**: Ve a la pestaña ""Educación"" y haz clic en ""+"". Completa los campos requeridos y puedes marcar ""En progreso"" si aún estás estudiando.

3. **Agregar Experiencias**: En la pestaña ""Experiencia"", puedes añadir trabajos o proyectos. Completa la información solicitada y usa el switch ""En progreso"" si la experiencia sigue activa.

Si necesitas más ayuda, no dudes en preguntar.",cv_help,applicant_support_agent,"[{'title': 'Información Personal en CV Editor', 'domain': 'cv_editor', 'sourceType': 'internal_static', 'sourceId': 'cv-editor-personal-info'}, {'title': 'Educación en CV Editor', 'domain': 'cv_editor', 'sourceType': 'internal_static', 'sourceId': 'cv-editor-education'}, {'title': 'Experiencia en CV Editor', 'domain': 'cv_editor', 'sourceType': 'internal_static', 'sourceId': 'cv-editor-experience'}, {'title': 'CVs del usuario', 'domain': 'cv', 'sourceType': 'mongodb_collection', 'sourceId': 'cvs'}]",,2026-06-29 14:58:09.520,0,
6a42881db5d29b1a1627f2f5,6a4287feb5d29b1a1627f2b7,66b9837f1f38bd5f50205598,user,editar mi cv desde cero,cv_help,applicant_support_agent,[],{'source': 'b2c-ai-widget'},2026-06-29 14:58:37.973,0,
6a428821b5d29b1a1627f2f8,6a4287feb5d29b1a1627f2b7,66b9837f1f38bd5f50205598,assistant,"Para editar tu CV desde cero, sigue estos pasos:

1. **Crear un nuevo CV**: Ve a la sección de Curriculum Vitae y selecciona la opción para crear un nuevo CV.
2. **Información Personal**: Modifica tu nombre, apellidos, profesión, acerca de mí, correo, LinkedIn, página web, lugar y celular en la sección de Información Personal.
3. **Agregar Estudios**: En la pestaña de Educación, haz clic en el botón “+” para agregar tus estudios. Completa los campos requeridos como tipo de educación, centro de estudios, carrera/curso y fechas.

Recuerda que los cambios se reflejarán en la vista previa de tu CV. Si necesitas más ayuda, no dudes en preguntar.",cv_help,applicant_support_agent,"[{'title': 'Gestion de Curriculum Vitae', 'domain': 'cv', 'sourceType': 'internal_static', 'sourceId': 'cv-dashboard'}, {'title': 'Información Personal en CV Editor', 'domain': 'cv_editor', 'sourceType': 'internal_static', 'sourceId': 'cv-editor-personal-info'}, {'title': 'Educación en CV Editor', 'domain': 'cv_editor', 'sourceType': 'internal_static', 'sourceId': 'cv-editor-education'}, {'title': 'CVs del usuario', 'domain': 'cv', 'sourceType': 'mongodb_collection', 'sourceId': 'cvs'}]",,2026-06-29 14:58:41.243,0,
6a428834b5d29b1a1627f30e,6a4287feb5d29b1a1627f2b7,66b9837f1f38bd5f50205598,user,habilidades blandas,cv_help,applicant_support_agent,[],{'source': 'b2c-ai-widget'},2026-06-29 14:59:00.209,0,
6a428836b5d29b1a1627f311,6a4287feb5d29b1a1627f2b7,66b9837f1f38bd5f50205598,assistant,"En la sección Habilidades de tu CV, puedes gestionar tanto habilidades técnicas como habilidades blandas. Las habilidades blandas son aquellas relacionadas con la comunicación, liderazgo, trabajo en equipo, responsabilidad, adaptabilidad y pensamiento crítico.

Para añadir habilidades blandas, ve a la pestaña Habilidades en tu CV y busca las sugerencias disponibles. Si necesitas más ayuda, no dudes en preguntar.",cv_help,applicant_support_agent,"[{'title': 'Habilidades en CV Editor', 'domain': 'cv_editor', 'sourceType': 'internal_static', 'sourceId': 'cv-editor-skills'}, {'title': 'Habilidades Blandas en CV Editor', 'domain': 'cv_editor', 'sourceType': 'internal_static', 'sourceId': 'cv-editor-soft-skills'}, {'title': 'CVs del usuario', 'domain': 'cv', 'sourceType': 'mongodb_collection', 'sourceId': 'cvs'}]",,2026-06-29 14:59:02.563,0,
6a428d7eb5d29b1a1627f426,6a4287feb5d29b1a1627f2b7,66b9837f1f38bd5f50205598,user,me gustar empezar hacer mi CV,cv_help,applicant_support_agent,[],{'source': 'b2c-ai-widget'},2026-06-29 15:21:34.375,0,
6a428d81b5d29b1a1627f42d,6a4287feb5d29b1a1627f2b7,66b9837f1f38bd5f50205598,assistant,"Para empezar a hacer tu CV, sigue estos pasos:

1. **Accede a la sección de Curriculum Vitae**: Aquí puedes crear un nuevo CV o actualizar uno existente.
2. **Información Personal**: Modifica tus datos como nombre, apellidos, profesión, correo, etc. Esto se reflejará en la vista previa del CV.
3. **Agregar Estudios**: Ve a la pestaña de Educación y haz clic en el símbolo “+” para añadir tus estudios. Completa la información requerida como tipo de educación, centro de estudios, carrera/curso y fechas.

Si necesitas más ayuda, no dudes en preguntar.",cv_help,applicant_support_agent,"[{'title': 'Gestion de Curriculum Vitae', 'domain': 'cv', 'sourceType': 'internal_static', 'sourceId': 'cv-dashboard'}, {'title': 'Información Personal en CV Editor', 'domain': 'cv_editor', 'sourceType': 'internal_static', 'sourceId': 'cv-editor-personal-info'}, {'title': 'Educación en CV Editor', 'domain': 'cv_editor', 'sourceType': 'internal_static', 'sourceId': 'cv-editor-education'}, {'title': 'CVs del usuario', 'domain': 'cv', 'sourceType': 'mongodb_collection', 'sourceId': 'cvs'}]",,2026-06-29 15:21:37.175,0,
6a428daab5d29b1a1627f463,6a4287feb5d29b1a1627f2b7,66b9837f1f38bd5f50205598,user,gracias,cv_help,applicant_support_agent,[],{'source': 'b2c-ai-widget'},2026-06-29 15:22:18.190,0,
6a428dadb5d29b1a1627f466,6a4287feb5d29b1a1627f2b7,66b9837f1f38bd5f50205598,assistant,"¡De nada! Si necesitas realizar cambios en tu CV, aquí tienes cómo hacerlo:

1. **Información Personal**: Ve a la sección de Información Personal para modificar tu nombre, apellidos, profesión, correo, LinkedIn, etc.

2. **Agregar Estudios**: En la pestaña Educación, haz clic en el botón “+” para agregar estudios. Completa los campos requeridos y utiliza la opción ""En progreso"" si aún estás cursando.

3. **Agregar Experiencias**: En la pestaña Experiencia, también puedes hacer clic en “+” para añadir experiencias laborales. Completa la información solicitada y activa el switch ""En progreso"" si la experiencia sigue vigente.

Si necesitas más ayuda, no dudes en preguntar.",cv_help,applicant_support_agent,"[{'title': 'Información Personal en CV Editor', 'domain': 'cv_editor', 'sourceType': 'internal_static', 'sourceId': 'cv-editor-personal-info'}, {'title': 'Educación en CV Editor', 'domain': 'cv_editor', 'sourceType': 'internal_static', 'sourceId': 'cv-editor-education'}, {'title': 'Experiencia en CV Editor', 'domain': 'cv_editor', 'sourceType': 'internal_static', 'sourceId': 'cv-editor-experience'}, {'title': 'CVs del usuario', 'domain': 'cv', 'sourceType': 'mongodb_collection', 'sourceId': 'cvs'}]",,2026-06-29 15:22:21.373,0,
6a428db4b5d29b1a1627f46c,6a4287feb5d29b1a1627f2b7,66b9837f1f38bd5f50205598,user,puedo mejor mejorar mi CV,cv_help,applicant_support_agent,[],{'source': 'b2c-ai-widget'},2026-06-29 15:22:28.711,0,
6a428db7b5d29b1a1627f46f,6a4287feb5d29b1a1627f2b7,66b9837f1f38bd5f50205598,assistant,"Para mejorar tu CV, te recomiendo utilizar la herramienta Feedback, que analiza tu CV y te proporciona un score, fortalezas, debilidades y sugerencias de mejoras.

Además, puedes hacer cambios en tu CV desde las siguientes secciones:

1. **Información Personal**: Modifica tu nombre, apellidos, profesión, correo, LinkedIn, etc.
2. **Educación**: Agrega estudios haciendo clic en el botón “+”. Completa la información requerida como tipo de educación, centro de estudios, carrera/curso y fechas.

Si necesitas un análisis más profundo de tu score, dirígete al módulo de Feedback de CV en la parte superior.",cv_help,applicant_support_agent,"[{'title': 'Feedback de CV', 'domain': 'cv_editor', 'sourceType': 'internal_static', 'sourceId': 'cv-editor-feedback'}, {'title': 'Información Personal en CV Editor', 'domain': 'cv_editor', 'sourceType': 'internal_static', 'sourceId': 'cv-editor-personal-info'}, {'title': 'Educación en CV Editor', 'domain': 'cv_editor', 'sourceType': 'internal_static', 'sourceId': 'cv-editor-education'}, {'title': 'CVs del usuario', 'domain': 'cv', 'sourceType': 'mongodb_collection', 'sourceId': 'cvs'}]",,2026-06-29 15:22:31.668,0,
6a428eb9b5d29b1a1627f4e3,6a4287feb5d29b1a1627f2b7,66b9837f1f38bd5f50205598,user,¿Cómo cambio el diseño de mi CV?,cv_help,applicant_support_agent,[],{'source': 'b2c-ai-widget'},2026-06-29 15:26:49.414,0,
6a428ebbb5d29b1a1627f4e6,6a4287feb5d29b1a1627f2b7,66b9837f1f38bd5f50205598,assistant,"Para cambiar el diseño de tu CV, sigue estos pasos:

1. Ve al menú lateral derecho y selecciona la opción ""Diseño"".
2. Elige entre las opciones disponibles: Harvard o Barra Lateral.

Recuerda que puedes cambiar el diseño sin perder la información que ya has ingresado en tu CV. Si necesitas agregar estudios, puedes hacerlo desde la pestaña ""Educación"" haciendo clic en el símbolo ""+"".

Si tienes más preguntas, no dudes en preguntar.",cv_help,applicant_support_agent,"[{'title': 'Diseño del CV', 'domain': 'cv_editor', 'sourceType': 'internal_static', 'sourceId': 'cv-editor-layout'}, {'title': 'Información Personal en CV Editor', 'domain': 'cv_editor', 'sourceType': 'internal_static', 'sourceId': 'cv-editor-personal-info'}, {'title': 'Educación en CV Editor', 'domain': 'cv_editor', 'sourceType': 'internal_static', 'sourceId': 'cv-editor-education'}, {'title': 'CVs del usuario', 'domain': 'cv', 'sourceType': 'mongodb_collection', 'sourceId': 'cvs'}]",,2026-06-29 15:26:51.560,0,
6a428ed6b5d29b1a1627f4ec,6a4287feb5d29b1a1627f2b7,66b9837f1f38bd5f50205598,user,¿Cómo traduzco mi CV al inglés?,cv_help,applicant_support_agent,[],{'source': 'b2c-ai-widget'},2026-06-29 15:27:18.227,0,
6a428ed8b5d29b1a1627f4ef,6a4287feb5d29b1a1627f2b7,66b9837f1f38bd5f50205598,assistant,"Para traducir tu CV al inglés, sigue estos pasos:

1. En la barra lateral derecha, selecciona la opción ""En Inglés"" para traducir automáticamente tu CV.
2. Si deseas añadir el idioma inglés a tus habilidades, ve a la pestaña ""Habilidades"" y haz clic en ""Agregar idioma"". Selecciona inglés y elige tu nivel.

Recuerda que cualquier cambio que realices se reflejará en la vista previa de tu CV.",cv_help,applicant_support_agent,"[{'title': 'Traducción al Inglés', 'domain': 'cv_editor', 'sourceType': 'internal_static', 'sourceId': 'cv-editor-translation'}, {'title': 'Idiomas en CV Editor', 'domain': 'cv_editor', 'sourceType': 'internal_static', 'sourceId': 'cv-editor-languages'}, {'title': 'Información Personal en CV Editor', 'domain': 'cv_editor', 'sourceType': 'internal_static', 'sourceId': 'cv-editor-personal-info'}, {'title': 'CVs del usuario', 'domain': 'cv', 'sourceType': 'mongodb_collection', 'sourceId': 'cvs'}]",,2026-06-29 15:27:20.217,0,
6a429018b5d29b1a1627f59b,6a4287feb5d29b1a1627f2b7,66b9837f1f38bd5f50205598,user,cursos,courses_sales,course_sales_agent,[],{'source': 'b2c-ai-widget'},2026-06-29 15:32:40.445,0,
6a429018b5d29b1a1627f5aa,6a4287feb5d29b1a1627f2b7,66b9837f1f38bd5f50205598,assistant,"Actualmente encontre 6 cursos activos. Te muestro algunas opciones:

1. Mentalidad de Líder
 - Descripcion: 𝗠𝗲𝗻𝘁𝗮𝗹𝗶𝗱𝗮𝗱 𝗱𝗲 𝗟𝗶́𝗱𝗲𝗿

Desarrolla las habilidades y la mentalidad necesarias para liderar, influir positivamente en otros y afrontar desafíos con una visión de crec...
 - Duracion: 1 horas
 - Modalidad: Virtual - Síncrono
 - Instructor: Kevin Masquez
 - Precio: Gratis
 - Nivel: Básico
 - Certificado: No
 - Fecha de inicio: 2026-06-29
 - Fecha de fin: 2026-06-29
 - Sesiones: 1 sesiones

2. Ikigai
 - Descripcion: Identifica tu propósito personal con este framework, IKIGAI, que te servirá para guiar tu carrera profesional.
 - Duracion: 40 minutos
 - Modalidad: Virtual - Asíncrono
 - Instructor: Bryan Cerna
 - Precio: Gratis
 - Nivel: Básico
 - Certificado: No
 - Fecha de inicio: Acceso directo
 - Fecha de fin: 2026-12-30

3. Productividad en equipo con Google Workspace
 - Descripcion: ¡Conviértete en un héroe de la productividad! Aprende a centralizar tu centro de mando en Gmail, diseñar arquitecturas de tiempo en Calendar y automatizar el análisis de datos en S...
 - Duracion: 40 minutos
 - Modalidad: Virtual - Asíncrono
 - Instructor: Sofia Flores y José Pauyac
 - Precio: Gratis
 - Nivel: Básico
 - Certificado: Si
 - Fecha de inicio: Acceso directo
 - Fecha de fin: 2026-12-30

Tambien hay mas cursos disponibles. Puedes pedirme 'muestrame mas cursos' o revisar el catalogo completo en la seccion Cursos.",courses_sales,course_sales_agent,"[{'title': 'Consulta de cursos', 'domain': 'courses', 'sourceType': 'internal_static', 'sourceId': 'courses-listing'}, {'title': 'Mentalidad de Líder', 'domain': 'courses', 'sourceType': 'mongodb_collection'}, {'title': 'Ikigai', 'domain': 'courses', 'sourceType': 'mongodb_collection'}, {'title': 'Productividad en equipo con Google Workspace', 'domain': 'courses', 'sourceType': 'mongodb_collection'}]",,2026-06-29 15:32:40.648,0,
6a429041b5d29b1a1627f5c0,6a4287feb5d29b1a1627f2b7,66b9837f1f38bd5f50205598,user,segun mi CV y perfil cual me sugieres,courses_sales,course_sales_agent,[],{'source': 'b2c-ai-widget'},2026-06-29 15:33:21.997,0,
6a429042b5d29b1a1627f5cf,6a4287feb5d29b1a1627f2b7,66b9837f1f38bd5f50205598,assistant,"Actualmente encontre 1 curso activo. Te muestro algunas opciones:

1. LinkedIn Boost - Potencia tu Marca Personal
 - Descripcion: Impulsa tu Perfil Profesional y aprende a utilizar Linkedin desde 0, para alcanzar mejores empleos.
 - Duracion: 40 minutos
 - Modalidad: Virtual - Asíncrono
 - Instructor: Maykol Echevarría - Líder en Creación de Contenido
 - Precio: Gratis
 - Nivel: Básico
 - Certificado: No
 - Fecha de inicio: Acceso directo
 - Fecha de fin: 2026-12-30

 Puedes abrir la seccion Cursos para revisar el detalle publicado.",courses_sales,course_sales_agent,"[{'title': 'Consulta de cursos', 'domain': 'courses', 'sourceType': 'internal_static', 'sourceId': 'courses-listing'}, {'title': 'LinkedIn Boost - Potencia tu Marca Personal', 'domain': 'courses', 'sourceType': 'mongodb_collection'}]",,2026-06-29 15:33:22.180,0,
6a4324ca9eec252783311685,6a4324c99eec252783311683,6a41b1f638b8fff9e3ffa597,user,checa mi cv,cv_help,applicant_support_agent,[],{'source': 'b2c-ai-widget'},2026-06-30 02:07:06.007,0,
6a4324cc9eec252783311688,6a4324c99eec252783311683,6a41b1f638b8fff9e3ffa597,assistant,"Para revisar y modificar tu CV, sigue estos pasos:

1. **Información Personal**: Ve a la sección ""Información Personal"" para modificar tu nombre, apellidos, profesión, correo, LinkedIn, etc.

2. **Educación**: En la pestaña ""Educación"", puedes agregar estudios haciendo clic en el botón “+”. Completa los campos requeridos y usa la opción ""En progreso"" si aún estás estudiando.

3. **Experiencia**: En la pestaña ""Experiencia"", puedes agregar experiencias laborales. Completa la información de la empresa, cargo, fechas y descripción. Usa el switch ""En progreso"" si la experiencia sigue activa.

Recuerda que los cambios se reflejarán en la vista previa de tu CV. Si necesitas más ayuda, házmelo saber.",cv_help,applicant_support_agent,"[{'title': 'Información Personal en CV Editor', 'domain': 'cv_editor', 'sourceType': 'internal_static', 'sourceId': 'cv-editor-personal-info'}, {'title': 'Educación en CV Editor', 'domain': 'cv_editor', 'sourceType': 'internal_static', 'sourceId': 'cv-editor-education'}, {'title': 'Experiencia en CV Editor', 'domain': 'cv_editor', 'sourceType': 'internal_static', 'sourceId': 'cv-editor-experience'}, {'title': 'CVs del usuario', 'domain': 'cv', 'sourceType': 'mongodb_collection', 'sourceId': 'cvs'}]",,2026-06-30 02:07:08.869,0,
6a4335079eec252783311ef9,6a4335079eec252783311ef7,6a4310bc9eec252783310e5e,user,Idiomas,cv_help,applicant_support_agent,[],{'source': 'b2c-ai-widget'},2026-06-30 03:16:23.498,0,
6a4335099eec252783311efc,6a4335079eec252783311ef7,6a4310bc9eec252783310e5e,assistant,"Puedes añadir idiomas desde la pestaña Habilidades en tu CV. Haz clic en ""Agregar idioma"", selecciona el idioma que deseas (como inglés, español, portugués) y elige tu nivel (principiante, básico, intermedio, avanzado o nativo). Esto te ayudará a mejorar tu empleabilidad.",cv_help,applicant_support_agent,"[{'title': 'Idiomas en CV Editor', 'domain': 'cv_editor', 'sourceType': 'internal_static', 'sourceId': 'cv-editor-languages'}, {'title': 'Habilidades en CV Editor', 'domain': 'cv_editor', 'sourceType': 'internal_static', 'sourceId': 'cv-editor-skills'}, {'title': 'CVs del usuario', 'domain': 'cv', 'sourceType': 'mongodb_collection', 'sourceId': 'cvs'}]",,2026-06-30 03:16:25.410,0,
6a4335779eec252783311f4f,6a4335079eec252783311ef7,6a4310bc9eec252783310e5e,user,Y si no hay el idioma que ejerso esta dentro de las opciones que me brida,cv_help,applicant_support_agent,[],{'source': 'b2c-ai-widget'},2026-06-30 03:18:15.831,0,
6a4335799eec252783311f52,6a4335079eec252783311ef7,6a4310bc9eec252783310e5e,assistant,"Para añadir un idioma que no está en las opciones disponibles, ve a la pestaña Habilidades en tu CV. Allí podrás gestionar tus idiomas. Haz clic en ""Agregar idioma"", selecciona el idioma que deseas añadir y elige tu nivel (principiante, básico, intermedio, avanzado o nativo). Si el idioma no está en la lista, considera seleccionar uno similar o un idioma relacionado.",cv_help,applicant_support_agent,"[{'title': 'Habilidades en CV Editor', 'domain': 'cv_editor', 'sourceType': 'internal_static', 'sourceId': 'cv-editor-skills'}, {'title': 'Idiomas en CV Editor', 'domain': 'cv_editor', 'sourceType': 'internal_static', 'sourceId': 'cv-editor-languages'}, {'title': 'CVs del usuario', 'domain': 'cv', 'sourceType': 'mongodb_collection', 'sourceId': 'cvs'}]",,2026-06-30 03:18:17.337,0,
6a47a96f054ec3c9408e994f,6a47a96f054ec3c9408e994d,68265ffee35d855e7f207991,user,Muéstrame cursos disponibles,courses_sales,course_sales_agent,[],{'source': 'b2c-ai-widget'},2026-07-03 12:22:07.917,0,
6a47a970054ec3c9408e995f,6a47a96f054ec3c9408e994d,68265ffee35d855e7f207991,assistant,"Actualmente encontre 6 cursos activos. Te muestro algunas opciones:

1. Mentores: Mentalidad de Líder
 - Descripcion: 𝗠𝗲𝗻𝘁𝗮𝗹𝗶𝗱𝗮𝗱 𝗱𝗲 𝗟𝗶́𝗱𝗲𝗿

Desarrolla las habilidades y la mentalidad necesarias para liderar, influir positivamente en otros y afrontar desafíos con una visión de crec...
 - Duracion: 50 minutos
 - Modalidad: Virtual - Asíncrono
 - Instructor: Kevin Masquez
 - Precio: Gratis
 - Nivel: Básico
 - Certificado: No
 - Fecha de inicio: Acceso directo
 - Fecha de fin: 2026-08-29
 - Sesiones: 1 sesiones

2. Ikigai
 - Descripcion: Identifica tu propósito personal con este framework, IKIGAI, que te servirá para guiar tu carrera profesional.
 - Duracion: 40 minutos
 - Modalidad: Virtual - Asíncrono
 - Instructor: Bryan Cerna
 - Precio: Gratis
 - Nivel: Básico
 - Certificado: No
 - Fecha de inicio: Acceso directo
 - Fecha de fin: 2026-12-30

3. Productividad en equipo con Google Workspace
 - Descripcion: ¡Conviértete en un héroe de la productividad! Aprende a centralizar tu centro de mando en Gmail, diseñar arquitecturas de tiempo en Calendar y automatizar el análisis de datos en S...
 - Duracion: 40 minutos
 - Modalidad: Virtual - Asíncrono
 - Instructor: Sofia Flores y José Pauyac
 - Precio: Gratis
 - Nivel: Básico
 - Certificado: Si
 - Fecha de inicio: Acceso directo
 - Fecha de fin: 2026-12-30

Tambien hay mas cursos disponibles. Puedes pedirme 'muestrame mas cursos' o revisar el catalogo completo en la seccion Cursos.",courses_sales,course_sales_agent,"[{'title': 'Consulta de cursos', 'domain': 'courses', 'sourceType': 'internal_static', 'sourceId': 'courses-listing'}, {'title': 'Mentores: Mentalidad de Líder', 'domain': 'courses', 'sourceType': 'mongodb_collection'}, {'title': 'Ikigai', 'domain': 'courses', 'sourceType': 'mongodb_collection'}, {'title': 'Productividad en equipo con Google Workspace', 'domain': 'courses', 'sourceType': 'mongodb_collection'}]",,2026-07-03 12:22:08.206,0,
6a47a984054ec3c9408e9969,6a47a96f054ec3c9408e994d,68265ffee35d855e7f207991,user,donde encuentro el de mentores,courses_sales,course_sales_agent,[],{'source': 'b2c-ai-widget'},2026-07-03 12:22:28.065,0,
6a47a984054ec3c9408e9979,6a47a96f054ec3c9408e994d,68265ffee35d855e7f207991,assistant,"Actualmente encontre 1 curso activo. Te muestro algunas opciones:

1. Mentores: Mentalidad de Líder
 - Descripcion: 𝗠𝗲𝗻𝘁𝗮𝗹𝗶𝗱𝗮𝗱 𝗱𝗲 𝗟𝗶́𝗱𝗲𝗿

Desarrolla las habilidades y la mentalidad necesarias para liderar, influir positivamente en otros y afrontar desafíos con una visión de crec...
 - Duracion: 50 minutos
 - Modalidad: Virtual - Asíncrono
 - Instructor: Kevin Masquez
 - Precio: Gratis
 - Nivel: Básico
 - Certificado: No
 - Fecha de inicio: Acceso directo
 - Fecha de fin: 2026-08-29
 - Sesiones: 1 sesiones

 Puedes abrir la seccion Cursos para revisar el detalle publicado.",courses_sales,course_sales_agent,"[{'title': 'Consulta de cursos', 'domain': 'courses', 'sourceType': 'internal_static', 'sourceId': 'courses-listing'}, {'title': 'Mentores: Mentalidad de Líder', 'domain': 'courses', 'sourceType': 'mongodb_collection'}]",,2026-07-03 12:22:28.247,0,
6a483a1d356ac8664f8cb0d0,6a483a1d356ac8664f8cb0ce,68a33ba3cbc08dafe3c27572,user,Muéstrame cursos disponibles,courses_sales,course_sales_agent,[],{'source': 'b2c-ai-widget'},2026-07-03 22:39:25.934,0,
6a483a1e356ac8664f8cb0e0,6a483a1d356ac8664f8cb0ce,68a33ba3cbc08dafe3c27572,assistant,"Actualmente encontre 6 cursos activos. Te muestro algunas opciones:

1. Mentores: Mentalidad de Líder
 - Descripcion: 𝗠𝗲𝗻𝘁𝗮𝗹𝗶𝗱𝗮𝗱 𝗱𝗲 𝗟𝗶́𝗱𝗲𝗿

Desarrolla las habilidades y la mentalidad necesarias para liderar, influir positivamente en otros y afrontar desafíos con una visión de crec...
 - Duracion: 50 minutos
 - Modalidad: Virtual - Asíncrono
 - Instructor: Kevin Masquez
 - Precio: Gratis
 - Nivel: Básico
 - Certificado: No
 - Fecha de inicio: Acceso directo
 - Fecha de fin: 2026-08-29
 - Sesiones: 1 sesiones

2. Ikigai
 - Descripcion: Identifica tu propósito personal con este framework, IKIGAI, que te servirá para guiar tu carrera profesional.
 - Duracion: 40 minutos
 - Modalidad: Virtual - Asíncrono
 - Instructor: Bryan Cerna
 - Precio: Gratis
 - Nivel: Básico
 - Certificado: No
 - Fecha de inicio: Acceso directo
 - Fecha de fin: 2026-12-30

3. Productividad en equipo con Google Workspace
 - Descripcion: ¡Conviértete en un héroe de la productividad! Aprende a centralizar tu centro de mando en Gmail, diseñar arquitecturas de tiempo en Calendar y automatizar el análisis de datos en S...
 - Duracion: 40 minutos
 - Modalidad: Virtual - Asíncrono
 - Instructor: Sofia Flores y José Pauyac
 - Precio: Gratis
 - Nivel: Básico
 - Certificado: Si
 - Fecha de inicio: Acceso directo
 - Fecha de fin: 2026-12-30

Tambien hay mas cursos disponibles. Puedes pedirme 'muestrame mas cursos' o revisar el catalogo completo en la seccion Cursos.",courses_sales,course_sales_agent,"[{'title': 'Consulta de cursos', 'domain': 'courses', 'sourceType': 'internal_static', 'sourceId': 'courses-listing'}, {'title': 'Mentores: Mentalidad de Líder', 'domain': 'courses', 'sourceType': 'mongodb_collection'}, {'title': 'Ikigai', 'domain': 'courses', 'sourceType': 'mongodb_collection'}, {'title': 'Productividad en equipo con Google Workspace', 'domain': 'courses', 'sourceType': 'mongodb_collection'}]",,2026-07-03 22:39:26.129,0,
6a483a25356ac8664f8cb0e6,6a483a1d356ac8664f8cb0ce,68a33ba3cbc08dafe3c27572,user,Cómo reviso el estado de mis postulaciones,application_status,applicant_support_agent,[],{'source': 'b2c-ai-widget'},2026-07-03 22:39:33.440,0,
6a483a26356ac8664f8cb0e9,6a483a1d356ac8664f8cb0ce,68a33ba3cbc08dafe3c27572,assistant,"Para revisar el estado de tus postulaciones, accede a la sección de ""Postulaciones"" en tu cuenta. Allí podrás ver las postulaciones asociadas a tu perfil y consultar el detalle disponible de cada proceso. Si no tienes postulaciones, se indicará que no hay registros.",application_status,applicant_support_agent,"[{'title': 'Consulta de postulaciones', 'domain': 'applications', 'sourceType': 'internal_static', 'sourceId': 'my-applications'}, {'title': 'Resumen de postulaciones', 'domain': 'applications', 'sourceType': 'mongodb_collection', 'sourceId': 'applications'}]",,2026-07-03 22:39:34.528,0,
6a4d02598813dd817d41c519,6a4d02588813dd817d41c517,68c3469617de33e9770ff75f,user,¿Cómo cambio el diseño de mi CV?,cv_help,applicant_support_agent,[],{'source': 'b2c-ai-widget'},2026-07-07 13:42:49.028,0,
6a4d025a8813dd817d41c51c,6a4d02588813dd817d41c517,68c3469617de33e9770ff75f,assistant,"Para cambiar el diseño de tu CV, sigue estos pasos:

1. Ve al menú lateral derecho y selecciona la opción ""Diseño"".
2. Elige entre las opciones disponibles: Harvard o Barra Lateral.

Recuerda que puedes cambiar el diseño sin perder la información que ya ingresaste en tu CV. Si necesitas agregar estudios, puedes hacerlo desde la pestaña ""Educación"" haciendo clic en el símbolo ""+"".

Si tienes más preguntas, no dudes en preguntar.",cv_help,applicant_support_agent,"[{'title': 'Diseño del CV', 'domain': 'cv_editor', 'sourceType': 'internal_static', 'sourceId': 'cv-editor-layout'}, {'title': 'Información Personal en CV Editor', 'domain': 'cv_editor', 'sourceType': 'internal_static', 'sourceId': 'cv-editor-personal-info'}, {'title': 'Educación en CV Editor', 'domain': 'cv_editor', 'sourceType': 'internal_static', 'sourceId': 'cv-editor-education'}, {'title': 'CVs del usuario', 'domain': 'cv', 'sourceType': 'mongodb_collection', 'sourceId': 'cvs'}]",,2026-07-07 13:42:50.471,0,
6a4d074f8813dd817d41c53c,6a4d02588813dd817d41c517,68c3469617de33e9770ff75f,user,¿Cómo agrego experiencia laboral?,cv_help,applicant_support_agent,[],{'source': 'b2c-ai-widget'},2026-07-07 14:03:59.996,0,
6a4d07518813dd817d41c53f,6a4d02588813dd817d41c517,68c3469617de33e9770ff75f,assistant,"Para agregar experiencia laboral, sigue estos pasos:

1. Ve a la pestaña ""Experiencia"" en tu CV.
2. Completa los campos requeridos: empresa, cargo, fechas y descripción.
3. Si la experiencia sigue activa, activa el switch ""En progreso"". Esto indica que la experiencia está vigente.
4. El sistema evitará contar duplicados para medir tu situación laboral.

Si necesitas más ayuda, no dudes en preguntar.",cv_help,applicant_support_agent,"[{'title': 'Experiencia en CV Editor', 'domain': 'cv_editor', 'sourceType': 'internal_static', 'sourceId': 'cv-editor-experience'}, {'title': 'Motiva Match', 'domain': 'cv_editor', 'sourceType': 'internal_static', 'sourceId': 'cv-editor-motiva-match'}, {'title': 'CVs del usuario', 'domain': 'cv', 'sourceType': 'mongodb_collection', 'sourceId': 'cvs'}]",,2026-07-07 14:04:01.460,0,
6a4d07898813dd817d41c545,6a4d02588813dd817d41c517,68c3469617de33e9770ff75f,user,"en base a la informacion que tienes en mi cv, que me recomiendas para destacarme mas y conseguir trabajo relacionaod a m i carrera",cv_help,applicant_support_agent,[],{'source': 'b2c-ai-widget'},2026-07-07 14:04:57.930,0,
6a4d078c8813dd817d41c548,6a4d02588813dd817d41c517,68c3469617de33e9770ff75f,assistant,"Para destacarte más en tu CV y conseguir trabajo relacionado con tu carrera, te recomiendo lo siguiente:

1. **Agregar Estudios**: Ve a la pestaña ""Educación"" y haz clic en ""+"". Completa la información sobre tu universidad, instituto, cursos o posgrados. Asegúrate de incluir cualquier formación relevante.

2. **Incluir Experiencias**: En la pestaña ""Experiencia"", puedes agregar tus experiencias laborales, actividades extracurriculares y proyectos. Completa la empresa, cargo, fechas y una breve descripción de tus responsabilidades. Usa el switch ""En progreso"" si alguna experiencia sigue activa.

3. **Actualizar Información Personal**: Revisa la sección ""Información Personal"" para asegurarte de que tu nombre, profesión y otros datos estén actualizados y reflejen tu perfil profesional.

Estos pasos te ayudarán a mejorar tu CV. Si necesitas más ayuda, puedes revisar el módulo de Feedback de CV para un diagnóstico más detallado.",cv_help,applicant_support_agent,"[{'title': 'Educación en CV Editor', 'domain': 'cv_editor', 'sourceType': 'internal_static', 'sourceId': 'cv-editor-education'}, {'title': 'Experiencia en CV Editor', 'domain': 'cv_editor', 'sourceType': 'internal_static', 'sourceId': 'cv-editor-experience'}, {'title': 'Información Personal en CV Editor', 'domain': 'cv_editor', 'sourceType': 'internal_static', 'sourceId': 'cv-editor-personal-info'}, {'title': 'CVs del usuario', 'domain': 'cv', 'sourceType': 'mongodb_collection', 'sourceId': 'cvs'}]",,2026-07-07 14:05:00.370,0,
6a4dc8efa01bce073d1ed889,6a4dc8eea01bce073d1ed887,68265ffee35d855e7f207991,user,Quiero ayuda para mejorar mi CV,cv_help,applicant_support_agent,[],{'source': 'b2c-ai-widget'},2026-07-08 03:50:07.018,0,
6a4dc8f2a01bce073d1ed88c,6a4dc8eea01bce073d1ed887,68265ffee35d855e7f207991,assistant,"Para mejorar tu CV, te recomiendo utilizar la herramienta de Feedback. Esta herramienta analizará tu CV y te proporcionará un score, así como sugerencias sobre fortalezas, debilidades y palabras clave.

Además, puedes actualizar tu información personal desde la sección ""Información Personal"". Allí podrás modificar tu nombre, apellidos, profesión, acerca de mí, correo, LinkedIn, página web, lugar y celular. Los cambios se reflejarán en la vista previa de tu CV.

Si necesitas más ayuda, accede al módulo de Feedback de CV en la parte superior.",cv_help,applicant_support_agent,"[{'title': 'Gestion de Curriculum Vitae', 'domain': 'cv', 'sourceType': 'internal_static', 'sourceId': 'cv-dashboard'}, {'title': 'Feedback de CV', 'domain': 'cv_editor', 'sourceType': 'internal_static', 'sourceId': 'cv-editor-feedback'}, {'title': 'Información Personal en CV Editor', 'domain': 'cv_editor', 'sourceType': 'internal_static', 'sourceId': 'cv-editor-personal-info'}, {'title': 'CVs del usuario', 'domain': 'cv', 'sourceType': 'mongodb_collection', 'sourceId': 'cvs'}]",,2026-07-08 03:50:10.066,0,
6a4dc967a01bce073d1ed8c9,6a4dc967a01bce073d1ed8c7,69a4e17d02dba2295f467db8,user,Quiero ayuda para mejorar mi CV,cv_help,applicant_support_agent,[],{'source': 'b2c-ai-widget'},2026-07-08 03:52:07.569,0,
6a4dc968a01bce073d1ed8cc,6a4dc967a01bce073d1ed8c7,69a4e17d02dba2295f467db8,assistant,"Para mejorar tu CV, te recomiendo utilizar la herramienta de Feedback. Esta herramienta analizará tu CV y te proporcionará un score, así como sugerencias sobre fortalezas, debilidades y palabras clave.

Si necesitas modificar información personal, puedes hacerlo desde la sección ""Información Personal"". Allí podrás actualizar tu nombre, apellidos, profesión, correo, LinkedIn, entre otros. Los cambios se reflejarán en la vista previa de tu CV.

Si deseas un análisis más profundo de tu score, dirígete al módulo de Feedback de CV en la parte superior.",cv_help,applicant_support_agent,"[{'title': 'Gestion de Curriculum Vitae', 'domain': 'cv', 'sourceType': 'internal_static', 'sourceId': 'cv-dashboard'}, {'title': 'Feedback de CV', 'domain': 'cv_editor', 'sourceType': 'internal_static', 'sourceId': 'cv-editor-feedback'}, {'title': 'Información Personal en CV Editor', 'domain': 'cv_editor', 'sourceType': 'internal_static', 'sourceId': 'cv-editor-personal-info'}, {'title': 'CVs del usuario', 'domain': 'cv', 'sourceType': 'mongodb_collection', 'sourceId': 'cvs'}]",,2026-07-08 03:52:08.843,0,
6a4dc9caa01bce073d1ed914,6a4dc8eea01bce073d1ed887,68265ffee35d855e7f207991,user,Quiero ayuda para mejorar mi CV,cv_help,applicant_support_agent,[],{'source': 'b2c-ai-widget'},2026-07-08 03:53:46.740,0,
6a4dc9cca01bce073d1ed917,6a4dc8eea01bce073d1ed887,68265ffee35d855e7f207991,assistant,"Para mejorar tu CV, te recomiendo utilizar la herramienta de Feedback. Esta herramienta analiza tu CV y te proporciona un score, fortalezas, debilidades y sugerencias de mejoras.

Además, puedes realizar cambios en tu CV desde las siguientes secciones:

1. **Información Personal**: Modifica tu nombre, apellidos, profesión, acerca de mí, correo, LinkedIn, página web, lugar y celular.

2. **Educación**: Para agregar estudios, ve a la pestaña Educación y haz clic en el botón “+”. Allí podrás completar los detalles de tus estudios.

Si necesitas un análisis más profundo de tu score, dirígete al módulo de Feedback de CV en la parte superior.",cv_help,applicant_support_agent,"[{'title': 'Feedback de CV', 'domain': 'cv_editor', 'sourceType': 'internal_static', 'sourceId': 'cv-editor-feedback'}, {'title': 'Información Personal en CV Editor', 'domain': 'cv_editor', 'sourceType': 'internal_static', 'sourceId': 'cv-editor-personal-info'}, {'title': 'Educación en CV Editor', 'domain': 'cv_editor', 'sourceType': 'internal_static', 'sourceId': 'cv-editor-education'}, {'title': 'CVs del usuario', 'domain': 'cv', 'sourceType': 'mongodb_collection', 'sourceId': 'cvs'}]",,2026-07-08 03:53:48.108,0,
6a4dc9d5a01bce073d1ed927,6a4dc967a01bce073d1ed8c7,69a4e17d02dba2295f467db8,user,puedo conversar contigo para modificar en vivo el cv?,cv_help,applicant_support_agent,[],{'source': 'b2c-ai-widget'},2026-07-08 03:53:57.981,0,
6a4dc9d7a01bce073d1ed92a,6a4dc967a01bce073d1ed8c7,69a4e17d02dba2295f467db8,assistant,"No puedo modificar tu CV en vivo, pero puedo guiarte. 

Para realizar cambios, sigue estos pasos:

1. **Información Personal**: Ve a esta sección para modificar tu nombre, apellidos, profesión, correo, etc.
2. **Educación**: Haz clic en la pestaña Educación y luego en el botón “+” para agregar estudios. Completa los campos requeridos.

Si necesitas más ayuda, indícame qué parte específica deseas modificar.",cv_help,applicant_support_agent,"[{'title': 'Gestion de Curriculum Vitae', 'domain': 'cv', 'sourceType': 'internal_static', 'sourceId': 'cv-dashboard'}, {'title': 'Información Personal en CV Editor', 'domain': 'cv_editor', 'sourceType': 'internal_static', 'sourceId': 'cv-editor-personal-info'}, {'title': 'Educación en CV Editor', 'domain': 'cv_editor', 'sourceType': 'internal_static', 'sourceId': 'cv-editor-education'}, {'title': 'CVs del usuario', 'domain': 'cv', 'sourceType': 'mongodb_collection', 'sourceId': 'cvs'}]",,2026-07-08 03:53:59.041,0,
6a4dca98a01bce073d1ed99e,6a4dca98a01bce073d1ed99c,6a4dc9f2a01bce073d1ed937,user,Muéstrame cursos disponibles,courses_sales,course_sales_agent,[],{'source': 'b2c-ai-widget'},2026-07-08 03:57:12.172,0,
6a4dca98a01bce073d1ed9ae,6a4dca98a01bce073d1ed99c,6a4dc9f2a01bce073d1ed937,assistant,"Actualmente encontre 6 cursos activos. Te muestro algunas opciones:

1. Mentores: Mentalidad de Líder
 - Descripcion: 𝗠𝗲𝗻𝘁𝗮𝗹𝗶𝗱𝗮𝗱 𝗱𝗲 𝗟𝗶́𝗱𝗲𝗿

Desarrolla las habilidades y la mentalidad necesarias para liderar, influir positivamente en otros y afrontar desafíos con una visión de crec...
 - Duracion: 50 minutos
 - Modalidad: Virtual - Asíncrono
 - Instructor: Kevin Masquez
 - Precio: Gratis
 - Nivel: Básico
 - Certificado: No
 - Fecha de inicio: Acceso directo
 - Fecha de fin: 2026-08-29
 - Sesiones: 1 sesiones

2. Ikigai
 - Descripcion: Identifica tu propósito personal con este framework, IKIGAI, que te servirá para guiar tu carrera profesional.
 - Duracion: 40 minutos
 - Modalidad: Virtual - Asíncrono
 - Instructor: Bryan Cerna
 - Precio: Gratis
 - Nivel: Básico
 - Certificado: No
 - Fecha de inicio: Acceso directo
 - Fecha de fin: 2026-12-30

3. Productividad en equipo con Google Workspace
 - Descripcion: ¡Conviértete en un héroe de la productividad! Aprende a centralizar tu centro de mando en Gmail, diseñar arquitecturas de tiempo en Calendar y automatizar el análisis de datos en S...
 - Duracion: 40 minutos
 - Modalidad: Virtual - Asíncrono
 - Instructor: Sofia Flores y José Pauyac
 - Precio: Gratis
 - Nivel: Básico
 - Certificado: Si
 - Fecha de inicio: Acceso directo
 - Fecha de fin: 2026-12-30

Tambien hay mas cursos disponibles. Puedes pedirme 'muestrame mas cursos' o revisar el catalogo completo en la seccion Cursos.",courses_sales,course_sales_agent,"[{'title': 'Consulta de cursos', 'domain': 'courses', 'sourceType': 'internal_static', 'sourceId': 'courses-listing'}, {'title': 'Mentores: Mentalidad de Líder', 'domain': 'courses', 'sourceType': 'mongodb_collection'}, {'title': 'Ikigai', 'domain': 'courses', 'sourceType': 'mongodb_collection'}, {'title': 'Productividad en equipo con Google Workspace', 'domain': 'courses', 'sourceType': 'mongodb_collection'}]",,2026-07-08 03:57:12.451,0,
6a4dcaa8a01bce073d1ed9bd,6a4dc8eea01bce073d1ed887,68265ffee35d855e7f207991,user,Hablar con un asesor,human_handoff,human_handoff,[],{'source': 'b2c-ai-widget'},2026-07-08 03:57:28.474,0,
6a4dcaa8a01bce073d1ed9bf,6a4dc8eea01bce073d1ed887,68265ffee35d855e7f207991,assistant,"Entiendo que necesitas ayuda personalizada. Registré esta conversación como requerimiento para atención humana. Por favor describe brevemente el problema y evita compartir contraseñas, tokens o datos sensibles.",human_handoff,human_handoff,[],,2026-07-08 03:57:28.556,0,
6a4dcab3a01bce073d1ed9ce,6a4dc8eea01bce073d1ed887,68265ffee35d855e7f207991,user,Quiero hablar con un asesor,human_handoff,human_handoff,[],{'source': 'b2c-ai-widget'},2026-07-08 03:57:39.890,0,
6a4dcab3a01bce073d1ed9d0,6a4dc8eea01bce073d1ed887,68265ffee35d855e7f207991,assistant,"Entiendo que necesitas ayuda personalizada. Registré esta conversación como requerimiento para atención humana. Por favor describe brevemente el problema y evita compartir contraseñas, tokens o datos sensibles.",human_handoff,human_handoff,[],,2026-07-08 03:57:39.974,0,
6a4dcad6a01bce073d1eda06,6a4dcad6a01bce073d1eda04,69af7d5a705093622ffa8df1,user,Quiero ayuda para mejorar mi CV,cv_help,applicant_support_agent,[],{'source': 'b2c-ai-widget'},2026-07-08 03:58:14.908,0,
6a4dcad8a01bce073d1eda0d,6a4dcad6a01bce073d1eda04,69af7d5a705093622ffa8df1,assistant,"Para mejorar tu CV, te recomiendo utilizar la herramienta de Feedback. Esta herramienta analizará tu CV y te proporcionará un score, así como sugerencias sobre fortalezas, debilidades y palabras clave.

Además, si necesitas modificar información personal, puedes hacerlo desde la sección ""Información Personal"". Allí podrás actualizar tu nombre, apellidos, profesión, correo, LinkedIn, entre otros.

Si deseas realizar cambios específicos, indícame qué parte te gustaría mejorar y te guiaré.",cv_help,applicant_support_agent,"[{'title': 'Gestion de Curriculum Vitae', 'domain': 'cv', 'sourceType': 'internal_static', 'sourceId': 'cv-dashboard'}, {'title': 'Feedback de CV', 'domain': 'cv_editor', 'sourceType': 'internal_static', 'sourceId': 'cv-editor-feedback'}, {'title': 'Información Personal en CV Editor', 'domain': 'cv_editor', 'sourceType': 'internal_static', 'sourceId': 'cv-editor-personal-info'}, {'title': 'CVs del usuario', 'domain': 'cv', 'sourceType': 'mongodb_collection', 'sourceId': 'cvs'}]",,2026-07-08 03:58:16.084,0,
6a4dcaf1a01bce073d1eda24,6a4dcad6a01bce073d1eda04,69af7d5a705093622ffa8df1,user,Cómo puedo inscribirme a un curso,enrollment_help,course_sales_agent,[],{'source': 'b2c-ai-widget'},2026-07-08 03:58:41.423,0,
6a4dcaf1a01bce073d1eda26,6a4dcad6a01bce073d1eda04,69af7d5a705093622ffa8df1,assistant,"Para inscribirte a un curso en laboral.ai:

1. Ingresa a la seccion Cursos.
2. Busca un curso de tu interes usando la barra de busqueda o aplica filtros por tipo o modalidad.
3. Selecciona el curso que prefieras para abrir el detalle.
4. Revisa la informacion publica del curso: descripcion, modalidad, duracion, precio y certificado si aplica.
5. Haz clic en el boton Registrar o Inscribirme.
6. Completa los datos o pasos que te solicite la plataforma.
7. Si el curso requiere pago, sigue el flujo de pago indicado; si es gratuito, la plataforma continuara con el registro correspondiente.

Luego podras revisar tus cursos o inscripciones desde la seccion Cursos.",enrollment_help,course_sales_agent,"[{'title': 'Ayuda con inscripcion a cursos', 'domain': 'courses', 'sourceType': 'internal_static', 'sourceId': 'course-enrollment'}]",,2026-07-08 03:58:41.508,0,
6a503c71510d785592365b0f,6a503c71510d785592365b0d,6a5039f8510d78559236528e,user,¿Para qué sirven los créditos en el CV Editor?,cv_help,applicant_support_agent,[],{'source': 'b2c-ai-widget'},2026-07-10 00:27:29.894,0,
6a503c72510d785592365b12,6a503c71510d785592365b0d,6a5039f8510d78559236528e,assistant,"Los créditos en el CV Editor se utilizan para acceder a ciertas funciones, como el test de autoconocimiento o para recibir feedback sobre tu CV. Puedes ver cuántos créditos tienes en la parte superior del editor. Para adquirir más créditos, haz clic en ""Adquirir créditos"". 

Si necesitas agregar estudios a tu CV, ve a la pestaña Educación y haz clic en ""+"". Allí podrás completar la información necesaria.",cv_help,applicant_support_agent,"[{'title': 'Información Personal en CV Editor', 'domain': 'cv_editor', 'sourceType': 'internal_static', 'sourceId': 'cv-editor-personal-info'}, {'title': 'Créditos y Adquisición', 'domain': 'cv_editor', 'sourceType': 'internal_static', 'sourceId': 'cv-editor-credits'}, {'title': 'Educación en CV Editor', 'domain': 'cv_editor', 'sourceType': 'internal_static', 'sourceId': 'cv-editor-education'}, {'title': 'CVs del usuario', 'domain': 'cv', 'sourceType': 'mongodb_collection', 'sourceId': 'cvs'}]",,2026-07-10 00:27:30.843,0,
6a5047b4510d785592365bf0,6a5047b4510d785592365bee,69a4de0402dba2295f467d78,user,¿Cómo edito mi información personal en el CV Editor?,cv_help,applicant_support_agent,[],{'source': 'b2c-ai-widget'},2026-07-10 01:15:32.671,0,
6a5047b6510d785592365bf3,6a5047b4510d785592365bee,69a4de0402dba2295f467d78,assistant,"Para editar tu información personal en el CV Editor, sigue estos pasos:

1. **Información Personal**: Ve a la sección ""Información Personal"" donde puedes modificar tu nombre, apellidos, profesión, acerca de mí, correo, LinkedIn, página web, lugar y celular. Los cambios se reflejarán en la vista previa del CV.

2. **Educación**: En la pestaña ""Educación"", puedes agregar estudios haciendo clic en el botón “+”. Completa los campos de tipo de educación, centro de estudios, carrera/curso, fecha de inicio/fin y selecciona la opción ""En progreso"" si aún estás estudiando.

3. **Experiencia**: En la pestaña ""Experiencia"", puedes agregar experiencias laborales, actividades extracurriculares y proyectos. Completa la información de la empresa, cargo, fechas y descripción. Usa el switch ""En progreso"" si la experiencia sigue activa.

Realiza los cambios directamente desde la interfaz del CV Editor. Si necesitas más ayuda, házmelo saber.",cv_help,applicant_support_agent,"[{'title': 'Información Personal en CV Editor', 'domain': 'cv_editor', 'sourceType': 'internal_static', 'sourceId': 'cv-editor-personal-info'}, {'title': 'Educación en CV Editor', 'domain': 'cv_editor', 'sourceType': 'internal_static', 'sourceId': 'cv-editor-education'}, {'title': 'Experiencia en CV Editor', 'domain': 'cv_editor', 'sourceType': 'internal_static', 'sourceId': 'cv-editor-experience'}, {'title': 'CVs del usuario', 'domain': 'cv', 'sourceType': 'mongodb_collection', 'sourceId': 'cvs'}]",,2026-07-10 01:15:34.714,0,
6a5047c8510d785592365bff,6a5047b4510d785592365bee,69a4de0402dba2295f467d78,user,Muéstrame cursos disponibles,courses_sales,course_sales_agent,[],{'source': 'b2c-ai-widget'},2026-07-10 01:15:52.786,0,
6a5047c8510d785592365c10,6a5047b4510d785592365bee,69a4de0402dba2295f467d78,assistant,"Actualmente encontre 7 cursos activos. Te muestro algunas opciones:

1. Mentores: Presentaciones de Alto Impacto
 - Descripcion: 𝗣𝗿𝗲𝘀𝗲𝗻𝘁𝗮𝗰𝗶𝗼𝗻𝗲𝘀 𝗱𝗲 𝗔𝗹𝘁𝗼 𝗜𝗺𝗽𝗮𝗰𝘁𝗼

Aprende a comunicar tus ideas de manera clara, persuasiva y memorable. En esta sesión descubrirás herramientas para estru...
 - Duracion: 1 horas
 - Modalidad: Virtual - Síncrono
 - Instructor: Víctor Guevara
 - Precio: Gratis
 - Nivel: Básico
 - Certificado: No
 - Fecha de inicio: 2026-07-11
 - Fecha de fin: 2026-07-12
 - Sesiones: 1 sesiones

2. Mentores: Mentalidad de Líder
 - Descripcion: 𝗠𝗲𝗻𝘁𝗮𝗹𝗶𝗱𝗮𝗱 𝗱𝗲 𝗟𝗶́𝗱𝗲𝗿

Desarrolla las habilidades y la mentalidad necesarias para liderar, influir positivamente en otros y afrontar desafíos con una visión de crec...
 - Duracion: 50 minutos
 - Modalidad: Virtual - Asíncrono
 - Instructor: Kevin Masquez
 - Precio: Gratis
 - Nivel: Básico
 - Certificado: No
 - Fecha de inicio: Acceso directo
 - Fecha de fin: 2026-08-29
 - Sesiones: 1 sesiones

3. Ikigai
 - Descripcion: Identifica tu propósito personal con este framework, IKIGAI, que te servirá para guiar tu carrera profesional.
 - Duracion: 40 minutos
 - Modalidad: Virtual - Asíncrono
 - Instructor: Bryan Cerna
 - Precio: Gratis
 - Nivel: Básico
 - Certificado: No
 - Fecha de inicio: Acceso directo
 - Fecha de fin: 2026-12-30

Tambien hay mas cursos disponibles. Puedes pedirme 'muestrame mas cursos' o revisar el catalogo completo en la seccion Cursos.",courses_sales,course_sales_agent,"[{'title': 'Consulta de cursos', 'domain': 'courses', 'sourceType': 'internal_static', 'sourceId': 'courses-listing'}, {'title': 'Mentores: Presentaciones de Alto Impacto', 'domain': 'courses', 'sourceType': 'mongodb_collection'}, {'title': 'Mentores: Mentalidad de Líder', 'domain': 'courses', 'sourceType': 'mongodb_collection'}, {'title': 'Ikigai', 'domain': 'courses', 'sourceType': 'mongodb_collection'}]",,2026-07-10 01:15:52.975,0,
6a50487c510d785592365c3a,6a5047b4510d785592365bee,69a4de0402dba2295f467d78,user,Cómo reviso el estado de mis postulaciones,application_status,applicant_support_agent,[],{'source': 'b2c-ai-widget'},2026-07-10 01:18:52.023,0,
6a50487d510d785592365c3d,6a5047b4510d785592365bee,69a4de0402dba2295f467d78,assistant,"Para revisar el estado de tus postulaciones, ve a la sección de ""Postulaciones"" en tu cuenta. Allí podrás consultar las postulaciones asociadas y el detalle disponible de cada proceso. Actualmente, no tienes postulaciones en proceso ni finalizadas.",application_status,applicant_support_agent,"[{'title': 'Consulta de postulaciones', 'domain': 'applications', 'sourceType': 'internal_static', 'sourceId': 'my-applications'}, {'title': 'Resumen de postulaciones', 'domain': 'applications', 'sourceType': 'mongodb_collection', 'sourceId': 'applications'}]",,2026-07-10 01:18:53.632,0,
6a50488b510d785592365c54,6a5047b4510d785592365bee,69a4de0402dba2295f467d78,user,Quiero ayuda para mejorar mi CV,cv_help,applicant_support_agent,[],{'source': 'b2c-ai-widget'},2026-07-10 01:19:07.284,0,
6a50488c510d785592365c57,6a5047b4510d785592365bee,69a4de0402dba2295f467d78,assistant,"Para mejorar tu CV, te recomiendo utilizar la herramienta de Feedback. Esta analizará tu CV y te proporcionará un score, nivel profesional, compatibilidad, fortalezas, debilidades y sugerencias de mejoras.

Si deseas modificar información personal, ve a la sección ""Información Personal"" para editar tu nombre, apellidos, profesión, correo, LinkedIn, entre otros. 

Para agregar estudios, dirígete a la pestaña ""Educación"" y haz clic en el botón ""+"". Allí podrás ingresar detalles sobre tus estudios.

Si necesitas más ayuda, no dudes en preguntar.",cv_help,applicant_support_agent,"[{'title': 'Feedback de CV', 'domain': 'cv_editor', 'sourceType': 'internal_static', 'sourceId': 'cv-editor-feedback'}, {'title': 'Información Personal en CV Editor', 'domain': 'cv_editor', 'sourceType': 'internal_static', 'sourceId': 'cv-editor-personal-info'}, {'title': 'Educación en CV Editor', 'domain': 'cv_editor', 'sourceType': 'internal_static', 'sourceId': 'cv-editor-education'}, {'title': 'CVs del usuario', 'domain': 'cv', 'sourceType': 'mongodb_collection', 'sourceId': 'cvs'}]",,2026-07-10 01:19:08.842,0,
6a504895510d785592365c65,6a5047b4510d785592365bee,69a4de0402dba2295f467d78,user,Traducir CV,cv_help,applicant_support_agent,[],{'source': 'b2c-ai-widget'},2026-07-10 01:19:17.620,0,
6a504897510d785592365c6a,6a5047b4510d785592365bee,69a4de0402dba2295f467d78,assistant,"Para traducir tu CV al inglés, utiliza la opción ""En Inglés"" que se encuentra en la barra lateral derecha. 

Si necesitas hacer cambios en tu información personal, ve a la sección ""Información Personal"" donde podrás modificar nombres, apellidos, profesión, acerca de mí, correo, LinkedIn, página web, lugar y celular. 

Para agregar estudios, dirígete a la pestaña ""Educación"" y haz clic en el botón ""+"". Allí podrás completar los detalles de tu educación. 

Si necesitas más ayuda, revisa el módulo de Feedback de CV en la parte superior.",cv_help,applicant_support_agent,"[{'title': 'Traducción al Inglés', 'domain': 'cv_editor', 'sourceType': 'internal_static', 'sourceId': 'cv-editor-translation'}, {'title': 'Información Personal en CV Editor', 'domain': 'cv_editor', 'sourceType': 'internal_static', 'sourceId': 'cv-editor-personal-info'}, {'title': 'Educación en CV Editor', 'domain': 'cv_editor', 'sourceType': 'internal_static', 'sourceId': 'cv-editor-education'}, {'title': 'CVs del usuario', 'domain': 'cv', 'sourceType': 'mongodb_collection', 'sourceId': 'cvs'}]",,2026-07-10 01:19:19.049,0,
6a504a1e510d785592365c92,6a5047b4510d785592365bee,69a4de0402dba2295f467d78,user,¿Cómo cambio el diseño de mi CV?,cv_help,applicant_support_agent,[],{'source': 'b2c-ai-widget'},2026-07-10 01:25:50.740,0,
6a504a20510d785592365c95,6a5047b4510d785592365bee,69a4de0402dba2295f467d78,assistant,"Para cambiar el diseño de tu CV, sigue estos pasos:

1. Ve al menú lateral derecho y selecciona la opción ""Diseño"".
2. Escoge entre las opciones disponibles: Harvard o Barra Lateral.

Recuerda que puedes cambiar el diseño sin perder la información que ya has ingresado en tu CV. Si necesitas agregar estudios, puedes hacerlo desde la pestaña ""Educación"" haciendo clic en el símbolo ""+"".

Si tienes más preguntas, no dudes en preguntar.",cv_help,applicant_support_agent,"[{'title': 'Diseño del CV', 'domain': 'cv_editor', 'sourceType': 'internal_static', 'sourceId': 'cv-editor-layout'}, {'title': 'Información Personal en CV Editor', 'domain': 'cv_editor', 'sourceType': 'internal_static', 'sourceId': 'cv-editor-personal-info'}, {'title': 'Educación en CV Editor', 'domain': 'cv_editor', 'sourceType': 'internal_static', 'sourceId': 'cv-editor-education'}, {'title': 'CVs del usuario', 'domain': 'cv', 'sourceType': 'mongodb_collection', 'sourceId': 'cvs'}]",,2026-07-10 01:25:52.589,0,
6a504a3c510d785592365c9b,6a5047b4510d785592365bee,69a4de0402dba2295f467d78,user,¿Para qué sirven los créditos en el CV Editor?,cv_help,applicant_support_agent,[],{'source': 'b2c-ai-widget'},2026-07-10 01:26:20.341,0,
6a504a3d510d785592365c9e,6a5047b4510d785592365bee,69a4de0402dba2295f467d78,assistant,"Los créditos en el CV Editor se utilizan para acceder a ciertas funciones, como el test de autoconocimiento o el feedback sobre tu CV. Puedes ver cuántos créditos tienes en la parte superior del editor. Para adquirir más créditos, haz clic en ""Adquirir créditos"". 

Si necesitas agregar estudios, ve a la pestaña Educación y haz clic en ""+"". Allí podrás completar la información correspondiente.",cv_help,applicant_support_agent,"[{'title': 'Información Personal en CV Editor', 'domain': 'cv_editor', 'sourceType': 'internal_static', 'sourceId': 'cv-editor-personal-info'}, {'title': 'Créditos y Adquisición', 'domain': 'cv_editor', 'sourceType': 'internal_static', 'sourceId': 'cv-editor-credits'}, {'title': 'Educación en CV Editor', 'domain': 'cv_editor', 'sourceType': 'internal_static', 'sourceId': 'cv-editor-education'}, {'title': 'CVs del usuario', 'domain': 'cv', 'sourceType': 'mongodb_collection', 'sourceId': 'cvs'}]",,2026-07-10 01:26:21.859,0,
6a513de6269dd13c50d6d399,6a513de6269dd13c50d6d397,6a230fee0cb81686bb04f0ef,user,¿Cómo agrego habilidades técnicas o blandas?,cv_help,applicant_support_agent,[],{'source': 'b2c-ai-widget'},2026-07-10 18:45:58.189,0,
6a513de7269dd13c50d6d39c,6a513de6269dd13c50d6d397,6a230fee0cb81686bb04f0ef,assistant,"Para agregar habilidades técnicas o blandas a tu CV, sigue estos pasos:

1. Ve a la pestaña **Habilidades** en el editor de tu CV.
2. Para habilidades técnicas, puedes buscar o escribir habilidades específicas (como Excel, AutoCAD, etc.) y agregarlas.
3. Para habilidades blandas, puedes seleccionar de las sugerencias disponibles (como comunicación, liderazgo, etc.).

Asegúrate de guardar los cambios después de agregar las habilidades.",cv_help,applicant_support_agent,"[{'title': 'Habilidades en CV Editor', 'domain': 'cv_editor', 'sourceType': 'internal_static', 'sourceId': 'cv-editor-skills'}, {'title': 'Habilidades Técnicas en CV Editor', 'domain': 'cv_editor', 'sourceType': 'internal_static', 'sourceId': 'cv-editor-technical-skills'}, {'title': 'Habilidades Blandas en CV Editor', 'domain': 'cv_editor', 'sourceType': 'internal_static', 'sourceId': 'cv-editor-soft-skills'}, {'title': 'CVs del usuario', 'domain': 'cv', 'sourceType': 'mongodb_collection', 'sourceId': 'cvs'}]",,2026-07-10 18:45:59.639,0,
6a513df6269dd13c50d6d3a8,6a513de6269dd13c50d6d397,6a230fee0cb81686bb04f0ef,user,Quiero ayuda para mejorar mi CV,cv_help,applicant_support_agent,[],{'source': 'b2c-ai-widget'},2026-07-10 18:46:14.760,0,
6a513df9269dd13c50d6d3ab,6a513de6269dd13c50d6d397,6a230fee0cb81686bb04f0ef,assistant,"Para mejorar tu CV, te recomiendo utilizar la herramienta de Feedback. Esta analizará tu CV y te proporcionará un score, así como sugerencias sobre fortalezas, debilidades y palabras clave.

Además, si necesitas modificar información personal, puedes hacerlo desde la sección ""Información Personal"". Allí podrás actualizar tu nombre, profesión, correo, LinkedIn, entre otros.

Si deseas un análisis más profundo de tu score, dirígete al módulo de Feedback de CV en la parte superior.",cv_help,applicant_support_agent,"[{'title': 'Gestion de Curriculum Vitae', 'domain': 'cv', 'sourceType': 'internal_static', 'sourceId': 'cv-dashboard'}, {'title': 'Feedback de CV', 'domain': 'cv_editor', 'sourceType': 'internal_static', 'sourceId': 'cv-editor-feedback'}, {'title': 'Información Personal en CV Editor', 'domain': 'cv_editor', 'sourceType': 'internal_static', 'sourceId': 'cv-editor-personal-info'}, {'title': 'CVs del usuario', 'domain': 'cv', 'sourceType': 'mongodb_collection', 'sourceId': 'cvs'}]",,2026-07-10 18:46:17.163,0,
6a513e1d269dd13c50d6d3fa,6a513de6269dd13c50d6d397,6a230fee0cb81686bb04f0ef,user,¿Para qué sirven los créditos en el CV Editor?,cv_help,applicant_support_agent,[],{'source': 'b2c-ai-widget'},2026-07-10 18:46:53.770,0,
6a513e1f269dd13c50d6d3fd,6a513de6269dd13c50d6d397,6a230fee0cb81686bb04f0ef,assistant,"Los créditos en el CV Editor se utilizan para acceder a ciertas funciones, como el test de autoconocimiento o el feedback sobre tu CV. Puedes ver cuántos créditos tienes en la parte superior del editor. Para adquirir más créditos, haz clic en ""Adquirir créditos"". 

Si necesitas agregar estudios, ve a la pestaña Educación y haz clic en ""+"". Ahí podrás completar la información requerida.",cv_help,applicant_support_agent,"[{'title': 'Información Personal en CV Editor', 'domain': 'cv_editor', 'sourceType': 'internal_static', 'sourceId': 'cv-editor-personal-info'}, {'title': 'Créditos y Adquisición', 'domain': 'cv_editor', 'sourceType': 'internal_static', 'sourceId': 'cv-editor-credits'}, {'title': 'Educación en CV Editor', 'domain': 'cv_editor', 'sourceType': 'internal_static', 'sourceId': 'cv-editor-education'}, {'title': 'CVs del usuario', 'domain': 'cv', 'sourceType': 'mongodb_collection', 'sourceId': 'cvs'}]",,2026-07-10 18:46:55.767,0,
6a513e33269dd13c50d6d403,6a513de6269dd13c50d6d397,6a230fee0cb81686bb04f0ef,user,que ideas me podrias dar para el tema de mi cv?,cv_help,applicant_support_agent,[],{'source': 'b2c-ai-widget'},2026-07-10 18:47:15.992,0,
6a513e36269dd13c50d6d406,6a513de6269dd13c50d6d397,6a230fee0cb81686bb04f0ef,assistant,"Para mejorar el tema de tu CV, puedes considerar lo siguiente:

1. **Ajustes de Tema**: Ve a la opción ""Ajustes"" en el menú lateral y elige entre el tema claro o oscuro según tu preferencia.

2. **Información Personal**: Asegúrate de que tu nombre, profesión y otros datos estén actualizados en la sección ""Información Personal"".

3. **Agregar Estudios**: Si deseas incluir más formación, dirígete a la pestaña ""Educación"" y haz clic en el botón “+” para agregar estudios, especificando el tipo de educación, centro de estudios, carrera y fechas.

Recuerda que si decides borrar el CV, no podrás recuperarlo.",cv_help,applicant_support_agent,"[{'title': 'Ajustes del Editor', 'domain': 'cv_editor', 'sourceType': 'internal_static', 'sourceId': 'cv-editor-settings'}, {'title': 'Información Personal en CV Editor', 'domain': 'cv_editor', 'sourceType': 'internal_static', 'sourceId': 'cv-editor-personal-info'}, {'title': 'Educación en CV Editor', 'domain': 'cv_editor', 'sourceType': 'internal_static', 'sourceId': 'cv-editor-education'}, {'title': 'CVs del usuario', 'domain': 'cv', 'sourceType': 'mongodb_collection', 'sourceId': 'cvs'}]",,2026-07-10 18:47:18.982,0,
6a53fd1dd1affa879ee69aef,6a53fd1dd1affa879ee69aed,68265ffee35d855e7f207991,user,¿Cómo traduzco mi CV al inglés?,cv_help,applicant_support_agent,[],{'source': 'b2c-ai-widget'},2026-07-12 20:46:21.722,0,
6a53fd1fd1affa879ee69af2,6a53fd1dd1affa879ee69aed,68265ffee35d855e7f207991,assistant,"Para traducir tu CV al inglés, sigue estos pasos:

1. En la barra lateral derecha, selecciona la opción ""En Inglés"" para traducir automáticamente tu CV.
2. Si deseas añadir idiomas, ve a la pestaña ""Habilidades"" y haz clic en ""Agregar idioma"". Selecciona inglés y elige tu nivel.

Recuerda que los cambios se reflejarán en la vista previa de tu CV. Si necesitas más ayuda, házmelo saber.",cv_help,applicant_support_agent,"[{'title': 'Traducción al Inglés', 'domain': 'cv_editor', 'sourceType': 'internal_static', 'sourceId': 'cv-editor-translation'}, {'title': 'Idiomas en CV Editor', 'domain': 'cv_editor', 'sourceType': 'internal_static', 'sourceId': 'cv-editor-languages'}, {'title': 'Información Personal en CV Editor', 'domain': 'cv_editor', 'sourceType': 'internal_static', 'sourceId': 'cv-editor-personal-info'}, {'title': 'CVs del usuario', 'domain': 'cv', 'sourceType': 'mongodb_collection', 'sourceId': 'cvs'}]",,2026-07-12 20:46:23.257,0,
6a53fd4ad1affa879ee69b0f,6a53fd49d1affa879ee69b0d,6a53fc2bd1affa879ee699f4,user,Quiero ayuda para mejorar mi CV,cv_help,applicant_support_agent,[],{'source': 'b2c-ai-widget'},2026-07-12 20:47:06.067,0,
6a53fd4bd1affa879ee69b12,6a53fd49d1affa879ee69b0d,6a53fc2bd1affa879ee699f4,assistant,"Para mejorar tu CV, te recomiendo utilizar la herramienta de Feedback. Esta herramienta analizará tu CV y te proporcionará un score, nivel profesional, compatibilidad, fortalezas, debilidades, keywords sugeridas y más.

Si deseas modificar información personal, ve a la sección ""Información Personal"" donde puedes editar tu nombre, apellidos, profesión, correo, LinkedIn, entre otros. 

Para agregar estudios, dirígete a la pestaña ""Educación"" y haz clic en el símbolo ""+"". Allí podrás completar los detalles de tus estudios.

Si necesitas más ayuda, no dudes en preguntar.",cv_help,applicant_support_agent,"[{'title': 'Feedback de CV', 'domain': 'cv_editor', 'sourceType': 'internal_static', 'sourceId': 'cv-editor-feedback'}, {'title': 'Información Personal en CV Editor', 'domain': 'cv_editor', 'sourceType': 'internal_static', 'sourceId': 'cv-editor-personal-info'}, {'title': 'Educación en CV Editor', 'domain': 'cv_editor', 'sourceType': 'internal_static', 'sourceId': 'cv-editor-education'}, {'title': 'CVs del usuario', 'domain': 'cv', 'sourceType': 'mongodb_collection', 'sourceId': 'cvs'}]",,2026-07-12 20:47:07.706,0,
6a53fd72d1affa879ee69b26,6a53fd1dd1affa879ee69aed,68265ffee35d855e7f207991,user,Cómo reviso el estado de mis postulaciones,application_status,applicant_support_agent,[],{'source': 'b2c-ai-widget'},2026-07-12 20:47:46.074,0,
6a53fd73d1affa879ee69b29,6a53fd1dd1affa879ee69aed,68265ffee35d855e7f207991,assistant,"Para revisar el estado de tus postulaciones, ve a la sección de ""Postulaciones"" en tu cuenta. Allí podrás consultar las postulaciones asociadas a tu cuenta y el detalle disponible de cada proceso. Si no tienes postulaciones, se mostrará que no hay registros.",application_status,applicant_support_agent,"[{'title': 'Consulta de postulaciones', 'domain': 'applications', 'sourceType': 'internal_static', 'sourceId': 'my-applications'}, {'title': 'Resumen de postulaciones', 'domain': 'applications', 'sourceType': 'mongodb_collection', 'sourceId': 'applications'}]",,2026-07-12 20:47:47.218,0,
6a53fe4cd1affa879ee69c4a,6a53fd1dd1affa879ee69aed,68265ffee35d855e7f207991,user,Cómo puedo inscribirme a un curso,enrollment_help,course_sales_agent,[],{'source': 'b2c-ai-widget'},2026-07-12 20:51:24.504,0,
6a53fe4cd1affa879ee69c4c,6a53fd1dd1affa879ee69aed,68265ffee35d855e7f207991,assistant,"Para inscribirte a un curso en laboral.ai:

1. Ingresa a la seccion Cursos.
2. Busca un curso de tu interes usando la barra de busqueda o aplica filtros por tipo o modalidad.
3. Selecciona el curso que prefieras para abrir el detalle.
4. Revisa la informacion publica del curso: descripcion, modalidad, duracion, precio y certificado si aplica.
5. Haz clic en el boton Registrar o Inscribirme.
6. Completa los datos o pasos que te solicite la plataforma.
7. Si el curso requiere pago, sigue el flujo de pago indicado; si es gratuito, la plataforma continuara con el registro correspondiente.

Luego podras revisar tus cursos o inscripciones desde la seccion Cursos.",enrollment_help,course_sales_agent,"[{'title': 'Ayuda con inscripcion a cursos', 'domain': 'courses', 'sourceType': 'internal_static', 'sourceId': 'course-enrollment'}]",,2026-07-12 20:51:24.592,0,
6a53fe53d1affa879ee69c52,6a53fd1dd1affa879ee69aed,68265ffee35d855e7f207991,user,Cómo reviso el estado de mis postulaciones,application_status,applicant_support_agent,[],{'source': 'b2c-ai-widget'},2026-07-12 20:51:31.126,0,
6a53fe54d1affa879ee69c55,6a53fd1dd1affa879ee69aed,68265ffee35d855e7f207991,assistant,"Para revisar el estado de tus postulaciones, dirígete a la sección de ""Postulaciones"" en tu cuenta. Allí podrás ver todas las postulaciones asociadas a tu perfil y consultar el detalle disponible de cada proceso. Si necesitas más ayuda, no dudes en preguntar.",application_status,applicant_support_agent,"[{'title': 'Consulta de postulaciones', 'domain': 'applications', 'sourceType': 'internal_static', 'sourceId': 'my-applications'}, {'title': 'Resumen de postulaciones', 'domain': 'applications', 'sourceType': 'mongodb_collection', 'sourceId': 'applications'}]",,2026-07-12 20:51:32.704,0,
6a5402f5d1affa879ee69c9a,6a5402f4d1affa879ee69c98,6a540298d1affa879ee69c79,user,Cómo postular a una oferta laboral,job_search,applicant_support_agent,[],{'source': 'b2c-ai-widget'},2026-07-12 21:11:17.028,0,
6a5402f5d1affa879ee69c9c,6a5402f4d1affa879ee69c98,6a540298d1affa879ee69c79,assistant,"Para postular a una oferta laboral en laboral.ai:

1. Ingresa a la seccion Empleos.
2. Abre la oferta que te interesa para revisar el detalle, requisitos y condiciones publicadas.
3. Verifica que tienes un CV principal actualizado en la seccion Curriculum Vitae.
4. Presiona la opcion de postular dentro del detalle de la oferta.
5. Completa la informacion solicitada y confirma tu postulacion.

Luego puedes revisar el estado de tus procesos en la seccion Mis postulaciones.",job_search,applicant_support_agent,"[{'title': 'Busqueda de empleos', 'domain': 'jobs', 'sourceType': 'internal_static', 'sourceId': 'jobs-listing'}]",,2026-07-12 21:11:17.120,0,
6a540360d1affa879ee69d34,6a5402f4d1affa879ee69c98,6a540298d1affa879ee69c79,user,Hablar con un asesor,human_handoff,human_handoff,[],{'source': 'b2c-ai-widget'},2026-07-12 21:13:04.941,0,
6a540361d1affa879ee69d36,6a5402f4d1affa879ee69c98,6a540298d1affa879ee69c79,assistant,"Entiendo que necesitas ayuda personalizada. Registré esta conversación como requerimiento para atención humana. Por favor describe brevemente el problema y evita compartir contraseñas, tokens o datos sensibles.",human_handoff,human_handoff,[],,2026-07-12 21:13:05.029,0,
6a54036bd1affa879ee69d40,6a5402f4d1affa879ee69c98,6a540298d1affa879ee69c79,user,Cómo reviso el estado de mis postulaciones,application_status,applicant_support_agent,[],{'source': 'b2c-ai-widget'},2026-07-12 21:13:15.426,0,
6a54036cd1affa879ee69d43,6a5402f4d1affa879ee69c98,6a540298d1affa879ee69c79,assistant,"Para revisar el estado de tus postulaciones, ve a la sección de ""Postulaciones"" en tu cuenta. Allí podrás consultar las postulaciones asociadas y el detalle disponible de cada proceso. Si no tienes postulaciones registradas, no aparecerá ninguna información.",application_status,applicant_support_agent,"[{'title': 'Consulta de postulaciones', 'domain': 'applications', 'sourceType': 'internal_static', 'sourceId': 'my-applications'}, {'title': 'Resumen de postulaciones', 'domain': 'applications', 'sourceType': 'mongodb_collection', 'sourceId': 'applications'}]",,2026-07-12 21:13:16.596,0,
6a540375d1affa879ee69d49,6a5402f4d1affa879ee69c98,6a540298d1affa879ee69c79,user,hola +,support_platform,applicant_support_agent,[],{'source': 'b2c-ai-widget'},2026-07-12 21:13:25.525,0,
6a540375d1affa879ee69d4c,6a5402f4d1affa879ee69c98,6a540298d1affa879ee69c79,assistant,"Hola Hellen Saraí. ¿Necesitas ayuda con CV, empleos, postulaciones, cursos, eventos, empresas o tu perfil?",support_platform,applicant_support_agent,"[{'title': 'Uso general del panel postulante', 'domain': 'support', 'sourceType': 'internal_static', 'sourceId': 'support-panel-b2c'}]",,2026-07-12 21:13:25.697,0,
6a5473f7d1affa879ee6e292,6a5473f7d1affa879ee6e290,6a4dc9f2a01bce073d1ed937,user,Quiero ayuda para mejorar mi CV,cv_help,applicant_support_agent,[],{'source': 'b2c-ai-widget'},2026-07-13 05:13:27.501,0,
6a5473f9d1affa879ee6e295,6a5473f7d1affa879ee6e290,6a4dc9f2a01bce073d1ed937,assistant,"Para mejorar tu CV, te recomiendo utilizar la herramienta de Feedback. Esta herramienta analizará tu CV y te proporcionará un score, así como sugerencias sobre fortalezas, debilidades y palabras clave.

Además, si necesitas modificar información personal, puedes hacerlo desde la sección ""Información Personal"" en la interfaz. Ahí podrás actualizar tu nombre, profesión, correo, entre otros.

Si necesitas más ayuda, no dudes en preguntar.",cv_help,applicant_support_agent,"[{'title': 'Gestion de Curriculum Vitae', 'domain': 'cv', 'sourceType': 'internal_static', 'sourceId': 'cv-dashboard'}, {'title': 'Feedback de CV', 'domain': 'cv_editor', 'sourceType': 'internal_static', 'sourceId': 'cv-editor-feedback'}, {'title': 'Información Personal en CV Editor', 'domain': 'cv_editor', 'sourceType': 'internal_static', 'sourceId': 'cv-editor-personal-info'}, {'title': 'CVs del usuario', 'domain': 'cv', 'sourceType': 'mongodb_collection', 'sourceId': 'cvs'}]",,2026-07-13 05:13:29.332,0,
6a547400d1affa879ee6e29b,6a5473f7d1affa879ee6e290,6a4dc9f2a01bce073d1ed937,user,Cómo puedo inscribirme a un curso,enrollment_help,course_sales_agent,[],{'source': 'b2c-ai-widget'},2026-07-13 05:13:36.439,0,
6a547400d1affa879ee6e29d,6a5473f7d1affa879ee6e290,6a4dc9f2a01bce073d1ed937,assistant,"Para inscribirte a un curso en laboral.ai:

1. Ingresa a la seccion Cursos.
2. Busca un curso de tu interes usando la barra de busqueda o aplica filtros por tipo o modalidad.
3. Selecciona el curso que prefieras para abrir el detalle.
4. Revisa la informacion publica del curso: descripcion, modalidad, duracion, precio y certificado si aplica.
5. Haz clic en el boton Registrar o Inscribirme.
6. Completa los datos o pasos que te solicite la plataforma.
7. Si el curso requiere pago, sigue el flujo de pago indicado; si es gratuito, la plataforma continuara con el registro correspondiente.

Luego podras revisar tus cursos o inscripciones desde la seccion Cursos.",enrollment_help,course_sales_agent,"[{'title': 'Ayuda con inscripcion a cursos', 'domain': 'courses', 'sourceType': 'internal_static', 'sourceId': 'course-enrollment'}]",,2026-07-13 05:13:36.522,0,
6a547429d1affa879ee6e2c4,6a5473f7d1affa879ee6e290,6a4dc9f2a01bce073d1ed937,user,hola,support_platform,applicant_support_agent,[],{'source': 'b2c-ai-widget'},2026-07-13 05:14:17.499,0,
6a547429d1affa879ee6e2c7,6a5473f7d1affa879ee6e290,6a4dc9f2a01bce073d1ed937,assistant,"Hola Sofia Victoria. ¿Necesitas ayuda con CV, empleos, postulaciones, cursos, eventos, empresas o tu perfil?",support_platform,applicant_support_agent,"[{'title': 'Uso general del panel postulante', 'domain': 'support', 'sourceType': 'internal_static', 'sourceId': 'support-panel-b2c'}]",,2026-07-13 05:14:17.663,0,
6a54743ed1affa879ee6e2d1,6a5473f7d1affa879ee6e290,6a4dc9f2a01bce073d1ed937,user,me gustaría saber de las proximas capacitaciones,courses_sales,course_sales_agent,[],{'source': 'b2c-ai-widget'},2026-07-13 05:14:38.346,0,
6a54743ed1affa879ee6e2e1,6a5473f7d1affa879ee6e290,6a4dc9f2a01bce073d1ed937,assistant,"Actualmente no encontre cursos especificos de gustaria saber proximas disponibles en la plataforma. Sin embargo, puedo mostrarte otros cursos disponibles o puedes revisar el catalogo completo en la seccion Cursos.",courses_sales,course_sales_agent,"[{'title': 'Consulta de cursos', 'domain': 'courses', 'sourceType': 'internal_static', 'sourceId': 'courses-listing'}]",,2026-07-13 05:14:38.515,0,
6a5474f5d1affa879ee6e345,6a5473f7d1affa879ee6e290,6a4dc9f2a01bce073d1ed937,user,Muéstrame cursos disponibles,courses_sales,course_sales_agent,[],{'source': 'b2c-ai-widget'},2026-07-13 05:17:41.941,0,
6a5474f6d1affa879ee6e355,6a5473f7d1affa879ee6e290,6a4dc9f2a01bce073d1ed937,assistant,"Actualmente encontre 6 cursos activos. Te muestro algunas opciones:

1. Mentores: Mentalidad de Líder
 - Descripcion: 𝗠𝗲𝗻𝘁𝗮𝗹𝗶𝗱𝗮𝗱 𝗱𝗲 𝗟𝗶́𝗱𝗲𝗿

Desarrolla las habilidades y la mentalidad necesarias para liderar, influir positivamente en otros y afrontar desafíos con una visión de crec...
 - Duracion: 50 minutos
 - Modalidad: Virtual - Asíncrono
 - Instructor: Kevin Masquez
 - Precio: Gratis
 - Nivel: Básico
 - Certificado: No
 - Fecha de inicio: Acceso directo
 - Fecha de fin: 2026-08-29
 - Sesiones: 1 sesiones

2. Ikigai
 - Descripcion: Identifica tu propósito personal con este framework, IKIGAI, que te servirá para guiar tu carrera profesional.
 - Duracion: 40 minutos
 - Modalidad: Virtual - Asíncrono
 - Instructor: Bryan Cerna
 - Precio: Gratis
 - Nivel: Básico
 - Certificado: No
 - Fecha de inicio: Acceso directo
 - Fecha de fin: 2026-12-30

3. Productividad en equipo con Google Workspace
 - Descripcion: ¡Conviértete en un héroe de la productividad! Aprende a centralizar tu centro de mando en Gmail, diseñar arquitecturas de tiempo en Calendar y automatizar el análisis de datos en S...
 - Duracion: 40 minutos
 - Modalidad: Virtual - Asíncrono
 - Instructor: Sofia Flores y José Pauyac
 - Precio: Gratis
 - Nivel: Básico
 - Certificado: Si
 - Fecha de inicio: Acceso directo
 - Fecha de fin: 2026-12-30

Tambien hay mas cursos disponibles. Puedes pedirme 'muestrame mas cursos' o revisar el catalogo completo en la seccion Cursos.",courses_sales,course_sales_agent,"[{'title': 'Consulta de cursos', 'domain': 'courses', 'sourceType': 'internal_static', 'sourceId': 'courses-listing'}, {'title': 'Mentores: Mentalidad de Líder', 'domain': 'courses', 'sourceType': 'mongodb_collection'}, {'title': 'Ikigai', 'domain': 'courses', 'sourceType': 'mongodb_collection'}, {'title': 'Productividad en equipo con Google Workspace', 'domain': 'courses', 'sourceType': 'mongodb_collection'}]",,2026-07-13 05:17:42.119,0,
6a556bf9f983cae3ab5bdb84,6a556bf9f983cae3ab5bdb82,6a556b02f983cae3ab5bdb2a,user,hola,support_platform,applicant_support_agent,[],{'source': 'b2c-ai-widget'},2026-07-13 22:51:37.821,0,
6a556bfaf983cae3ab5bdb87,6a556bf9f983cae3ab5bdb82,6a556b02f983cae3ab5bdb2a,assistant,"Hola Sebastian Fernando. ¿Necesitas ayuda con CV, empleos, postulaciones, cursos, eventos, empresas o tu perfil?",support_platform,applicant_support_agent,"[{'title': 'Uso general del panel postulante', 'domain': 'support', 'sourceType': 'internal_static', 'sourceId': 'support-panel-b2c'}]",,2026-07-13 22:51:38.000,0,
6a556cbcf983cae3ab5bdbef,6a556bf9f983cae3ab5bdb82,6a556b02f983cae3ab5bdb2a,user,cual es el test de autoconocimiento?,out_of_scope,boundary_guard,[],{'source': 'b2c-ai-widget'},2026-07-13 22:54:52.191,0,
6a556cbcf983cae3ab5bdbf1,6a556bf9f983cae3ab5bdb82,6a556b02f983cae3ab5bdb2a,assistant,"Por ahora solo puedo ayudarte con consultas relacionadas a laboral.ai, CV, empleos, postulaciones, empresas, cursos, eventos, perfil o inscripción.",out_of_scope,boundary_guard,[],,2026-07-13 22:54:52.283,0,
6a556cc5f983cae3ab5bdc03,6a556bf9f983cae3ab5bdb82,6a556b02f983cae3ab5bdb2a,user,que hora es,out_of_scope,boundary_guard,[],{'source': 'b2c-ai-widget'},2026-07-13 22:55:01.011,0,
6a556cc5f983cae3ab5bdc05,6a556bf9f983cae3ab5bdb82,6a556b02f983cae3ab5bdb2a,assistant,"Por ahora solo puedo ayudarte con consultas relacionadas a laboral.ai, CV, empleos, postulaciones, empresas, cursos, eventos, perfil o inscripción.",out_of_scope,boundary_guard,[],,2026-07-13 22:55:01.104,0,
6a57ab4e3740f1c7deba6f69,6a57ab4e3740f1c7deba6f67,69c0ad3d09d9ef031b7677f2,user,Quiero ayuda para mejorar mi CV,cv_help,applicant_support_agent,[],{'source': 'b2c-ai-widget'},2026-07-15 15:46:22.485,0,
6a57ab523740f1c7deba6f6e,6a57ab4e3740f1c7deba6f67,69c0ad3d09d9ef031b7677f2,assistant,"Para mejorar tu CV, te recomiendo utilizar la herramienta de Feedback. Esta herramienta analizará tu CV y te proporcionará un score, nivel profesional, compatibilidad, fortalezas, debilidades, keywords sugeridas y prioridades de mejora.

Si deseas realizar cambios en tu CV, aquí tienes algunas instrucciones:

1. **Información Personal**: Ve a la sección de Información Personal para modificar tu nombre, apellidos, profesión, acerca de mí, correo, LinkedIn, página web, lugar y celular.

2. **Educación**: En la pestaña Educación, puedes agregar estudios haciendo clic en el botón “+”. Completa los campos requeridos como tipo de educación, centro de estudios, carrera/curso y fechas.

Si necesitas más ayuda, revisa el módulo de Feedback de CV para un análisis más profundo.",cv_help,applicant_support_agent,"[{'title': 'Feedback de CV', 'domain': 'cv_editor', 'sourceType': 'internal_static', 'sourceId': 'cv-editor-feedback'}, {'title': 'Información Personal en CV Editor', 'domain': 'cv_editor', 'sourceType': 'internal_static', 'sourceId': 'cv-editor-personal-info'}, {'title': 'Educación en CV Editor', 'domain': 'cv_editor', 'sourceType': 'internal_static', 'sourceId': 'cv-editor-education'}, {'title': 'CVs del usuario', 'domain': 'cv', 'sourceType': 'mongodb_collection', 'sourceId': 'cvs'}]",,2026-07-15 15:46:26.687,0,
6a57ab783740f1c7deba6f94,6a57ab4e3740f1c7deba6f67,69c0ad3d09d9ef031b7677f2,user,como puedo saber cuantop dura el curso de mentores,courses_sales,course_sales_agent,[],{'source': 'b2c-ai-widget'},2026-07-15 15:47:04.006,0,
6a57ab783740f1c7deba6fa4,6a57ab4e3740f1c7deba6f67,69c0ad3d09d9ef031b7677f2,assistant,"Actualmente encontre 1 curso activo. Te muestro algunas opciones:

1. Mentores: Mentalidad de Líder
 - Descripcion: 𝗠𝗲𝗻𝘁𝗮𝗹𝗶𝗱𝗮𝗱 𝗱𝗲 𝗟𝗶́𝗱𝗲𝗿

Desarrolla las habilidades y la mentalidad necesarias para liderar, influir positivamente en otros y afrontar desafíos con una visión de crec...
 - Duracion: 50 minutos
 - Modalidad: Virtual - Asíncrono
 - Instructor: Kevin Masquez
 - Precio: Gratis
 - Nivel: Básico
 - Certificado: No
 - Fecha de inicio: Acceso directo
 - Fecha de fin: 2026-08-29
 - Sesiones: 1 sesiones

 Puedes abrir la seccion Cursos para revisar el detalle publicado.",courses_sales,course_sales_agent,"[{'title': 'Consulta de cursos', 'domain': 'courses', 'sourceType': 'internal_static', 'sourceId': 'courses-listing'}, {'title': 'Mentores: Mentalidad de Líder', 'domain': 'courses', 'sourceType': 'mongodb_collection'}]",,2026-07-15 15:47:04.188,0,
6a57abd73740f1c7deba6fbe,6a57ab4e3740f1c7deba6f67,69c0ad3d09d9ef031b7677f2,user,¿Cómo busco cursos?❌,courses_sales,course_sales_agent,[],{'source': 'b2c-ai-widget'},2026-07-15 15:48:39.862,0,
6a57abd83740f1c7deba6fce,6a57ab4e3740f1c7deba6f67,69c0ad3d09d9ef031b7677f2,assistant,"Actualmente no encontre cursos especificos de como busco disponibles en la plataforma. Sin embargo, puedo mostrarte otros cursos disponibles o puedes revisar el catalogo completo en la seccion Cursos.",courses_sales,course_sales_agent,"[{'title': 'Consulta de cursos', 'domain': 'courses', 'sourceType': 'internal_static', 'sourceId': 'courses-listing'}]",,2026-07-15 15:48:40.054,0,
6a57abe13740f1c7deba6fd8,6a57ab4e3740f1c7deba6f67,69c0ad3d09d9ef031b7677f2,user,¿Cómo me inscribo a un curso?,courses_sales,course_sales_agent,[],{'source': 'b2c-ai-widget'},2026-07-15 15:48:49.792,0,
6a57abe13740f1c7deba6fe8,6a57ab4e3740f1c7deba6f67,69c0ad3d09d9ef031b7677f2,assistant,"Actualmente no encontre cursos especificos de como inscribo disponibles en la plataforma. Sin embargo, puedo mostrarte otros cursos disponibles o puedes revisar el catalogo completo en la seccion Cursos.",courses_sales,course_sales_agent,"[{'title': 'Consulta de cursos', 'domain': 'courses', 'sourceType': 'internal_static', 'sourceId': 'courses-listing'}]",,2026-07-15 15:48:49.978,0,
6a57ac223740f1c7deba6ffa,6a57ab4e3740f1c7deba6f67,69c0ad3d09d9ef031b7677f2,user,¿Qué eventos hay actualmente?,events_help,applicant_support_agent,[],{'source': 'b2c-ai-widget'},2026-07-15 15:49:54.815,0,
6a57ac233740f1c7deba6ffc,6a57ab4e3740f1c7deba6f67,69c0ad3d09d9ef031b7677f2,assistant,"Puedes revisar los eventos disponibles en la sección de Eventos. Allí podrás ver los detalles de cada evento y registrarte cuando la opción esté habilitada. Si necesitas más información específica, házmelo saber.",events_help,applicant_support_agent,"[{'title': 'Consulta de eventos', 'domain': 'events', 'sourceType': 'internal_static', 'sourceId': 'events-listing'}]",,2026-07-15 15:49:55.986,0,
6a58064f303628e35f22b393,6a58064f303628e35f22b391,6a5039f8510d78559236528e,user,¿Cómo agrego habilidades técnicas o blandas?,cv_help,applicant_support_agent,[],{'source': 'b2c-ai-widget'},2026-07-15 22:14:39.959,0,
6a580652303628e35f22b396,6a58064f303628e35f22b391,6a5039f8510d78559236528e,assistant,"Para agregar habilidades técnicas o blandas a tu CV, sigue estos pasos:

1. Ve a la pestaña **Habilidades** en el editor de tu CV.
2. Para habilidades técnicas, puedes buscar o escribir habilidades específicas (como Excel, AutoCAD, etc.) y agregarlas.
3. Para habilidades blandas, puedes seleccionar de las sugerencias disponibles (como comunicación, liderazgo, etc.) y añadirlas.

Asegúrate de guardar los cambios después de añadir las habilidades. Si necesitas más ayuda, no dudes en preguntar.",cv_help,applicant_support_agent,"[{'title': 'Habilidades en CV Editor', 'domain': 'cv_editor', 'sourceType': 'internal_static', 'sourceId': 'cv-editor-skills'}, {'title': 'Habilidades Técnicas en CV Editor', 'domain': 'cv_editor', 'sourceType': 'internal_static', 'sourceId': 'cv-editor-technical-skills'}, {'title': 'Habilidades Blandas en CV Editor', 'domain': 'cv_editor', 'sourceType': 'internal_static', 'sourceId': 'cv-editor-soft-skills'}, {'title': 'CVs del usuario', 'domain': 'cv', 'sourceType': 'mongodb_collection', 'sourceId': 'cvs'}]",,2026-07-15 22:14:42.467,0,
6a58066c303628e35f22b3a8,6a58064f303628e35f22b391,6a5039f8510d78559236528e,user,Cómo puedo inscribirme a un curso,enrollment_help,course_sales_agent,[],{'source': 'b2c-ai-widget'},2026-07-15 22:15:08.922,0,
6a58066d303628e35f22b3aa,6a58064f303628e35f22b391,6a5039f8510d78559236528e,assistant,"Para inscribirte a un curso en laboral.ai:

1. Ingresa a la seccion Cursos.
2. Busca un curso de tu interes usando la barra de busqueda o aplica filtros por tipo o modalidad.
3. Selecciona el curso que prefieras para abrir el detalle.
4. Revisa la informacion publica del curso: descripcion, modalidad, duracion, precio y certificado si aplica.
5. Haz clic en el boton Registrar o Inscribirme.
6. Completa los datos o pasos que te solicite la plataforma.
7. Si el curso requiere pago, sigue el flujo de pago indicado; si es gratuito, la plataforma continuara con el registro correspondiente.

Luego podras revisar tus cursos o inscripciones desde la seccion Cursos.",enrollment_help,course_sales_agent,"[{'title': 'Ayuda con inscripcion a cursos', 'domain': 'courses', 'sourceType': 'internal_static', 'sourceId': 'course-enrollment'}]",,2026-07-15 22:15:09.010,0,
6a58067d303628e35f22b3c7,6a58064f303628e35f22b391,6a5039f8510d78559236528e,user,Curso de power bi,courses_sales,course_sales_agent,[],{'source': 'b2c-ai-widget'},2026-07-15 22:15:25.042,0,
6a58067d303628e35f22b3d7,6a58064f303628e35f22b391,6a5039f8510d78559236528e,assistant,"Actualmente no encontre cursos especificos de power disponibles en la plataforma. Sin embargo, puedo mostrarte otros cursos disponibles o puedes revisar el catalogo completo en la seccion Cursos.",courses_sales,course_sales_agent,"[{'title': 'Consulta de cursos', 'domain': 'courses', 'sourceType': 'internal_static', 'sourceId': 'courses-listing'}]",,2026-07-15 22:15:25.220,0,
6a5806e6303628e35f22b435,6a58064f303628e35f22b391,6a5039f8510d78559236528e,user,no cuento con expoericnia laboral como elimnaria en mi cv?,cv_help,applicant_support_agent,[],{'source': 'b2c-ai-widget'},2026-07-15 22:17:10.013,0,
6a5806e7303628e35f22b438,6a58064f303628e35f22b391,6a5039f8510d78559236528e,assistant,"Para eliminar la experiencia laboral de tu CV, ve a la pestaña ""Experiencia"". Allí podrás gestionar tus experiencias laborales. Si no tienes experiencia laboral, simplemente no agregues ninguna. 

Recuerda que el switch ""En progreso"" indica si la experiencia sigue activa, y el sistema evita contar duplicados para medir tu situación laboral. 

Si necesitas más ayuda, no dudes en preguntar.",cv_help,applicant_support_agent,"[{'title': 'Experiencia en CV Editor', 'domain': 'cv_editor', 'sourceType': 'internal_static', 'sourceId': 'cv-editor-experience'}, {'title': 'Motiva Match', 'domain': 'cv_editor', 'sourceType': 'internal_static', 'sourceId': 'cv-editor-motiva-match'}, {'title': 'Información Personal en CV Editor', 'domain': 'cv_editor', 'sourceType': 'internal_static', 'sourceId': 'cv-editor-personal-info'}, {'title': 'CVs del usuario', 'domain': 'cv', 'sourceType': 'mongodb_collection', 'sourceId': 'cvs'}]",,2026-07-15 22:17:11.746,0,
6a586d33303628e35f230133,6a586d33303628e35f230131,6a5851de303628e35f22fdaf,user,"ya tengo mi cv hecho, pero lo veo sin vida osea tono serio es normal? o puede tener color?",cv_help,applicant_support_agent,[],{'source': 'b2c-ai-widget'},2026-07-16 05:33:39.228,0,
6a586d35303628e35f230136,6a586d33303628e35f230131,6a5851de303628e35f22fdaf,assistant,"Es normal que un CV tenga un tono serio, pero puedes darle un toque más personal. Para hacerlo, puedes agregar un diseño más atractivo o incluir un resumen que refleje tu personalidad. 

Si deseas hacer cambios en tu CV, puedes hacerlo desde la sección de Información Personal para modificar tu descripción o agregar elementos que muestren tu estilo. 

Si necesitas agregar estudios o experiencias, recuerda que puedes hacerlo desde las pestañas correspondientes. ¿Te gustaría saber cómo agregar estudios o experiencias específicas?",cv_help,applicant_support_agent,"[{'title': 'Información Personal en CV Editor', 'domain': 'cv_editor', 'sourceType': 'internal_static', 'sourceId': 'cv-editor-personal-info'}, {'title': 'Educación en CV Editor', 'domain': 'cv_editor', 'sourceType': 'internal_static', 'sourceId': 'cv-editor-education'}, {'title': 'Experiencia en CV Editor', 'domain': 'cv_editor', 'sourceType': 'internal_static', 'sourceId': 'cv-editor-experience'}, {'title': 'CVs del usuario', 'domain': 'cv', 'sourceType': 'mongodb_collection', 'sourceId': 'cvs'}]",,2026-07-16 05:33:41.058,0,
6a586d59303628e35f23013c,6a586d33303628e35f230131,6a5851de303628e35f22fdaf,user,"me refiero a los colores, esta todo negro",cv_help,applicant_support_agent,[],{'source': 'b2c-ai-widget'},2026-07-16 05:34:17.669,0,
6a586d5b303628e35f23013f,6a586d33303628e35f230131,6a5851de303628e35f22fdaf,assistant,"Para cambiar los colores de tu CV, debes ir a la sección de configuración de diseño o apariencia dentro del editor de CV. Busca opciones relacionadas con el estilo o tema, donde podrás seleccionar diferentes colores y estilos para personalizar tu CV. 

Si necesitas más ayuda, revisa las opciones disponibles en la interfaz del editor.",cv_help,applicant_support_agent,"[{'title': 'Información Personal en CV Editor', 'domain': 'cv_editor', 'sourceType': 'internal_static', 'sourceId': 'cv-editor-personal-info'}, {'title': 'Educación en CV Editor', 'domain': 'cv_editor', 'sourceType': 'internal_static', 'sourceId': 'cv-editor-education'}, {'title': 'Experiencia en CV Editor', 'domain': 'cv_editor', 'sourceType': 'internal_static', 'sourceId': 'cv-editor-experience'}, {'title': 'CVs del usuario', 'domain': 'cv', 'sourceType': 'mongodb_collection', 'sourceId': 'cvs'}]",,2026-07-16 05:34:19.188,0,
6a596904303628e35f230b46,6a596904303628e35f230b44,6a53fc8ed1affa879ee69a42,user,Que son las habilidades blandas,cv_help,applicant_support_agent,[],{'source': 'b2c-ai-widget'},2026-07-16 23:28:04.752,0,
6a596905303628e35f230b49,6a596904303628e35f230b44,6a53fc8ed1affa879ee69a42,assistant,"Las habilidades blandas son competencias interpersonales que facilitan la interacción y colaboración con otras personas. Ejemplos incluyen la comunicación, el liderazgo, el trabajo en equipo, la responsabilidad, la adaptabilidad y el pensamiento crítico.

Para añadir habilidades blandas a tu CV, dirígete a la pestaña Habilidades en la interfaz de edición de tu CV. Allí podrás gestionar y agregar las habilidades que consideres relevantes.",cv_help,applicant_support_agent,"[{'title': 'Habilidades en CV Editor', 'domain': 'cv_editor', 'sourceType': 'internal_static', 'sourceId': 'cv-editor-skills'}, {'title': 'Habilidades Blandas en CV Editor', 'domain': 'cv_editor', 'sourceType': 'internal_static', 'sourceId': 'cv-editor-soft-skills'}, {'title': 'CVs del usuario', 'domain': 'cv', 'sourceType': 'mongodb_collection', 'sourceId': 'cvs'}]",,2026-07-16 23:28:05.896,0,
6a59a5c4303628e35f2343e3,6a59a5c4303628e35f2343e1,6a59a197303628e35f234295,user,donde esta el tes de autoconocimiento,cv_help,applicant_support_agent,[],{'source': 'b2c-ai-widget'},2026-07-17 03:47:16.342,0,
6a59a5c5303628e35f2343e6,6a59a5c4303628e35f2343e1,6a59a197303628e35f234295,assistant,"El Test de Autoconocimiento está ubicado en la parte superior de la plataforma. Próximamente será reemplazado por el Ikigai Test Laboral.AI. Si necesitas más ayuda, no dudes en preguntar.",cv_help,applicant_support_agent,"[{'title': 'Test de Autoconocimiento / Ikigai', 'domain': 'cv_editor', 'sourceType': 'internal_static', 'sourceId': 'cv-editor-self-knowledge'}, {'title': 'CVs del usuario', 'domain': 'cv', 'sourceType': 'mongodb_collection', 'sourceId': 'cvs'}]",,2026-07-17 03:47:17.659,0,
6a59af11303628e35f2348ca,6a59af11303628e35f2348c8,681d72e398135c66ec94341c,user,¿Cómo descargo mi CV?,cv_help,applicant_support_agent,[],{'source': 'b2c-ai-widget'},2026-07-17 04:26:57.663,0,
6a59af12303628e35f2348cd,6a59af11303628e35f2348c8,681d72e398135c66ec94341c,assistant,"Para descargar tu CV, haz clic en el botón ""Descargar"" que se encuentra en el menú lateral derecho. Podrás elegir entre formato PDF o documento Word.",cv_help,applicant_support_agent,"[{'title': 'Experiencia en CV Editor', 'domain': 'cv_editor', 'sourceType': 'internal_static', 'sourceId': 'cv-editor-experience'}, {'title': 'Descargar CV', 'domain': 'cv_editor', 'sourceType': 'internal_static', 'sourceId': 'cv-editor-download'}, {'title': 'Información Personal en CV Editor', 'domain': 'cv_editor', 'sourceType': 'internal_static', 'sourceId': 'cv-editor-personal-info'}, {'title': 'CVs del usuario', 'domain': 'cv', 'sourceType': 'mongodb_collection', 'sourceId': 'cvs'}]",,2026-07-17 04:26:58.934,0,
6a59b16f303628e35f234922,6a59b16f303628e35f234920,6a59a197303628e35f234295,user,dame postulaciones u oportunidades segun mi cv,job_search,applicant_support_agent,[],{'source': 'b2c-ai-widget'},2026-07-17 04:37:03.419,0,
6a59b170303628e35f234927,6a59b16f303628e35f234920,6a59a197303628e35f234295,assistant,"Actualmente encontre 39 ofertas laborales activas. Te muestro algunas opciones:

1. Programa Trainee Banca de Corporaciones y Empresas
 - Empresa: Banco de Crédito del Perú
 - Modalidad: híbrido
 - Ubicacion: Lima
 - Jornada/tipo: TRAINEE
 - Descripcion: ¡Tú puedes convertirte en el próximo Trainee de la Banca de Corporaciones y Empresas!
Programa formativo de 9 meses donde los Trainees trabajan y aprenden en tres áreas del negocio...
 - Beneficios: 🎯 Beneficios:
- Seguirás sumando experiencia y desarrollo profesional gracias al equipo de grandes Líderes BCP, una cultura de colaboración que inspira y oport...
 - Vigencia: 22/9/2026

2. LIDER COMERCIAL - LIMA
 - Empresa: Oechsle
 - Modalidad: presencial
 - Ubicacion: Lima
 - Jornada/tipo: SENIOR - FULL_TIME
 - Descripcion: En Oechsle, empresa líder del sector retail, con presencia a nivel nacional, parte del Grupo Intercorp, para ocupar la posición de LIDER DE EXPERIENCIAS (LIDER COMERCIAL) en nuestr...
 - Requisitos: Estudios técnico y/o universitarios de carreras afines.; Experiencia de 2 años como Jefe, Supervisor/a o Administrador de ventas en el sector retail; Excel intermedio.
 - Beneficios: - Pertenecer al club Intercorp y adquirir beneficios exclusivos para colaboradores del grupo.
- Utilidades de acuerdo a los resultados de la compañía.
- Planill...
 - Vigencia: 31/8/2026

3. Asistente de Almacén - Part Time / LIMA
 - Empresa: TCONTAKTO SAC
 - Modalidad: presencial
 - Ubicacion: Lima
 - Jornada/tipo: JUNIOR - FULL_TIME
 - Descripcion: Somos LOGIXTAL, empresa peruana del grupo Tcontakto, con más de 13 años de experiencia en el mercado y especialistas en procesos logísticos respaldados por tecnología propia.

Actu...
 - Beneficios: - Ingreso a planilla completa desde el primer día de labores (gratificación, cts, asignación familiar, vacaciones, entre otros)
- Beneficios corporativos
- Suel...
 - Vigencia: 31/8/2026

Hay mas ofertas disponibles. Puedes pedirme 'muestrame mas empleos' o revisar la seccion Empleos.",job_search,applicant_support_agent,"[{'title': 'Busqueda de empleos', 'domain': 'jobs', 'sourceType': 'internal_static', 'sourceId': 'jobs-listing'}, {'title': 'Programa Trainee Banca de Corporaciones y Empresas', 'domain': 'jobs', 'sourceType': 'mongodb_collection'}, {'title': 'LIDER COMERCIAL - LIMA', 'domain': 'jobs', 'sourceType': 'mongodb_collection'}, {'title': 'Asistente de Almacén - Part Time / LIMA', 'domain': 'jobs', 'sourceType': 'mongodb_collection'}]",,2026-07-17 04:37:04.282,0,
6a59b192303628e35f234931,6a59b16f303628e35f234920,6a59a197303628e35f234295,user,feedback d emi cv,cv_help,applicant_support_agent,[],{'source': 'b2c-ai-widget'},2026-07-17 04:37:38.796,0,
6a59b194303628e35f234934,6a59b16f303628e35f234920,6a59a197303628e35f234295,assistant,"Para obtener un diagnóstico personalizado de tu CV, dirígete al módulo de Feedback de CV en la parte superior de la plataforma. Allí podrás analizar tu score, compatibilidad y recibir sugerencias de mejora. 

Si necesitas modificar información personal, puedes hacerlo desde la sección ""Información Personal"". Para agregar estudios, ve a la pestaña ""Educación"" y haz clic en el botón ""+"" para completar los detalles necesarios.",cv_help,applicant_support_agent,"[{'title': 'Feedback de CV', 'domain': 'cv_editor', 'sourceType': 'internal_static', 'sourceId': 'cv-editor-feedback'}, {'title': 'Información Personal en CV Editor', 'domain': 'cv_editor', 'sourceType': 'internal_static', 'sourceId': 'cv-editor-personal-info'}, {'title': 'Educación en CV Editor', 'domain': 'cv_editor', 'sourceType': 'internal_static', 'sourceId': 'cv-editor-education'}, {'title': 'CVs del usuario', 'domain': 'cv', 'sourceType': 'mongodb_collection', 'sourceId': 'cvs'}]",,2026-07-17 04:37:40.731,0,
6a59b1b7303628e35f234944,6a59b16f303628e35f234920,6a59a197303628e35f234295,user,Cómo puedo inscribirme a un curso,enrollment_help,course_sales_agent,[],{'source': 'b2c-ai-widget'},2026-07-17 04:38:15.964,0,
6a59b1b8303628e35f234946,6a59b16f303628e35f234920,6a59a197303628e35f234295,assistant,"Para inscribirte a un curso en laboral.ai:

1. Ingresa a la seccion Cursos.
2. Busca un curso de tu interes usando la barra de busqueda o aplica filtros por tipo o modalidad.
3. Selecciona el curso que prefieras para abrir el detalle.
4. Revisa la informacion publica del curso: descripcion, modalidad, duracion, precio y certificado si aplica.
5. Haz clic en el boton Registrar o Inscribirme.
6. Completa los datos o pasos que te solicite la plataforma.
7. Si el curso requiere pago, sigue el flujo de pago indicado; si es gratuito, la plataforma continuara con el registro correspondiente.

Luego podras revisar tus cursos o inscripciones desde la seccion Cursos.",enrollment_help,course_sales_agent,"[{'title': 'Ayuda con inscripcion a cursos', 'domain': 'courses', 'sourceType': 'internal_static', 'sourceId': 'course-enrollment'}]",,2026-07-17 04:38:16.052,0,
6a59b1fa303628e35f234965,6a59b16f303628e35f234920,6a59a197303628e35f234295,user,de lsoempleos a cual me podria postular y cumplo con lso requisitos,job_search,applicant_support_agent,[],{'source': 'b2c-ai-widget'},2026-07-17 04:39:22.888,0,
6a59b1fb303628e35f23496a,6a59b16f303628e35f234920,6a59a197303628e35f234295,assistant,"Actualmente encontre 100 ofertas laborales activas. Te muestro algunas opciones:

1. Programa Trainee Banca de Corporaciones y Empresas
 - Empresa: Banco de Crédito del Perú
 - Modalidad: híbrido
 - Ubicacion: Lima
 - Jornada/tipo: TRAINEE
 - Descripcion: ¡Tú puedes convertirte en el próximo Trainee de la Banca de Corporaciones y Empresas!
Programa formativo de 9 meses donde los Trainees trabajan y aprenden en tres áreas del negocio...
 - Beneficios: 🎯 Beneficios:
- Seguirás sumando experiencia y desarrollo profesional gracias al equipo de grandes Líderes BCP, una cultura de colaboración que inspira y oport...
 - Vigencia: 22/9/2026

2. Ejecutivo Banca PYME - Convocatoria Lima
 - Empresa: Banco de Crédito del Perú
 - Modalidad: presencial
 - Ubicacion: Lima
 - Jornada/tipo: JUNIOR - FULL_TIME
 - Descripcion: Estamos buscando personas con espíritu comercial, energía en campo y pasión por conectar con negocios que están construyendo el futuro del Perú. Como Ejecutivo Banca Pyme, serás el...
 - Requisitos: Egresados universitarios en Administración, Economía, Contabilidad, Ingenieria Industrial o carreras afines.; Ejecutivo/as o profesionales de venta con experiencia en rubro financiero y que hayan cerrado ventas gestionando una cartera de clientes.; Actitud positiva, resiliencia y enfoque en resultados.
 - Beneficios: - Línea de carrera.
- Planilla.
- Networking.
 - Vigencia: 31/8/2026

3. LIDER COMERCIAL - LIMA
 - Empresa: Oechsle
 - Modalidad: presencial
 - Ubicacion: Lima
 - Jornada/tipo: SENIOR - FULL_TIME
 - Descripcion: En Oechsle, empresa líder del sector retail, con presencia a nivel nacional, parte del Grupo Intercorp, para ocupar la posición de LIDER DE EXPERIENCIAS (LIDER COMERCIAL) en nuestr...
 - Requisitos: Estudios técnico y/o universitarios de carreras afines.; Experiencia de 2 años como Jefe, Supervisor/a o Administrador de ventas en el sector retail; Excel intermedio.
 - Beneficios: - Pertenecer al club Intercorp y adquirir beneficios exclusivos para colaboradores del grupo.
- Utilidades de acuerdo a los resultados de la compañía.
- Planill...
 - Vigencia: 31/8/2026

Hay mas ofertas disponibles. Puedes pedirme 'muestrame mas empleos' o revisar la seccion Empleos.",job_search,applicant_support_agent,"[{'title': 'Busqueda de empleos', 'domain': 'jobs', 'sourceType': 'internal_static', 'sourceId': 'jobs-listing'}, {'title': 'Programa Trainee Banca de Corporaciones y Empresas', 'domain': 'jobs', 'sourceType': 'mongodb_collection'}, {'title': 'Ejecutivo Banca PYME - Convocatoria Lima', 'domain': 'jobs', 'sourceType': 'mongodb_collection'}, {'title': 'LIDER COMERCIAL - LIMA', 'domain': 'jobs', 'sourceType': 'mongodb_collection'}]",,2026-07-17 04:39:23.618,0,
6a5e41415335905510d7a7f5,6a5e41415335905510d7a7f3,69c0ad3d09d9ef031b7677f2,user,Cómo reviso el estado de mis postulaciones,application_status,applicant_support_agent,[],{'source': 'b2c-ai-widget'},2026-07-20 15:39:45.845,0,
6a5e41435335905510d7a7f8,6a5e41415335905510d7a7f3,69c0ad3d09d9ef031b7677f2,assistant,"Para revisar el estado de tus postulaciones, ve a la sección de ""Postulaciones"" en tu cuenta. Allí podrás consultar el detalle disponible de cada proceso. Si no tienes postulaciones registradas, no aparecerá información.",application_status,applicant_support_agent,"[{'title': 'Consulta de postulaciones', 'domain': 'applications', 'sourceType': 'internal_static', 'sourceId': 'my-applications'}, {'title': 'Resumen de postulaciones', 'domain': 'applications', 'sourceType': 'mongodb_collection', 'sourceId': 'applications'}]",,2026-07-20 15:39:47.102,0,
6a5ece32c7e5326f7b8003b9,6a5ece32c7e5326f7b8003b7,6a5ec519c7e5326f7b80025a,user,es deverdad necesario una seccion de habilidades? porque me han dicho que las habilidades se deben de representar en la experiecia,cv_help,applicant_support_agent,[],{'source': 'b2c-ai-widget'},2026-07-21 01:41:06.962,0,
6a5ece34c7e5326f7b8003bc,6a5ece32c7e5326f7b8003b7,6a5ec519c7e5326f7b80025a,assistant,"Sí, es recomendable incluir una sección de habilidades en tu CV. Esto te permite destacar tus competencias específicas, como idiomas, habilidades técnicas y habilidades blandas, lo que puede mejorar tu empleabilidad. 

Para agregar o modificar tus habilidades, dirígete a la pestaña ""Habilidades"" en el editor de tu CV. Allí podrás gestionar esta información de manera efectiva.",cv_help,applicant_support_agent,"[{'title': 'Habilidades en CV Editor', 'domain': 'cv_editor', 'sourceType': 'internal_static', 'sourceId': 'cv-editor-skills'}, {'title': 'CVs del usuario', 'domain': 'cv', 'sourceType': 'mongodb_collection', 'sourceId': 'cvs'}]",,2026-07-21 01:41:08.198,0,
6a62356f3fafee834daef098,6a62356f3fafee834daef096,6a3d79f1e681ba17266fa1e8,user,Muéstrame cursos disponibles,courses_sales,course_sales_agent,[],{'source': 'b2c-ai-widget'},2026-07-23 15:38:23.252,0,
6a62356f3fafee834daef0a8,6a62356f3fafee834daef096,6a3d79f1e681ba17266fa1e8,assistant,"Actualmente encontre 6 cursos activos. Te muestro algunas opciones:

1. Mentores: Mentalidad de Líder
 - Descripcion: 𝗠𝗲𝗻𝘁𝗮𝗹𝗶𝗱𝗮𝗱 𝗱𝗲 𝗟𝗶́𝗱𝗲𝗿

Desarrolla las habilidades y la mentalidad necesarias para liderar, influir positivamente en otros y afrontar desafíos con una visión de crec...
 - Duracion: 50 minutos
 - Modalidad: Virtual - Asíncrono
 - Instructor: Kevin Masquez
 - Precio: Gratis
 - Nivel: Básico
 - Certificado: No
 - Fecha de inicio: Acceso directo
 - Fecha de fin: 2026-08-29
 - Sesiones: 1 sesiones

2. Ikigai
 - Descripcion: Identifica tu propósito personal con este framework, IKIGAI, que te servirá para guiar tu carrera profesional.
 - Duracion: 40 minutos
 - Modalidad: Virtual - Asíncrono
 - Instructor: Bryan Cerna
 - Precio: Gratis
 - Nivel: Básico
 - Certificado: No
 - Fecha de inicio: Acceso directo
 - Fecha de fin: 2026-12-30

3. Productividad en equipo con Google Workspace
 - Descripcion: ¡Conviértete en un héroe de la productividad! Aprende a centralizar tu centro de mando en Gmail, diseñar arquitecturas de tiempo en Calendar y automatizar el análisis de datos en S...
 - Duracion: 40 minutos
 - Modalidad: Virtual - Asíncrono
 - Instructor: Sofia Flores y José Pauyac
 - Precio: Gratis
 - Nivel: Básico
 - Certificado: Si
 - Fecha de inicio: Acceso directo
 - Fecha de fin: 2026-12-30

Tambien hay mas cursos disponibles. Puedes pedirme 'muestrame mas cursos' o revisar el catalogo completo en la seccion Cursos.",courses_sales,course_sales_agent,"[{'title': 'Consulta de cursos', 'domain': 'courses', 'sourceType': 'internal_static', 'sourceId': 'courses-listing'}, {'title': 'Mentores: Mentalidad de Líder', 'domain': 'courses', 'sourceType': 'mongodb_collection'}, {'title': 'Ikigai', 'domain': 'courses', 'sourceType': 'mongodb_collection'}, {'title': 'Productividad en equipo con Google Workspace', 'domain': 'courses', 'sourceType': 'mongodb_collection'}]",,2026-07-23 15:38:23.444,0,
6a6235753fafee834daef0ae,6a62356f3fafee834daef096,6a3d79f1e681ba17266fa1e8,user,muestrame mas cursos,courses_sales,course_sales_agent,[],{'source': 'b2c-ai-widget'},2026-07-23 15:38:29.270,0,
6a6235753fafee834daef0b0,6a62356f3fafee834daef096,6a3d79f1e681ba17266fa1e8,assistant,"Claro, puedo ayudarte. ¿Sobre qué tipo de cursos te gustaría ver más opciones?",courses_sales,course_sales_agent,"[{'title': 'Consulta de cursos', 'domain': 'courses', 'sourceType': 'internal_static', 'sourceId': 'courses-listing'}]",,2026-07-23 15:38:29.359,0,
6a62816e3fafee834daefe98,6a62356f3fafee834daef096,6a3d79f1e681ba17266fa1e8,user,Muéstrame cursos disponibles,courses_sales,course_sales_agent,[],{'source': 'b2c-ai-widget'},2026-07-23 21:02:38.422,0,
6a62816e3fafee834daefea8,6a62356f3fafee834daef096,6a3d79f1e681ba17266fa1e8,assistant,"Actualmente encontre 6 cursos activos. Te muestro algunas opciones:

1. Mentores: Mentalidad de Líder
 - Descripcion: 𝗠𝗲𝗻𝘁𝗮𝗹𝗶𝗱𝗮𝗱 𝗱𝗲 𝗟𝗶́𝗱𝗲𝗿

Desarrolla las habilidades y la mentalidad necesarias para liderar, influir positivamente en otros y afrontar desafíos con una visión de crec...
 - Duracion: 50 minutos
 - Modalidad: Virtual - Asíncrono
 - Instructor: Kevin Masquez
 - Precio: Gratis
 - Nivel: Básico
 - Certificado: No
 - Fecha de inicio: Acceso directo
 - Fecha de fin: 2026-08-29
 - Sesiones: 1 sesiones

2. Ikigai
 - Descripcion: Identifica tu propósito personal con este framework, IKIGAI, que te servirá para guiar tu carrera profesional.
 - Duracion: 40 minutos
 - Modalidad: Virtual - Asíncrono
 - Instructor: Bryan Cerna
 - Precio: Gratis
 - Nivel: Básico
 - Certificado: No
 - Fecha de inicio: Acceso directo
 - Fecha de fin: 2026-12-30

3. Productividad en equipo con Google Workspace
 - Descripcion: ¡Conviértete en un héroe de la productividad! Aprende a centralizar tu centro de mando en Gmail, diseñar arquitecturas de tiempo en Calendar y automatizar el análisis de datos en S...
 - Duracion: 40 minutos
 - Modalidad: Virtual - Asíncrono
 - Instructor: Sofia Flores y José Pauyac
 - Precio: Gratis
 - Nivel: Básico
 - Certificado: Si
 - Fecha de inicio: Acceso directo
 - Fecha de fin: 2026-12-30

Tambien hay mas cursos disponibles. Puedes pedirme 'muestrame mas cursos' o revisar el catalogo completo en la seccion Cursos.",courses_sales,course_sales_agent,"[{'title': 'Consulta de cursos', 'domain': 'courses', 'sourceType': 'internal_static', 'sourceId': 'courses-listing'}, {'title': 'Mentores: Mentalidad de Líder', 'domain': 'courses', 'sourceType': 'mongodb_collection'}, {'title': 'Ikigai', 'domain': 'courses', 'sourceType': 'mongodb_collection'}, {'title': 'Productividad en equipo con Google Workspace', 'domain': 'courses', 'sourceType': 'mongodb_collection'}]",,2026-07-23 21:02:38.617,0,
6a6281803fafee834daefec4,6a62356f3fafee834daef096,6a3d79f1e681ba17266fa1e8,user,muestrame mas cursos,courses_sales,course_sales_agent,[],{'source': 'b2c-ai-widget'},2026-07-23 21:02:56.569,0,
6a6281803fafee834daefec6,6a62356f3fafee834daef096,6a3d79f1e681ba17266fa1e8,assistant,"Claro, puedo ayudarte. ¿Sobre qué tipo de cursos te gustaría ver más opciones?",courses_sales,course_sales_agent,"[{'title': 'Consulta de cursos', 'domain': 'courses', 'sourceType': 'internal_static', 'sourceId': 'courses-listing'}]",,2026-07-23 21:02:56.701,0,
6a6282a73fafee834daeff53,6a6282a73fafee834daeff51,69c0ad3d09d9ef031b7677f2,user,dame 10 ofertas laborales para mi perfil,profile_account,applicant_support_agent,[],{'source': 'b2c-ai-widget'},2026-07-23 21:07:51.618,0,
6a6282a83fafee834daeff56,6a6282a73fafee834daeff51,69c0ad3d09d9ef031b7677f2,assistant,"Para poder ayudarte mejor, necesito que me indiques qué tipo de ofertas laborales estás buscando o en qué área te gustaría postularte. Esto me permitirá mostrarte opciones más relevantes para tu perfil.",profile_account,applicant_support_agent,"[{'title': 'Perfil y cuenta', 'domain': 'profile', 'sourceType': 'internal_static', 'sourceId': 'profile-settings'}, {'title': 'Perfil autenticado', 'domain': 'profile', 'sourceType': 'mongodb_collection', 'sourceId': 'users'}]",,2026-07-23 21:07:52.780,0,
6a6282c23fafee834daeff64,6a6282a73fafee834daeff51,69c0ad3d09d9ef031b7677f2,user,quiero para marketing,courses_sales,course_sales_agent,[],{'source': 'b2c-ai-widget'},2026-07-23 21:08:18.566,0,
6a6282c23fafee834daeff74,6a6282a73fafee834daeff51,69c0ad3d09d9ef031b7677f2,assistant,"Actualmente encontre 2 cursos activos. Te muestro algunas opciones:

1. LinkedIn Boost - Potencia tu Marca Personal
 - Descripcion: Impulsa tu Perfil Profesional y aprende a utilizar Linkedin desde 0, para alcanzar mejores empleos.
 - Duracion: 40 minutos
 - Modalidad: Virtual - Asíncrono
 - Instructor: Maykol Echevarría - Líder en Creación de Contenido
 - Precio: Gratis
 - Nivel: Básico
 - Certificado: No
 - Fecha de inicio: Acceso directo
 - Fecha de fin: 2026-12-30

2. Mentores: Mentalidad de Líder
 - Descripcion: 𝗠𝗲𝗻𝘁𝗮𝗹𝗶𝗱𝗮𝗱 𝗱𝗲 𝗟𝗶́𝗱𝗲𝗿

Desarrolla las habilidades y la mentalidad necesarias para liderar, influir positivamente en otros y afrontar desafíos con una visión de crec...
 - Duracion: 50 minutos
 - Modalidad: Virtual - Asíncrono
 - Instructor: Kevin Masquez
 - Precio: Gratis
 - Nivel: Básico
 - Certificado: No
 - Fecha de inicio: Acceso directo
 - Fecha de fin: 2026-08-29
 - Sesiones: 1 sesiones

 Puedes abrir la seccion Cursos para revisar el detalle publicado.",courses_sales,course_sales_agent,"[{'title': 'Consulta de cursos', 'domain': 'courses', 'sourceType': 'internal_static', 'sourceId': 'courses-listing'}, {'title': 'LinkedIn Boost - Potencia tu Marca Personal', 'domain': 'courses', 'sourceType': 'mongodb_collection'}, {'title': 'Mentores: Mentalidad de Líder', 'domain': 'courses', 'sourceType': 'mongodb_collection'}]",,2026-07-23 21:08:18.748,0,
6a62a08e3fafee834daf025b,6a62356f3fafee834daef096,6a3d79f1e681ba17266fa1e8,user,Hablar con un asesor,human_handoff,human_handoff,[],{'source': 'b2c-ai-widget'},2026-07-23 23:15:26.133,0,
6a62a08e3fafee834daf025d,6a62356f3fafee834daef096,6a3d79f1e681ba17266fa1e8,assistant,"Entiendo que necesitas ayuda personalizada. Registré esta conversación como requerimiento para atención humana. Por favor describe brevemente el problema y evita compartir contraseñas, tokens o datos sensibles.",human_handoff,human_handoff,[],,2026-07-23 23:15:26.234,0,
6a63efa93de3c4d6f2698045,6a63efa93de3c4d6f2698043,6a3d79f1e681ba17266fa1e8,user,Cómo postular a una oferta laboral,job_search,applicant_support_agent,[],{'source': 'b2c-ai-widget'},2026-07-24 23:05:13.753,0,
6a63efa93de3c4d6f2698047,6a63efa93de3c4d6f2698043,6a3d79f1e681ba17266fa1e8,assistant,"Para postular a una oferta laboral en laboral.ai:

1. Ingresa a la seccion Empleos.
2. Abre la oferta que te interesa para revisar el detalle, requisitos y condiciones publicadas.
3. Verifica que tienes un CV principal actualizado en la seccion Curriculum Vitae.
4. Presiona la opcion de postular dentro del detalle de la oferta.
5. Completa la informacion solicitada y confirma tu postulacion.

Luego puedes revisar el estado de tus procesos en la seccion Mis postulaciones.",job_search,applicant_support_agent,"[{'title': 'Busqueda de empleos', 'domain': 'jobs', 'sourceType': 'internal_static', 'sourceId': 'jobs-listing'}]",,2026-07-24 23:05:13.851,0,
6a63efad3de3c4d6f269804d,6a63efa93de3c4d6f2698043,6a3d79f1e681ba17266fa1e8,user,Quiero ayuda para mejorar mi CV,cv_help,applicant_support_agent,[],{'source': 'b2c-ai-widget'},2026-07-24 23:05:17.835,0,
6a63efaf3de3c4d6f2698050,6a63efa93de3c4d6f2698043,6a3d79f1e681ba17266fa1e8,assistant,"Para mejorar tu CV, te recomiendo utilizar la herramienta de Feedback. Esta herramienta analizará tu CV y te proporcionará un score, así como sugerencias sobre fortalezas, debilidades y palabras clave.

Si deseas realizar cambios en tu información personal, puedes hacerlo desde la sección ""Información Personal"". Allí podrás modificar tu nombre, apellidos, profesión, acerca de mí, correo, LinkedIn, página web, lugar y celular. Los cambios se reflejarán en la vista previa de tu CV.

Si necesitas más ayuda, no dudes en preguntar.",cv_help,applicant_support_agent,"[{'title': 'Gestion de Curriculum Vitae', 'domain': 'cv', 'sourceType': 'internal_static', 'sourceId': 'cv-dashboard'}, {'title': 'Feedback de CV', 'domain': 'cv_editor', 'sourceType': 'internal_static', 'sourceId': 'cv-editor-feedback'}, {'title': 'Información Personal en CV Editor', 'domain': 'cv_editor', 'sourceType': 'internal_static', 'sourceId': 'cv-editor-personal-info'}, {'title': 'CVs del usuario', 'domain': 'cv', 'sourceType': 'mongodb_collection', 'sourceId': 'cvs'}]",,2026-07-24 23:05:19.721,0,
6a63efbd3de3c4d6f269805a,6a63efa93de3c4d6f2698043,6a3d79f1e681ba17266fa1e8,user,Cómo puedo inscribirme a un curso,enrollment_help,course_sales_agent,[],{'source': 'b2c-ai-widget'},2026-07-24 23:05:33.030,0,
6a63efbd3de3c4d6f269805c,6a63efa93de3c4d6f2698043,6a3d79f1e681ba17266fa1e8,assistant,"Para inscribirte a un curso en laboral.ai:

1. Ingresa a la seccion Cursos.
2. Busca un curso de tu interes usando la barra de busqueda o aplica filtros por tipo o modalidad.
3. Selecciona el curso que prefieras para abrir el detalle.
4. Revisa la informacion publica del curso: descripcion, modalidad, duracion, precio y certificado si aplica.
5. Haz clic en el boton Registrar o Inscribirme.
6. Completa los datos o pasos que te solicite la plataforma.
7. Si el curso requiere pago, sigue el flujo de pago indicado; si es gratuito, la plataforma continuara con el registro correspondiente.

Luego podras revisar tus cursos o inscripciones desde la seccion Cursos.",enrollment_help,course_sales_agent,"[{'title': 'Ayuda con inscripcion a cursos', 'domain': 'courses', 'sourceType': 'internal_static', 'sourceId': 'course-enrollment'}]",,2026-07-24 23:05:33.119,0,
6a63efc83de3c4d6f2698062,6a63efa93de3c4d6f2698043,6a3d79f1e681ba17266fa1e8,user,Muéstrame cursos disponibles,courses_sales,course_sales_agent,[],{'source': 'b2c-ai-widget'},2026-07-24 23:05:44.087,0,
6a63efc83de3c4d6f2698072,6a63efa93de3c4d6f2698043,6a3d79f1e681ba17266fa1e8,assistant,"Actualmente encontre 6 cursos activos. Te muestro algunas opciones:

1. Mentores: Mentalidad de Líder
 - Descripcion: 𝗠𝗲𝗻𝘁𝗮𝗹𝗶𝗱𝗮𝗱 𝗱𝗲 𝗟𝗶́𝗱𝗲𝗿

Desarrolla las habilidades y la mentalidad necesarias para liderar, influir positivamente en otros y afrontar desafíos con una visión de crec...
 - Duracion: 50 minutos
 - Modalidad: Virtual - Asíncrono
 - Instructor: Kevin Masquez
 - Precio: Gratis
 - Nivel: Básico
 - Certificado: No
 - Fecha de inicio: Acceso directo
 - Fecha de fin: 2026-08-29
 - Sesiones: 1 sesiones

2. Ikigai
 - Descripcion: Identifica tu propósito personal con este framework, IKIGAI, que te servirá para guiar tu carrera profesional.
 - Duracion: 40 minutos
 - Modalidad: Virtual - Asíncrono
 - Instructor: Bryan Cerna
 - Precio: Gratis
 - Nivel: Básico
 - Certificado: No
 - Fecha de inicio: Acceso directo
 - Fecha de fin: 2026-12-30

3. Productividad en equipo con Google Workspace
 - Descripcion: ¡Conviértete en un héroe de la productividad! Aprende a centralizar tu centro de mando en Gmail, diseñar arquitecturas de tiempo en Calendar y automatizar el análisis de datos en S...
 - Duracion: 40 minutos
 - Modalidad: Virtual - Asíncrono
 - Instructor: Sofia Flores y José Pauyac
 - Precio: Gratis
 - Nivel: Básico
 - Certificado: Si
 - Fecha de inicio: Acceso directo
 - Fecha de fin: 2026-12-30

Tambien hay mas cursos disponibles. Puedes pedirme 'muestrame mas cursos' o revisar el catalogo completo en la seccion Cursos.",courses_sales,course_sales_agent,"[{'title': 'Consulta de cursos', 'domain': 'courses', 'sourceType': 'internal_static', 'sourceId': 'courses-listing'}, {'title': 'Mentores: Mentalidad de Líder', 'domain': 'courses', 'sourceType': 'mongodb_collection'}, {'title': 'Ikigai', 'domain': 'courses', 'sourceType': 'mongodb_collection'}, {'title': 'Productividad en equipo con Google Workspace', 'domain': 'courses', 'sourceType': 'mongodb_collection'}]",,2026-07-24 23:05:44.490,0,
6a63eff03de3c4d6f2698097,6a63efa93de3c4d6f2698043,6a3d79f1e681ba17266fa1e8,user,muestrame mas cursos,courses_sales,course_sales_agent,[],{'source': 'b2c-ai-widget'},2026-07-24 23:06:24.001,0,
6a63eff03de3c4d6f2698099,6a63efa93de3c4d6f2698043,6a3d79f1e681ba17266fa1e8,assistant,"Claro, puedo ayudarte. ¿Sobre qué tipo de cursos te gustaría ver más opciones?",courses_sales,course_sales_agent,"[{'title': 'Consulta de cursos', 'domain': 'courses', 'sourceType': 'internal_static', 'sourceId': 'courses-listing'}]",,2026-07-24 23:06:24.089,0,
6a63f0117018adcbef30e9c8,6a63efa93de3c4d6f2698043,6a3d79f1e681ba17266fa1e8,user,Muéstrame cursos disponibles,courses_sales,course_sales_agent,[],{'source': 'b2c-ai-widget'},2026-07-24 23:06:57.896,0,2026-08-23 23:06:57.894
6a63f0127018adcbef30e9d8,6a63efa93de3c4d6f2698043,6a3d79f1e681ba17266fa1e8,assistant,"Encontré 6 cursos activos.

1. **Mentores: Mentalidad de Líder**
 - **Modalidad:** Virtual - Asíncrono
 - **Duración:** 50 minutos
 - **Precio:** Gratis
 - **Certificado:** No
2. **Ikigai**
 - **Modalidad:** Virtual - Asíncrono
 - **Duración:** 40 minutos
 - **Precio:** Gratis
 - **Certificado:** No
3. **Productividad en equipo con Google Workspace**
 - **Modalidad:** Virtual - Asíncrono
 - **Duración:** 40 minutos
 - **Precio:** Gratis
 - **Certificado:** Sí

También hay más opciones. Puedes pedirme 'muéstrame más cursos'.",courses_sales,course_sales_agent,"[{'title': 'Consulta de cursos', 'domain': 'courses', 'sourceType': 'internal_static', 'sourceId': 'courses-listing'}, {'title': 'Mentores: Mentalidad de Líder', 'domain': 'courses', 'sourceType': 'mongodb_collection'}, {'title': 'Ikigai', 'domain': 'courses', 'sourceType': 'mongodb_collection'}, {'title': 'Productividad en equipo con Google Workspace', 'domain': 'courses', 'sourceType': 'mongodb_collection'}]",,2026-07-24 23:06:58.095,0,2026-08-23 23:06:58.094
6a63f01d7018adcbef30e9de,6a63efa93de3c4d6f2698043,6a3d79f1e681ba17266fa1e8,user,muestrame mas cursos,courses_sales,course_sales_agent,[],{'source': 'b2c-ai-widget'},2026-07-24 23:07:09.672,0,2026-08-23 23:07:09.671
6a63f01d7018adcbef30e9ee,6a63efa93de3c4d6f2698043,6a3d79f1e681ba17266fa1e8,assistant,"Encontré 6 cursos activos.

4. **Negocia y Convence**
 - **Modalidad:** Virtual - Asíncrono
 - **Duración:** 40 minutos
 - **Precio:** Gratis
 - **Certificado:** Sí
5. **Flujos end to end**
 - **Modalidad:** Virtual - Asíncrono
 - **Duración:** 50 minutos
 - **Precio:** Gratis
 - **Certificado:** No
6. **LinkedIn Boost - Potencia tu Marca Personal**
 - **Modalidad:** Virtual - Asíncrono
 - **Duración:** 40 minutos
 - **Precio:** Gratis
 - **Certificado:** No

Puedes abrir Cursos para revisar el detalle de estas opciones.",courses_sales,course_sales_agent,"[{'title': 'Consulta de cursos', 'domain': 'courses', 'sourceType': 'internal_static', 'sourceId': 'courses-listing'}, {'title': 'Negocia y Convence', 'domain': 'courses', 'sourceType': 'mongodb_collection'}, {'title': 'Flujos end to end', 'domain': 'courses', 'sourceType': 'mongodb_collection'}, {'title': 'LinkedIn Boost - Potencia tu Marca Personal', 'domain': 'courses', 'sourceType': 'mongodb_collection'}]",,2026-07-24 23:07:09.853,0,2026-08-23 23:07:09.852
6a6c44502126065e0df2d355,6a6c44502126065e0df2d353,6a6c423f2126065e0df2d246,user,¿Para qué sirven los créditos en el CV Editor?,cv_help,applicant_support_agent,[],{'source': 'b2c-ai-widget'},2026-07-31 06:44:32.156,0,2026-08-30 06:44:32.154
6a6c44502126065e0df2d358,6a6c44502126065e0df2d353,6a6c423f2126065e0df2d246,assistant,"En el CV Editor puedes actualizar Información Personal, Educación, Experiencia y Habilidades. También dispone de herramientas para diseño, fuente, traducción, descarga y funciones de orientación profesional en la parte superior y lateral. Tus créditos se muestran en la parte superior del editor. Antes de usar una función con costo, revisa el valor vigente mostrado por la plataforma. Para obtener más créditos, usa **Adquirir créditos**.",cv_help,applicant_support_agent,"[{'title': 'Uso general del CV Editor', 'domain': 'cv_editor', 'sourceType': 'internal_static', 'sourceId': 'cv-editor-overview'}, {'title': 'Créditos y Adquisición', 'domain': 'cv_editor', 'sourceType': 'internal_static', 'sourceId': 'cv-editor-credits'}, {'title': 'CVs del usuario', 'domain': 'cv', 'sourceType': 'mongodb_collection', 'sourceId': 'cvs'}]",,2026-07-31 06:44:32.358,0,2026-08-30 06:44:32.357
6a70b5689e6dd9dda5ea8470,6a70b5679e6dd9dda5ea846e,6a70b36a9e6dd9dda5ea7ae8,user,No puedo subir mi CV,cv_help,applicant_support_agent,[],{'source': 'b2c-ai-widget'},2026-08-03 15:36:08.001,0,2026-09-02 15:36:08.000
6a70b56a9e6dd9dda5ea8475,6a70b5679e6dd9dda5ea846e,6a70b36a9e6dd9dda5ea7ae8,assistant,"Para subir tu CV, sigue estos pasos:

1. Accede a la sección de Curriculum Vitae en la plataforma.
2. Busca la opción para subir un archivo PDF.
3. Selecciona el archivo que deseas subir desde tu dispositivo.
4. Confirma la carga del archivo.
5. Asegúrate de que el archivo cumpla con los requisitos de formato y tamaño.

Si sigues teniendo problemas, verifica que el archivo esté en formato PDF y que no exceda los límites establecidos. Si necesitas más ayuda, considera contactar a soporte.",cv_help,applicant_support_agent,"[{'title': 'Gestion de Curriculum Vitae', 'domain': 'cv', 'sourceType': 'internal_static', 'sourceId': 'cv-dashboard'}, {'title': 'CVs del usuario', 'domain': 'cv', 'sourceType': 'mongodb_collection', 'sourceId': 'cvs'}]",,2026-08-03 15:36:10.117,0,2026-09-02 15:36:10.117
6a70b78e9e6dd9dda5ea88cc,6a70b78e9e6dd9dda5ea88ca,6a70b37a9e6dd9dda5ea7b53,user,Quiero ayuda para mejorar mi CV,cv_help,applicant_support_agent,[],{'source': 'b2c-ai-widget'},2026-08-03 15:45:18.107,0,2026-09-02 15:45:18.106
6a70b7909e6dd9dda5ea88f2,6a70b78e9e6dd9dda5ea88ca,6a70b37a9e6dd9dda5ea7b53,assistant,"Para mejorar tu CV, puedes seguir estos pasos:

1. **Accede a la sección de Curriculum Vitae** en la plataforma.
2. **Crea un nuevo CV** o **sube un archivo PDF** existente.
3. **Edita la información** que consideres necesaria para destacar tus habilidades y experiencia.
4. **Marca un CV como principal** si tienes varios.
5. **Revisa cualquier costo vigente** antes de crear o subir CV adicionales.

Si necesitas un análisis más profundo de tu CV, te recomiendo utilizar el módulo de Feedback de CV en la parte superior.",cv_help,applicant_support_agent,"[{'title': 'Gestion de Curriculum Vitae', 'domain': 'cv', 'sourceType': 'internal_static', 'sourceId': 'cv-dashboard'}, {'title': 'CVs del usuario', 'domain': 'cv', 'sourceType': 'mongodb_collection', 'sourceId': 'cvs'}]",,2026-08-03 15:45:20.102,0,2026-09-02 15:45:20.101
6a70b7b09e6dd9dda5ea8b99,6a70b78e9e6dd9dda5ea88ca,6a70b37a9e6dd9dda5ea7b53,user,Descubre tu propósito profesional,cv_help,applicant_support_agent,[],{'source': 'b2c-ai-widget'},2026-08-03 15:45:52.749,0,2026-09-02 15:45:52.748
6a70b7b29e6dd9dda5ea8ba1,6a70b78e9e6dd9dda5ea88ca,6a70b37a9e6dd9dda5ea7b53,assistant,"Para descubrir tu propósito profesional, puedes utilizar el **IKIGAI Test** disponible en la parte superior del CV Editor. Este test te ayudará a explorar tus intereses, fortalezas y propósito profesional. 

Para acceder al test, sigue estos pasos:

1. Ingresa al CV Editor.
2. Busca la opción del IKIGAI Test en la parte superior.
3. Completa el test siguiendo las instrucciones.
4. Revisa tus resultados para obtener una mejor comprensión de tu propósito profesional.

Si necesitas más información o ayuda específica, no dudes en preguntar.",cv_help,applicant_support_agent,"[{'title': 'IKIGAI Test', 'domain': 'cv_editor', 'sourceType': 'internal_static', 'sourceId': 'cv-editor-self-knowledge'}, {'title': 'CVs del usuario', 'domain': 'cv', 'sourceType': 'mongodb_collection', 'sourceId': 'cvs'}]",,2026-08-03 15:45:54.666,0,2026-09-02 15:45:54.665
6a70b8129e6dd9dda5ea913e,6a70b8129e6dd9dda5ea913b,6a70b36a9e6dd9dda5ea7ae8,user,Hola me dijeron que entre al cuestionario donde está?,cv_help,applicant_support_agent,[],{'source': 'b2c-ai-widget'},2026-08-03 15:47:30.851,0,2026-09-02 15:47:30.850
6a70b8149e6dd9dda5ea9160,6a70b8129e6dd9dda5ea913b,6a70b36a9e6dd9dda5ea7ae8,assistant,"Para acceder al cuestionario, sigue estos pasos:

1. Ingresa a tu perfil en la plataforma.
2. Dirígete a la sección de **Curriculum Vitae**.
3. Busca la opción para **crear o editar tu CV**.
4. Allí deberías encontrar el acceso al cuestionario.

Si no ves la opción, asegúrate de que tu cuenta esté activa. Si necesitas más ayuda, no dudes en preguntar.",cv_help,applicant_support_agent,"[{'title': 'Gestion de Curriculum Vitae', 'domain': 'cv', 'sourceType': 'internal_static', 'sourceId': 'cv-dashboard'}, {'title': 'CVs del usuario', 'domain': 'cv', 'sourceType': 'mongodb_collection', 'sourceId': 'cvs'}]",,2026-08-03 15:47:32.457,0,2026-09-02 15:47:32.457
6a70b8bd9e6dd9dda5ea97de,6a70b8bd9e6dd9dda5ea97dc,6a70b5789e6dd9dda5ea8497,user,como hago el Tests Ikigai y Comportamentales,cv_help,applicant_support_agent,[],{'source': 'b2c-ai-widget'},2026-08-03 15:50:21.235,0,2026-09-02 15:50:21.235
6a70b8bd9e6dd9dda5ea97e1,6a70b8bd9e6dd9dda5ea97dc,6a70b5789e6dd9dda5ea8497,assistant,"El IKIGAI Test está disponible en la parte superior del CV Editor y ayuda a explorar intereses, fortalezas y propósito profesional. Sus resultados se consultan desde la experiencia de Ikigai de laboral.ai.",cv_help,applicant_support_agent,"[{'title': 'IKIGAI Test', 'domain': 'cv_editor', 'sourceType': 'internal_static', 'sourceId': 'cv-editor-self-knowledge'}, {'title': 'CVs del usuario', 'domain': 'cv', 'sourceType': 'mongodb_collection', 'sourceId': 'cvs'}]",,2026-08-03 15:50:21.401,0,2026-09-02 15:50:21.400
6a70b9069e6dd9dda5ea9a91,6a70b9069e6dd9dda5ea9a8f,6a70b00f9e6dd9dda5ea761b,user,Donde estan las preguntas que puedo responder de mi perfil profesional,cv_help,applicant_support_agent,[],{'source': 'b2c-ai-widget'},2026-08-03 15:51:34.501,0,2026-09-02 15:51:34.501
6a70b9079e6dd9dda5ea9a9a,6a70b9069e6dd9dda5ea9a8f,6a70b00f9e6dd9dda5ea761b,assistant,"Las preguntas que puedes responder sobre tu perfil profesional se encuentran en la sección de **Curriculum Vitae**. Desde allí, puedes:

1. Crear un nuevo CV.
2. Subir un archivo PDF.
3. Editar tus CV existentes.
4. Marcar uno como principal.
5. Eliminar un CV.

Recuerda revisar cualquier costo vigente mostrado por la plataforma antes de realizar cambios. Si necesitas más información o detalles específicos, házmelo saber.",cv_help,applicant_support_agent,"[{'title': 'Gestion de Curriculum Vitae', 'domain': 'cv', 'sourceType': 'internal_static', 'sourceId': 'cv-dashboard'}, {'title': 'CVs del usuario', 'domain': 'cv', 'sourceType': 'mongodb_collection', 'sourceId': 'cvs'}]",,2026-08-03 15:51:35.950,0,2026-09-02 15:51:35.949
6a70b9149e6dd9dda5ea9af9,6a70b8bd9e6dd9dda5ea97dc,6a70b5789e6dd9dda5ea8497,user,ya esque no lo encuentro,cv_help,applicant_support_agent,[],{'source': 'b2c-ai-widget'},2026-08-03 15:51:48.611,0,2026-09-02 15:51:48.610
6a70b9169e6dd9dda5ea9afc,6a70b8bd9e6dd9dda5ea97dc,6a70b5789e6dd9dda5ea8497,assistant,"Parece que no tienes ningún CV creado en la plataforma. Para crear uno, sigue estos pasos:

1. Accede a la sección de Curriculum Vitae.
2. Selecciona la opción para crear un nuevo CV.
3. Completa la información requerida.
4. Guarda los cambios.
5. Marca el CV que desees como principal si es necesario.

Si necesitas más ayuda o información sobre costos, revisa la sección correspondiente en la plataforma.",cv_help,applicant_support_agent,"[{'title': 'Gestion de Curriculum Vitae', 'domain': 'cv', 'sourceType': 'internal_static', 'sourceId': 'cv-dashboard'}, {'title': 'CVs del usuario', 'domain': 'cv', 'sourceType': 'mongodb_collection', 'sourceId': 'cvs'}]",,2026-08-03 15:51:50.082,0,2026-09-02 15:51:50.082
6a70b9b49e6dd9dda5ea9eba,6a70b9b49e6dd9dda5ea9eb8,6a70b3589e6dd9dda5ea7a89,user,test de cv,cv_help,applicant_support_agent,[],{'source': 'b2c-ai-widget'},2026-08-03 15:54:28.424,0,2026-09-02 15:54:28.423
6a70b9b69e6dd9dda5ea9ebf,6a70b9b49e6dd9dda5ea9eb8,6a70b3589e6dd9dda5ea7a89,assistant,"Para trabajar en tu CV, puedes realizar las siguientes acciones:

1. **Crear un CV nuevo** desde la plataforma.
2. **Subir un archivo PDF** si ya tienes uno.
3. **Editar tus CV** existentes para actualizar información.
4. **Marcar un CV como principal** si tienes varios.
5. **Eliminar un CV** que ya no necesites.

Recuerda revisar cualquier costo vigente mostrado por la plataforma antes de crear o subir CV adicionales. Si necesitas más información específica, házmelo saber.",cv_help,applicant_support_agent,"[{'title': 'Gestion de Curriculum Vitae', 'domain': 'cv', 'sourceType': 'internal_static', 'sourceId': 'cv-dashboard'}, {'title': 'CVs del usuario', 'domain': 'cv', 'sourceType': 'mongodb_collection', 'sourceId': 'cvs'}]",,2026-08-03 15:54:30.070,0,2026-09-02 15:54:30.070
6a70bd589e6dd9dda5eaa517,6a70bd589e6dd9dda5eaa515,6a70b3bd9e6dd9dda5ea7cb4,user,donde coloco un codigo,enrollment_help,course_sales_agent,[],{'source': 'b2c-ai-widget'},2026-08-03 16:10:00.758,0,2026-09-02 16:10:00.757
6a70bd589e6dd9dda5eaa519,6a70bd589e6dd9dda5eaa515,6a70b3bd9e6dd9dda5ea7cb4,assistant,"Para inscribirte en un curso:

1. Abre Cursos y busca una opción por nombre, tipo o modalidad.
2. Revisa su descripción, duración, precio y certificado, cuando correspondan.
3. Selecciona Registrar o Inscribirme.
4. Completa los datos solicitados.
5. Si requiere pago, sigue el flujo indicado por la plataforma.

Después podrás revisar tu inscripción desde Cursos.",enrollment_help,course_sales_agent,"[{'title': 'Ayuda con inscripcion a cursos', 'domain': 'courses', 'sourceType': 'internal_static', 'sourceId': 'course-enrollment'}]",,2026-08-03 16:10:00.851,0,2026-09-02 16:10:00.851
6a70be839e6dd9dda5eaa6d7,6a70be839e6dd9dda5eaa6d5,6a70b95b9e6dd9dda5ea9cd7,user,donde coloco un  codigo de curso,courses_sales,course_sales_agent,[],{'source': 'b2c-ai-widget'},2026-08-03 16:14:59.577,0,2026-09-02 16:14:59.576
6a70be839e6dd9dda5eaa6db,6a70be839e6dd9dda5eaa6d5,6a70b95b9e6dd9dda5ea9cd7,assistant,No encontré cursos activos de donde coloco codigo que coincidan con estos criterios.,courses_sales,course_sales_agent,"[{'title': 'Consulta de cursos', 'domain': 'courses', 'sourceType': 'internal_static', 'sourceId': 'courses-listing'}]",,2026-08-03 16:14:59.759,0,2026-09-02 16:14:59.758
6a7381a8bf44de367b9010d0,6a7381a8bf44de367b9010ce,69c0ad3d09d9ef031b7677f2,user,hay una nueva seccion llamada mi ruta que se hace aca?,support_platform,applicant_support_agent,[],{'source': 'b2c-ai-widget'},2026-08-05 18:32:08.229,0,2026-09-04 18:32:08.215
6a7381aabf44de367b9010d5,6a7381a8bf44de367b9010ce,69c0ad3d09d9ef031b7677f2,assistant,"La sección ""Mi Ruta"" es una nueva funcionalidad que te permite gestionar tu proceso de búsqueda de empleo de manera más efectiva. Para acceder a ella, sigue estos pasos:

1. Inicia sesión en tu cuenta de laboral.ai.
2. Dirígete al menú principal.
3. Busca la opción ""Mi Ruta"".
4. Explora las herramientas y recursos disponibles en esa sección.
5. Utiliza las recomendaciones para mejorar tu perfil y postulaciones.

Si necesitas más información sobre cómo utilizar esta sección, no dudes en preguntar.",support_platform,applicant_support_agent,"[{'title': 'Uso general del panel postulante', 'domain': 'support', 'sourceType': 'internal_static', 'sourceId': 'support-panel-b2c'}, {'title': 'Perfil autenticado', 'domain': 'profile', 'sourceType': 'mongodb_collection', 'sourceId': 'users'}]",,2026-08-05 18:32:10.046,0,2026-09-04 18:32:10.025
6a73bf8cbf44de367b9021aa,6a73bf8bbf44de367b9021a8,68a33ba3cbc08dafe3c27572,user,Cómo reviso el estado de mis postulaciones,application_status,applicant_support_agent,[],{'source': 'b2c-ai-widget'},2026-08-05 22:56:12.109,0,2026-09-04 22:56:12.108
6a73bf8cbf44de367b9021ad,6a73bf8bbf44de367b9021a8,68a33ba3cbc08dafe3c27572,assistant,"Desde Mis postulaciones puedes buscar y filtrar tus procesos, revisar su estado y abrir el detalle disponible. El detalle puede incluir información del empleo, historial del proceso, entrevista y el CV enviado cuando esos datos estén disponibles. Tu resumen actual muestra 0 postulaciones, 0 en proceso y 0 finalizadas.",application_status,applicant_support_agent,"[{'title': 'Consulta de postulaciones', 'domain': 'applications', 'sourceType': 'internal_static', 'sourceId': 'my-applications'}, {'title': 'Resumen de postulaciones', 'domain': 'applications', 'sourceType': 'mongodb_collection', 'sourceId': 'applications'}]",,2026-08-05 22:56:12.306,0,2026-09-04 22:56:12.305
