_id_postulante,carrera_principal,area_profesional,nivel_educativo
66b975bfbf7e18bdfd26381e,,,
66b975bfbf7e18bdfd26381e,,,
66b975bfbf7e18bdfd26381e,,,
66b975bfbf7e18bdfd26381e,,,
66b975bfbf7e18bdfd26381e,Bachiller en Arte con mención en Diseño Gráfico,Arquitectura y Diseño,Bachiller
66b975bfbf7e18bdfd26381e,,,
66b975bfbf7e18bdfd26381e,,,
66b975bfbf7e18bdfd26381e,Transformación digital para emprendedores,Otros,Otros
66b975bfbf7e18bdfd26381e,Design Thinking,Arquitectura y Diseño,Otros
66b975bfbf7e18bdfd26381e,Curso Introducción al Human-Centered Design,Arquitectura y Diseño,Certificado
66b975bfbf7e18bdfd26381e,Diplomado en marketing digital,Administración y Negocios,Diplomado
66b975bfbf7e18bdfd26381e,Profesional en Diseño Gráfico,Arquitectura y Diseño,Bachiller
66b975bfbf7e18bdfd26381e,Curso de producción y animación Motion Graphic,Otros,Certificado
66b975bfbf7e18bdfd26381e,Diploma en UX &UI,Otros,Diplomado
66b975bfbf7e18bdfd26381e,Bachiller en Ingeniería de Software,Ingeniería y Tecnología,Bachiller
66b9831a1f38bd5f50205581,Ciencias de la Computación,Ingeniería y Tecnología,Bachiller
66b9831a1f38bd5f50205581,Sistemas de Información,Ingeniería y Tecnología,Certificado
66b975bfbf7e18bdfd26381e,Bachiller en Arte con mención en Diseño Gráfico,Arquitectura y Diseño,Bachiller
66b975bfbf7e18bdfd26381e,,,
66b975bfbf7e18bdfd26381e,,,
66b975bfbf7e18bdfd26381e,,,
66b975bfbf7e18bdfd26381e,,,
66b975bfbf7e18bdfd26381e,,,
66b975bfbf7e18bdfd26381e,,,
66b975bfbf7e18bdfd26381e,Design Systems in Figma,Arquitectura y Diseño,Certificado
66b975bfbf7e18bdfd26381e,Figma Masterclass course,Otros,Certificado
66b975bfbf7e18bdfd26381e,Responsive Web Design HTML & CSS,Arquitectura y Diseño,Certificado
66b975bfbf7e18bdfd26381e,Introducción al desarrollo web,Otros,Certificado
66b975bfbf7e18bdfd26381e,Diseño de Interfaz avanzado,Arquitectura y Diseño,Certificado
66b975bfbf7e18bdfd26381e,UI Design,Arquitectura y Diseño,Certificado
66b975bfbf7e18bdfd26381e,Web & Mobile Designer,Arquitectura y Diseño,Certificado
66b975bfbf7e18bdfd26381e,Fundamentos de diseño,Arquitectura y Diseño,Certificado
66b975bfbf7e18bdfd26381e,MÁSTER IN USER EXPERIENCE AND INTERACTION DESIGN,Arquitectura y Diseño,Maestría
66b975bfbf7e18bdfd26381e,TRAINING WORKSHOP,Otros,Certificado
66b975bfbf7e18bdfd26381e,COURSE PRODUCT MANAGEMENT,Administración y Negocios,Certificado
66b975bfbf7e18bdfd26381e,BACHELOR ́S DEGREE IN PUBLICITY,Otros,Bachiller
66ba1b48db5c98b2ee73e566,Biología Marina,Ciencias,Bachiller
66ba1b48db5c98b2ee73e566,Organización de SOA La Academia Latinoamericana,Otros,Certificado
66ba1b48db5c98b2ee73e566,Curso de redacción Científica,Otros,Certificado
66ba1b48db5c98b2ee73e566,Estudiante,Otros,Otros
66ba1b48db5c98b2ee73e566,Participante,Otros,Certificado
66ba1b65db5c98b2ee73e5db,Ingeniería  Económica y de Negocios (Tercio superior),Ingeniería y Tecnología,Bachiller
66ba1b36db5c98b2ee73e53c,Especialista en Excel,Otros,Certificado
66ba1b5bdb5c98b2ee73e5aa,Design Thinking,Arquitectura y Diseño,Certificado
66ba1b5bdb5c98b2ee73e5aa,Gestión de almacén e inventario | Gestión de importación y exportación aduanera,Administración y Negocios,Certificado
66ba1b5bdb5c98b2ee73e5aa,Administración de Negocios Internacionales (Media superior),Administración y Negocios,Bachiller
66ba1b5bdb5c98b2ee73e5aa,Impulsando talento con valores,Otros,Certificado
66ba1b53db5c98b2ee73e599,Ingenieria economica y de negocios,Ingeniería y Tecnología,Bachiller
66ba1b38db5c98b2ee73e543,CEO,Otros,Otros
66ba1b38db5c98b2ee73e543,COO,Otros,Otros
66ba1b38db5c98b2ee73e543,Power BI Básico,Otros,Certificado
66ba1b38db5c98b2ee73e543,PROFESOR,Otros,Otros
66ba1b38db5c98b2ee73e543,S.A.CÓDIGO: F80CD297,Otros,Otros
66ba1b38db5c98b2ee73e543,Ingeniería Empresarial y de Sistemas,Ingeniería y Tecnología,Bachiller
66ba1b38db5c98b2ee73e543,Inglés,Ciencias Sociales y Humanidades,Certificado
66ba1b38db5c98b2ee73e543,Scrum Fundamentals Certified,Otros,Certificado
66ba1b38db5c98b2ee73e543,POWER BI - Ofimática Avanzada - Portugués Básico,Otros,Certificado
66ba1b38db5c98b2ee73e543,Curso de Capacitación SQL SERVER,Otros,Certificado
66ba1b38db5c98b2ee73e543,Cursos,Otros,Otros
66ba1b38db5c98b2ee73e543,Microsoft Excel,Otros,Diplomado
66ba1b38db5c98b2ee73e543,Ingeniería Empresarial y de Sistemas,Ingeniería y Tecnología,Bachiller
66ba1b38db5c98b2ee73e543,Curso de Capacitación Implementación de Base de Datos Primer Nivel SQL SERVER,Otros,Certificado
66ba1b38db5c98b2ee73e543,"Design Thinking, Método Harvard de Negociación, Social Media Marketing, Transformación Digital",Administración y Negocios,Certificado
66ba1b38db5c98b2ee73e543,Data Analytics,Otros,Certificado
66ba1b38db5c98b2ee73e543,Power BI (Básico - Intermedio - Avanzado),Otros,Certificado
66ba1b38db5c98b2ee73e543,Scrum Fundamentals Certified,Otros,Certificado
66ba1b38db5c98b2ee73e543,Microsoft Excel,Otros,Diplomado
66ba1b38db5c98b2ee73e543,Inglés (Básico-Intermedio-Avanzado),Ciencias Sociales y Humanidades,Certificado
66ba1c0bdb5c98b2ee73e83a,Psicología,Ciencias Sociales y Humanidades,Bachiller
66ba1c0bdb5c98b2ee73e83a,Educación Secundaria,Ciencias Sociales y Humanidades,Otros
66ba1c0bdb5c98b2ee73e83a,Inglés Intermedio-Avanzado,Ciencias Sociales y Humanidades,Otros
66ba1c0bdb5c98b2ee73e83a,Primaria,Otros,Otros
66ba1c0bdb5c98b2ee73e83a,Educación Secundaria,Ciencias Sociales y Humanidades,Otros
66ba1bfbdb5c98b2ee73e7ff,Administracion de empresas,Administración y Negocios,Bachiller
66ba1bcfdb5c98b2ee73e70a,Derecho,Ciencias Sociales y Humanidades,Bachiller
66ba1bcfdb5c98b2ee73e70a,Estudiante secundario,Otros,Otros
66ba1bcfdb5c98b2ee73e70a,Estudiante primario,Otros,Otros
66ba1bcfdb5c98b2ee73e70a,Estudiante de idomas,Otros,Otros
66ba1b4edb5c98b2ee73e589,Estomatologia,Otros,Bachiller
66ba1b6cdb5c98b2ee73e5eb,Administración de Negocios Internacionales  - tercio superior,Administración y Negocios,Bachiller
66ba1b5bdb5c98b2ee73e5b3,Administración de Negocios Internacionales,Administración y Negocios,Bachiller
66ba1b66db5c98b2ee73e5e3,Administração,Otros,Bachiller
66ba1b66db5c98b2ee73e5e3,Inglés,Ciencias Sociales y Humanidades,Diplomado
66ba1b66db5c98b2ee73e5e3,Administración de Empresas,Administración y Negocios,Bachiller
66ba1b66db5c98b2ee73e5e3,Informática,Ingeniería y Tecnología,Diplomado
66ba1b66db5c98b2ee73e5e3,Técnico en Administración,Administración y Negocios,Diplomado
66ba1c03db5c98b2ee73e81f,Facultad de Ciencias de la Salud. Psicología.,Ciencias Sociales y Humanidades,Otros
66ba1bf8db5c98b2ee73e7e1,Administración de empresas,Administración y Negocios,Bachiller
66ba1bf8db5c98b2ee73e7e1,Administración de empresas,Administración y Negocios,Bachiller
66ba1bf8db5c98b2ee73e7e1,liderazgo empresarial,Otros,Certificado
66ba1bf8db5c98b2ee73e7e1,Power BI,Otros,Certificado
66ba1b60db5c98b2ee73e5cb,Marketing y administración,Administración y Negocios,Otros
66ba1b60db5c98b2ee73e5cb,Administración Bancaria,Administración y Negocios,Bachiller
66ba1bb3db5c98b2ee73e6ac,Derecho,Ciencias Sociales y Humanidades,Otros
66ba1bb3db5c98b2ee73e6ac,Quimica Farmaceutica y Bioquimica,Ciencias,Diplomado
66ba1bb3db5c98b2ee73e6ac,Redacción Jurídica en tema Civil,Ingeniería y Tecnología,Otros
66ba1b3ddb5c98b2ee73e556,Ingeniería Empresarial y de sistemas,Ingeniería y Tecnología,Bachiller
66ba1b3ddb5c98b2ee73e556,Educación Secundaria,Ciencias Sociales y Humanidades,Diplomado
66ba1b3ddb5c98b2ee73e556,Educación Secundaria,Ciencias Sociales y Humanidades,Diplomado
66ba1c39db5c98b2ee73e9a3,Psicología,Ciencias Sociales y Humanidades,Bachiller
66ba1bf9db5c98b2ee73e7e7,Psicologia,Ciencias Sociales y Humanidades,Bachiller
66ba1bf9db5c98b2ee73e7e7,Metodology for EFL teachers,Otros,Certificado
66ba1bf9db5c98b2ee73e7e7,Ingles Avanzado,Ciencias Sociales y Humanidades,Certificado
66ba1c5adb5c98b2ee73ebc6,Arquitectura y Urbanismo Ambiental,Ingeniería y Tecnología,Bachiller
66ba1c5adb5c98b2ee73ebc6,Diagramación de Paneles,Otros,Diplomado
66ba1c5adb5c98b2ee73ebc6,Adobe Photoshop,Otros,Diplomado
66ba1c5adb5c98b2ee73ebc6,Inglés Británico Avanzado,Ciencias Sociales y Humanidades,Certificado
66ba1c5adb5c98b2ee73ebc6,Gestión de Proyectos Sostenibles,Administración y Negocios,Certificado
66ba1c60db5c98b2ee73ec30,Educación Secundaria,Ciencias Sociales y Humanidades,Otros
66ba1c60db5c98b2ee73ec30,Arquitectura y Urbanismo Ambiental,Ingeniería y Tecnología,Bachiller
66ba1b43db5c98b2ee73e55e,Derecho,Ciencias Sociales y Humanidades,Bachiller
66ba1b43db5c98b2ee73e55e,Gestión pública y contrataciones con el estado,Administración y Negocios,Diplomado
66ba1b43db5c98b2ee73e55e,"Derecho penal, parte general y parte especial con mención en lavado de activos, narcotráfico, extinción de dominio y compliance",Ciencias Sociales y Humanidades,Diplomado
66ba1b43db5c98b2ee73e55e,Código procesal civil y litigación oral,Ingeniería y Tecnología,Diplomado
66ba1b43db5c98b2ee73e55e,"Violencia familiar, de género y delitos sexuales",Otros,Diplomado
66ba1c8edb5c98b2ee73eea5,Arquitectura y Urbanismo Ambiental,Ingeniería y Tecnología,Bachiller
66ba1c8edb5c98b2ee73eea5,Inglés Británico,Ciencias Sociales y Humanidades,Certificado
66ba1c8edb5c98b2ee73eea5,Renderizado en Vr 6 y Lumion,Otros,Certificado
66ba1c8edb5c98b2ee73eea5,Diagramación de paneles Arquitectónicos,Otros,Certificado
66ba1b57db5c98b2ee73e5a1,Excel Intermedio,Otros,Otros
66ba1b57db5c98b2ee73e5a1,Ingeniería económica y de Negocios,Ingeniería y Tecnología,Bachiller
66ba1b57db5c98b2ee73e5a1,S10 Costos y Presupuestos,Otros,Certificado
66ba1b57db5c98b2ee73e5a1,Excel Avanzado (Dashboards en Excel  y Creación de Macros),Otros,Certificado
66ba1b57db5c98b2ee73e5a1,"Charla ""Inversión en Fondos Mutuos""",Otros,Otros
66ba1b57db5c98b2ee73e5a1,Moneda Digital - BCRP,Otros,Otros
66ba1b57db5c98b2ee73e5a1,Conversatorio “El mercado de valores y el rol de la SMV ”,Otros,Otros
66ba1c99db5c98b2ee73ef0b,Psicología,Ciencias Sociales y Humanidades,Bachiller
66ba1ca1db5c98b2ee73ef6f,Estudiante del 6to ciclo de la carrera de Marketing y Administración.,Administración y Negocios,Bachiller
66ba1ca1db5c98b2ee73ef6f,Estudiante de inglés en nivel básico.,Ciencias Sociales y Humanidades,Otros
66ba1ca2db5c98b2ee73ef9b,MARKETING Y ADMINISTRACIÓN,Administración y Negocios,Bachiller
66ba1bb4db5c98b2ee73e6bf,Bachiller en Ingeniería económica y de negocios | Tercio superior,Ingeniería y Tecnología,Bachiller
66ba1b80db5c98b2ee73e625,Ingeniería Agroforestal,Ingeniería y Tecnología,Bachiller
66ba1b80db5c98b2ee73e625,,,
66ba1cb8db5c98b2ee73f06e,Marketing y Administración,Administración y Negocios,Bachiller
66ba1cb8db5c98b2ee73f06e,Estudiante de idiomas,Otros,Otros
66ba1cb8db5c98b2ee73f06e,Estudiante secundario,Otros,
66ba1b80db5c98b2ee73e625,,,
66ba1b80db5c98b2ee73e625,Ingeniería Agroforestal,Ingeniería y Tecnología,Bachiller
66ba1e4fdb5c98b2ee73fad5,Estomatología,Otros,Bachiller
66ba1b5cdb5c98b2ee73e5b6,Inglés (Básico – Intermedio – Avanzado),Ciencias Sociales y Humanidades,Certificado
66ba1b5cdb5c98b2ee73e5b6,Estudiante del 6to ciclo de la carrera de Marketing y Administración,Administración y Negocios,Bachiller
66ba1b5cdb5c98b2ee73e5b6,Community Management,Administración y Negocios,
66ba1b5cdb5c98b2ee73e5b6,Content Marketing,Administración y Negocios,Certificado
66ba1b5cdb5c98b2ee73e5b6,Microsoft Excel (Básico – Intermedio),Otros,Certificado
66ba1b5cdb5c98b2ee73e5b6,Marketing Digital,Administración y Negocios,Certificado
66ba1d51db5c98b2ee73f584,Marketing y Administración (6to ciclo - tercio superior),Administración y Negocios,Bachiller
66ba1d51db5c98b2ee73f584,Curso de Diseño Gráfico Publicitario,Arquitectura y Diseño,Otros
66ba1d51db5c98b2ee73f584,Inglés Básico,Ciencias Sociales y Humanidades,Otros
66ba1e78db5c98b2ee73fcdf,Administracion y Negocios internacionales,Administración y Negocios,Otros
66ba1e78db5c98b2ee73fcdf,INGLES,Ciencias Sociales y Humanidades,Otros
66ba1e8ddb5c98b2ee73fe0c,Marketing y Administración,Administración y Negocios,Bachiller
66ba1e8ddb5c98b2ee73fe0c,Educación Secundaria,Ciencias Sociales y Humanidades,Otros
66ba1ebfdb5c98b2ee740077,Estomatología,Otros,Bachiller
66ba1ebfdb5c98b2ee740077,,,
66ba1b5cdb5c98b2ee73e5b6,Marketing y Administración,Administración y Negocios,Bachiller
66ba1b4adb5c98b2ee73e571,Ciencia política,Otros,Bachiller
66ba1b4adb5c98b2ee73e571,Ingles básico,Ciencias Sociales y Humanidades,Certificado
66ba1eeedb5c98b2ee74034e,Estomatología,Otros,Bachiller
66ba1c8cdb5c98b2ee73ee8b,Marketing y administración,Administración y Negocios,Bachiller
66ba1f79db5c98b2ee740c5f,Derecho,Ciencias Sociales y Humanidades,Bachiller
66ba1f79db5c98b2ee740c5f,Derecho,Ciencias Sociales y Humanidades,Bachiller
66ba1f79db5c98b2ee740c5f,Derecho,Ciencias Sociales y Humanidades,Bachiller
66ba1b76db5c98b2ee73e605,Ingeniería Económica y Negocios ( Quinto superior ),Ingeniería y Tecnología,Bachiller
66ba1b6cdb5c98b2ee73e5eb,Administración de Negocios Internacionales,Administración y Negocios,Bachiller
66ba2064db5c98b2ee741c21,Administración de empresas,Administración y Negocios,Bachiller
66ba1d21db5c98b2ee73f416,Estomatología,Otros,Bachiller
66ba1d21db5c98b2ee73f416,Odontología,Salud,Bachiller
66ba1b5cdb5c98b2ee73e5b6,Marketing y Administración,Administración y Negocios,Bachiller
66ba1b5cdb5c98b2ee73e5b6,,,Certificado
66ba1b5cdb5c98b2ee73e5b6,,,Certificado
66ba1b5cdb5c98b2ee73e5b6,,,Certificado
66ba1b5cdb5c98b2ee73e5b6,,,Certificado
66ba1bb4db5c98b2ee73e6bf,Bachiller en Ingeniería económica y de negocios,Ingeniería y Tecnología,Bachiller
66ba1b57db5c98b2ee73e5a1,Excel Intermedio,Otros,Certificado
66ba1b57db5c98b2ee73e5a1,Ingeniería económica y de Negocios,Ingeniería y Tecnología,Bachiller
66ba1b57db5c98b2ee73e5a1,Datos y Economía Digital: SQL y PYTHON,Economía y Finanzas,Certificado
66ba1d51db5c98b2ee73f584,Marketing y Administración,Administración y Negocios,Bachiller
66ba1b53db5c98b2ee73e599,Ingenieria economica y de negocios,Ingeniería y Tecnología,Bachiller
66ba1c8cdb5c98b2ee73ee8b,Marketing y administración,Administración y Negocios,Bachiller
66ba1b76db5c98b2ee73e605,Ingeniería Económica y Negocios (Quinto superior),Ingeniería y Tecnología,Bachiller
66ba1ca1db5c98b2ee73ef6f,Inglés (Basico),Ciencias Sociales y Humanidades,Certificado
66ba1ca1db5c98b2ee73ef6f,Marketing y Administración,Administración y Negocios,Bachiller
66ba1bf8db5c98b2ee73e7e1,liderazgo empresarial,Otros,Certificado
66ba1bf8db5c98b2ee73e7e1,Administración de empresas,Administración y Negocios,Bachiller
66ba1bf8db5c98b2ee73e7e1,Administración de empresas,Administración y Negocios,Bachiller
66ba1bf8db5c98b2ee73e7e1,Power BI,Otros,Certificado
66ba1b66db5c98b2ee73e5e3,Administração,Otros,Bachiller
66ba1b66db5c98b2ee73e5e3,Inglés,Ciencias Sociales y Humanidades,Otros
66ba1b66db5c98b2ee73e5e3,Técnico en Administración,Administración y Negocios,Diplomado
66ba1b66db5c98b2ee73e5e3,Administración de Empresas,Administración y Negocios,Certificado
66ba1b66db5c98b2ee73e5e3,Informática,Ingeniería y Tecnología,Otros
66ba1b5bdb5c98b2ee73e5b3,Administración de Negocios Internacionales,Administración y Negocios,Bachiller
66ba1b6cdb5c98b2ee73e5eb,Administración de Negocios Internacionales,Administración y Negocios,Bachiller
66ba1d51db5c98b2ee73f584,Marketing y Administración,Administración y Negocios,Bachiller
66ba1c8cdb5c98b2ee73ee8b,Marketing y administración,Administración y Negocios,Bachiller
66ba1b48db5c98b2ee73e566,Biología Marina,Ciencias,Bachiller
66ba1b48db5c98b2ee73e566,Participante,Otros,Certificado
66ba1b48db5c98b2ee73e566,Organización de SOA La Academia Latinoamericana,Otros,Certificado
66ba1b48db5c98b2ee73e566,Curso de redacción Científica,Otros,Certificado
66ba1b48db5c98b2ee73e566,Estudiante,Otros,Diplomado
66ba1b48db5c98b2ee73e566,Educación Secundaria,Ciencias Sociales y Humanidades,Otros
66ba1b48db5c98b2ee73e566,Estudiante Primaria,Otros,Otros
66ba1e4fdb5c98b2ee73fad5,Estomatología,Otros,Otros
66ba1b43db5c98b2ee73e55e,Derecho,Ciencias Sociales y Humanidades,Bachiller
66ba1b43db5c98b2ee73e55e,Gestión pública y contrataciones con el estado,Administración y Negocios,Certificado
66ba1b43db5c98b2ee73e55e,"Derecho penal, parte general y parte especial con mención en lavado de activos, narcotráfico, extinción de dominio y compliance",Ciencias Sociales y Humanidades,Certificado
66ba1b43db5c98b2ee73e55e,"Violencia familiar, de género y delitos sexuales",Otros,Certificado
66ba1b43db5c98b2ee73e55e,Código procesal civil y litigación oral,Ingeniería y Tecnología,Certificado
66ba1b4adb5c98b2ee73e571,Ciencia política,Otros,Bachiller
66ba1b4adb5c98b2ee73e571,Ingles básico,Ciencias Sociales y Humanidades,Certificado
66ba1b5bdb5c98b2ee73e5b3,Administración de Negocios Internacionales,Administración y Negocios,Bachiller
66ba1b3ddb5c98b2ee73e556,Ingeniería Empresarial y de sistemas,Ingeniería y Tecnología,
66ba1b66db5c98b2ee73e5e3,Administração,Otros,Bachiller
66ba1b66db5c98b2ee73e5e3,Técnico en Administración,Administración y Negocios,Diplomado
66ba1b66db5c98b2ee73e5e3,Administración de Empresas,Administración y Negocios,Certificado
66ba1b66db5c98b2ee73e5e3,Informática,Ingeniería y Tecnología,Otros
66ba1b66db5c98b2ee73e5e3,Inglés,Ciencias Sociales y Humanidades,Otros
66ba1b5bdb5c98b2ee73e5aa,Administración de Negocios Internacionales (Media superior),Administración y Negocios,Bachiller
66ba1c03db5c98b2ee73e81f,Psicología,Ciencias Sociales y Humanidades,Bachiller
66ba1c39db5c98b2ee73e9a3,Psicología,Ciencias Sociales y Humanidades,Bachiller
66ba1c8cdb5c98b2ee73ee8b,Marketing y administración,Administración y Negocios,Bachiller
66ba1bf8db5c98b2ee73e7e1,liderazgo empresarial,Otros,Certificado
66ba1bf8db5c98b2ee73e7e1,Administración de empresas,Administración y Negocios,Bachiller
66ba1bf8db5c98b2ee73e7e1,Administración de empresas,Administración y Negocios,Bachiller
66ba1bf8db5c98b2ee73e7e1,Power BI,Otros,Certificado
66ba1e4fdb5c98b2ee73fad5,Inglés avanzado,Ciencias Sociales y Humanidades,Certificado
66ba1e4fdb5c98b2ee73fad5,Ganadora de la beca continuidad de estudios,Otros,Certificado
66ba1e4fdb5c98b2ee73fad5,Estomatología,Otros,Otros
66ba1b4adb5c98b2ee73e571,Asistente de recursos humanos,Administración y Negocios,Certificado
66ba1b4adb5c98b2ee73e571,Ciencia política,Otros,Bachiller
66ba1b4adb5c98b2ee73e571,Ingles básico,Ciencias Sociales y Humanidades,Certificado
66ba1b57db5c98b2ee73e5a1,Excel Intermedio,Otros,Certificado
66ba1b57db5c98b2ee73e5a1,Ingeniería económica y de Negocios,Ingeniería y Tecnología,Bachiller
66ba1b57db5c98b2ee73e5a1,Datos y Economía Digital: SQL y PYTHON,Economía y Finanzas,Certificado
66ba1b76db5c98b2ee73e605,Ingeniería Económica y Negocios (Quinto superior),Ingeniería y Tecnología,Bachiller
66ba1d21db5c98b2ee73f416,Estomatología,Otros,Bachiller
66ba2064db5c98b2ee741c21,Administración de empresas,Administración y Negocios,Bachiller
66ba1b76db5c98b2ee73e605,Ingeniería Económica y Negocios (Quinto superior),Ingeniería y Tecnología,Bachiller
66ba1ebfdb5c98b2ee740077,Estomatología,Otros,Bachiller
66ba6d51db5c98b2ee746461,Estudiante de 7mo ciclo de Ingeniería Económica y de Negocios (perteneciente al tercio superior con preferencia académica),Ingeniería y Tecnología,Bachiller
66ba72dbdb5c98b2ee74669d,Medicina Veterinaria y Zootecnia,Salud,Bachiller
66ba1e8ddb5c98b2ee73fe0c,Educación Secundaria,Ciencias Sociales y Humanidades,Otros
66ba1e8ddb5c98b2ee73fe0c,Marketing y Administración,Administración y Negocios,Bachiller
66ba1e8ddb5c98b2ee73fe0c,Marketing y Administración - décimo superior,Administración y Negocios,Bachiller
66ba1e8ddb5c98b2ee73fe0c,Educación Secundaria,Ciencias Sociales y Humanidades,
66ba1f22db5c98b2ee740646,Estomatología,Otros,Bachiller
66ba1f22db5c98b2ee740646,Ingles Básico,Ciencias Sociales y Humanidades,Certificado
66ba28f1db5c98b2ee745df9,Ingenieria de Sistemas Empresariales,Ingeniería y Tecnología,Otros
66ba28f1db5c98b2ee745df9,Ingles,Ciencias Sociales y Humanidades,Otros
66ba28f1db5c98b2ee745df9,Excel,Otros,Certificado
66ba28f1db5c98b2ee745df9,Power BI,Otros,Otros
66ba28f1db5c98b2ee745df9,SAP,Otros,Certificado
66ba9ff7db5c98b2ee747889,Derecho,Ciencias Sociales y Humanidades,Bachiller
66ba1c99db5c98b2ee73ef0b,Psicología,Ciencias Sociales y Humanidades,Bachiller
66ba1c99db5c98b2ee73ef0b,Técnico Enfermería,Salud,Bachiller
66ba1c99db5c98b2ee73ef0b,Especialidad en Radiología Bucal y Maxilofacial,Otros,Certificado
66ba1c99db5c98b2ee73ef0b,Curso de Protección Radiológica Médica y Dental,Otros,Certificado
66ba1c99db5c98b2ee73ef0b,Técnico en Computación,Ingeniería y Tecnología,Bachiller
66ba1b80db5c98b2ee73e625,Estudiante,Otros,
66ba1b80db5c98b2ee73e625,"Ingeniería Agroforestal, quinto superior",Ingeniería y Tecnología,Bachiller
66ba1b5cdb5c98b2ee73e5b6,Marketing y Administración,Administración y Negocios,Bachiller
66ba1b5cdb5c98b2ee73e5b6,,,Certificado
66ba1b5cdb5c98b2ee73e5b6,,,Certificado
66ba1b5cdb5c98b2ee73e5b6,,,Certificado
66ba1b5cdb5c98b2ee73e5b6,,,Certificado
66baad5fdb5c98b2ee7480ab,MicroMaster Statistics and Data Science,Ingeniería y Tecnología,Otros
66baad5fdb5c98b2ee7480ab,CURSO ESPECIALIZADO: GESTIÓN Y MEJORA DE PROCESOS,Administración y Negocios,Certificado
66baad5fdb5c98b2ee7480ab,CURSO DE ESPECIALIZACIÓN: GESTIÓN DE PROYECTOS PRINCIPIOS Y PRÁCTICAS,Administración y Negocios,Certificado
66baad5fdb5c98b2ee7480ab,Ingeniería Mecatrónica,Ingeniería y Tecnología,Bachiller
66baad5fdb5c98b2ee7480ab,PROGRAMA DE ESPECIALIZACIÓN: BUSINESS INTELLIGENCE & BIG DATA,Otros,Certificado
66baada4db5c98b2ee748169,Estomatologia,Otros,Bachiller
66ba1b60db5c98b2ee73e5cf,Administración de Empresas,Administración y Negocios,Bachiller
66ba1b60db5c98b2ee73e5cf,Especialización en Recursos Humanos,Administración y Negocios,Diplomado
66ba1b60db5c98b2ee73e5cf,Inglés,Ciencias Sociales y Humanidades,Certificado
66ba1b60db5c98b2ee73e5cf,Excel,Otros,Diplomado
66ba1f79db5c98b2ee740c5f,Contador Público,Otros,
66ba1f79db5c98b2ee740c5f,Derecho,Ciencias Sociales y Humanidades,Otros
66ba1b5bdb5c98b2ee73e5b3,Administración de Negocios Internacionales,Administración y Negocios,Otros
66ba1b5bdb5c98b2ee73e5b3,Inglés (Básico - Intermedio - Avanzado),Ciencias Sociales y Humanidades,Certificado
66ba1b5bdb5c98b2ee73e5b3,Especialización de Branding y estrategias de marca,Otros,Certificado
66ba1b5bdb5c98b2ee73e5b3,Especialización en Design ThinKing,Arquitectura y Diseño,Certificado
66ba1b5bdb5c98b2ee73e5b3,Especialización en Data Analytics,Otros,Certificado
66babeeedb5c98b2ee749289,Diplomatura en Estudio en Methodological Principles for TEFL to Adult learners,Otros,Diplomado
66babeeedb5c98b2ee749289,Comunicación y Publicidad,Ciencias Sociales y Humanidades,Bachiller
66bac13fdb5c98b2ee7497d1,Educación Secundaria,Ciencias Sociales y Humanidades,Otros
66bac13fdb5c98b2ee7497d1,Farmacia y bioquímica,Salud,Otros
66bac13fdb5c98b2ee7497d1,Inglés americano,Ciencias Sociales y Humanidades,Otros
66bac1bedb5c98b2ee749868,Bachelor of Science in Computer Science,Otros,Bachiller
66bac1bedb5c98b2ee749868,Master of Science in Data Science,Ingeniería y Tecnología,Maestría
66bac1bedb5c98b2ee749868,PhD in Artificial Intelligence,Otros,Doctorado
66bac1bedb5c98b2ee749868,Certificate in Machine Learning,Otros,Certificado
66bac1bedb5c98b2ee749868,,,Otros
66bac1eedb5c98b2ee74997c,Estudios en ingles britanco avanzado,Ciencias Sociales y Humanidades,Certificado
66bac1eedb5c98b2ee74997c,,,Otros
66bac1eedb5c98b2ee74997c,Estudios en fotografía profesonal,Otros,Diplomado
66bac1eedb5c98b2ee74997c,Estudios en Ingeniería Ambiental,Ingeniería y Tecnología,Bachiller
66bac1eddb5c98b2ee749976,,,Bachiller
66bac1eddb5c98b2ee749976,Maestra Educación Inicial,Ciencias Sociales y Humanidades,Certificado
66bac1eddb5c98b2ee749976,Educación Secundaria,Ciencias Sociales y Humanidades,Otros
66bac1eddb5c98b2ee749976,Gestión pública,Administración y Negocios,Diplomado
66bac237db5c98b2ee749b7b,Carrera de Ingeniería Ambiental,Ingeniería y Tecnología,Bachiller
66bac237db5c98b2ee749b7b,,,
66bac237db5c98b2ee749b7b,Nivel de Inglés B1 Intermedio,Ciencias Sociales y Humanidades,Certificado
66bac1e0db5c98b2ee7498ea,Profesional Técnico en Ciencias de la Comunicación,Ciencias Sociales y Humanidades,Diplomado
66bac1e0db5c98b2ee7498ea,Estudios de Intercambio,Otros,Otros
66bac1e0db5c98b2ee7498ea,Comunicación y Publicidad,Ciencias Sociales y Humanidades,Otros
66bac1c1db5c98b2ee749870,Convalidación de carrera técnica,Otros,
66bac1c1db5c98b2ee749870,Marketing Deportivo,Administración y Negocios,Certificado
66bac1c1db5c98b2ee749870,Redacción Periodística,Otros,Certificado
66bac1c1db5c98b2ee749870,Técnico en Ciencias de la Comunicación,Ciencias Sociales y Humanidades,
66bac226db5c98b2ee749b00,Educación Secundaria,Ciencias Sociales y Humanidades,Otros
66bac226db5c98b2ee749b00,Estomatología,Otros,Bachiller
66bac23adb5c98b2ee749b83,Laboratorio Dental,Otros,Certificado
66bac2dedb5c98b2ee74a0aa,Psicología,Ciencias Sociales y Humanidades,Otros
66bac2dedb5c98b2ee74a0aa,Negocios Internacionales,Administración y Negocios,Diplomado
66bac2dedb5c98b2ee74a0aa,Gestión Empresarial,Administración y Negocios,Diplomado
66bac2dedb5c98b2ee74a0aa,Gestión de Organizaciones,Administración y Negocios,Diplomado
66bac2a3db5c98b2ee749ec4,Facultad de Psicología,Ciencias Sociales y Humanidades,Otros
66bac2a3db5c98b2ee749ec4,Curso Cómo elaborar requerimientos de bienes y servicios,Otros,Certificado
66bac2a3db5c98b2ee749ec4,Curso ABC de las Compras Públicas - Edición 1,Otros,Certificado
66bac2a3db5c98b2ee749ec4,Diplomado en Administración Municipal,Administración y Negocios,Diplomado
66bac2a3db5c98b2ee749ec4,Curso Taller de Secretariado Ejecutivo,Otros,Certificado
66bac2a3db5c98b2ee749ec4,Comida peruana novoandina y amazónica,Otros,Certificado
66bac2a3db5c98b2ee749ec4,Tramite Documentario y manejo de Archivo Curso,Otros,Certificado
66bac2a3db5c98b2ee749ec4,Comida Peruana y Criolla,Otros,Certificado
66bac2a3db5c98b2ee749ec4,Curso Servicio al Ciudadano en contexto de crisis,Otros,Certificado
66bac2a3db5c98b2ee749ec4,Secretariado Ejecutivo,Otros,Diplomado
66bac2a3db5c98b2ee749ec4,Comida de peruana de pescados y marisco,Otros,Certificado
66bac2a3db5c98b2ee749ec4,Diplomado en gestión Publica,Administración y Negocios,Diplomado
66bac2a3db5c98b2ee749ec4,Estudios de Secretariado Ejecutivo,Otros,Diplomado
66bac2a3db5c98b2ee749ec4,Ciencias de Comunicación,Ciencias Sociales y Humanidades,Bachiller
66bac2a3db5c98b2ee749ec4,Curso de Redacción,Otros,Certificado
66bac2a3db5c98b2ee749ec4,Curso Taller de Gestión de Recursos Humanos,Administración y Negocios,Certificado
66bac2a3db5c98b2ee749ec4,Cursos de Actualización en secretariado Ejecutivo,Otros,Certificado
66bac2a3db5c98b2ee749ec4,Curso Taller de Computación e Informática,Ingeniería y Tecnología,Certificado
66bac2a3db5c98b2ee749ec4,Curso Taller de Asistente de Gerencia,Otros,Certificado
66bac2a3db5c98b2ee749ec4,Curso Taller de Gestión Pública,Administración y Negocios,Certificado
66bac2a3db5c98b2ee749ec4,Capacitación de Atención al Cliente y Manejo de Quejas,Otros,Certificado
66bac2a3db5c98b2ee749ec4,Administración en Recursos Humanos Curso,Administración y Negocios,Certificado
66bac2a3db5c98b2ee749ec4,Gestión Municipal Taller,Administración y Negocios,Certificado
66bac2a3db5c98b2ee749ec4,Capacitación de Seguros Ripley Protección De Tarjeta,Otros,Certificado
66bac2a3db5c98b2ee749ec4,Métodos básicos de cocina,Otros,Certificado
66bac2a3db5c98b2ee749ec4,Curso Taller de Atención al Ciudadano y al Cliente,Otros,Certificado
66bac42ddb5c98b2ee74a490,Formulación de dietas balanceadas para peces tropicales.,Otros,Certificado
66bac42ddb5c98b2ee74a490,Biología Marina,Ciencias,Bachiller
66bac42ddb5c98b2ee74a490,PRINCIPALES ENFERMEDADES Y BIOSEGURIDAD EN CULTIVO DE TRUCHA ARCO IRIS,Otros,Certificado
66bac42ddb5c98b2ee74a490,Educación Secundaria,Ciencias Sociales y Humanidades,Otros
66bac42ddb5c98b2ee74a490,Excel Básico - Excel Intermedio,Otros,
66bac42ddb5c98b2ee74a490,Gestión Sostenible: Estrategias para la Conservación Pesquera y Acuícola,Administración y Negocios,Certificado
66bac1bedb5c98b2ee749868,Psicología,Ciencias Sociales y Humanidades,Bachiller
66badb2cdb5c98b2ee74e5a0,Ingeniería Económica y de Negocios,Ingeniería y Tecnología,Bachiller
66bac289db5c98b2ee749da7,Bachelor of Science in Computer Science,Otros,Bachiller
66bac289db5c98b2ee749da7,PhD in Artificial Intelligence,Otros,Doctorado
66bac289db5c98b2ee749da7,Master of Science in Data Science,Ingeniería y Tecnología,Maestría
66bac289db5c98b2ee749da7,Certificate in Machine Learning,Otros,Certificado
66bac289db5c98b2ee749da7,,,Otros
66bac289db5c98b2ee749da7,Diploma in Web Development,Otros,Diplomado
66bac289db5c98b2ee749da7,Comunicación Audiovisual,Ciencias Sociales y Humanidades,Certificado
66bac289db5c98b2ee749da7,Comunicación y Publicidad,Ciencias Sociales y Humanidades,Certificado
66bac289db5c98b2ee749da7,Google Ads y Analytics,Otros,
66bac2dedb5c98b2ee74a0aa,Negocios Internacionales,Administración y Negocios,Diplomado
66bac2dedb5c98b2ee74a0aa,Psicología,Ciencias Sociales y Humanidades,Otros
66bac2dedb5c98b2ee74a0aa,Gestión de Organizaciones,Administración y Negocios,Diplomado
66bac2dedb5c98b2ee74a0aa,Comercio Exterior,Otros,Certificado
66bac2dedb5c98b2ee74a0aa,Gestión Empresarial,Administración y Negocios,Diplomado
66bac2a3db5c98b2ee749ec4,Facultad de Psicología,Ciencias Sociales y Humanidades,Bachiller
66bac2a3db5c98b2ee749ec4,Estudios de Secretariado Ejecutivo,Otros,Diplomado
66bac2a3db5c98b2ee749ec4,Facultad de Psicología,Ciencias Sociales y Humanidades,Bachiller
66bac2a3db5c98b2ee749ec4,Estudios de Secretariado Ejecutivo,Otros,Diplomado
66bac249db5c98b2ee749bde,Administración de empresas,Administración y Negocios,Bachiller
66bac249db5c98b2ee749bde,Psicología,Ciencias Sociales y Humanidades,Bachiller
66bac249db5c98b2ee749bde,Gestión de Recursos Humanos,Administración y Negocios,Diplomado
66bac249db5c98b2ee749bde,Coaching y liderazgo,Otros,Diplomado
66bac208db5c98b2ee749a5b,Obstetricia,Otros,Bachiller
66bd1ab9db5c98b2ee751403,Cursando el III de la carrera de Comunicación y Publicidad,Ciencias Sociales y Humanidades,Bachiller
66bd1ab9db5c98b2ee751403,Egresada de la carrera de Comunicación Integral,Ciencias Sociales y Humanidades,Bachiller
66bd23bfdb5c98b2ee751569,Psicología,Ciencias Sociales y Humanidades,Otros
66bd23bfdb5c98b2ee751569,Ingles,Ciencias Sociales y Humanidades,Otros
66bd23bfdb5c98b2ee751569,Contabilidad,Economía y Finanzas,Otros
66bd8aebdb5c98b2ee751c65,Ingeniería Industrial,Ingeniería y Tecnología,Bachiller
66bd8aebdb5c98b2ee751c65,,,
66bd8aebdb5c98b2ee751c65,,,
66bd8aebdb5c98b2ee751c65,,,
66bd8aebdb5c98b2ee751c65,,,
66bd8aebdb5c98b2ee751c65,,,
66bd8aebdb5c98b2ee751c65,Ingeniería Industrial,Ingeniería y Tecnología,Otros
66bd8aebdb5c98b2ee751c65,,,
66bd8aebdb5c98b2ee751c65,,,
66bd8aebdb5c98b2ee751c65,Diplomado en Gestión Estratégica de Costos,Administración y Negocios,Diplomado
66bd8aebdb5c98b2ee751c65,,,
66bd8aebdb5c98b2ee751c65,Ingeniería Industrial,Ingeniería y Tecnología,Otros
66bd8aebdb5c98b2ee751c65,Ingeniería Industrial,Ingeniería y Tecnología,Bachiller
66bd8aebdb5c98b2ee751c65,,,
66bd8aebdb5c98b2ee751c65,,,
66bd8aebdb5c98b2ee751c65,,,
66bd8aebdb5c98b2ee751c65,,,
66bd8aebdb5c98b2ee751c65,,,
66bd8aebdb5c98b2ee751c65,,,
66bd8aebdb5c98b2ee751c65,Diplomado en Gestión Estratégica de Costos,Administración y Negocios,Diplomado
66bd8aebdb5c98b2ee751c65,,,
66bd8aebdb5c98b2ee751c65,,,
66be4776db5c98b2ee7522e6,,,Otros
66be4776db5c98b2ee7522e6,,,Otros
66be4776db5c98b2ee7522e6,Título de Técnico en Gastronomía,Otros,
66be4776db5c98b2ee7522e6,,,Otros
66be7edfdb5c98b2ee75272b,Ingeniería Industrial,Ingeniería y Tecnología,Bachiller
66be7edfdb5c98b2ee75272b,Diplomado en Gestión Estratégica de Costos,Administración y Negocios,Diplomado
66be7edfdb5c98b2ee75272b,Diplomado en Gestión Integral de Procesos,Administración y Negocios,Certificado
66bac20edb5c98b2ee749a70,Curso gestión de la competitividad,Administración y Negocios,Certificado
66bac20edb5c98b2ee749a70,Licenciado en Administración,Administración y Negocios,Bachiller
66bac20edb5c98b2ee749a70,Diplomado estrategias funcionales de marketing,Administración y Negocios,Diplomado
66bac20edb5c98b2ee749a70,Psicología,Ciencias Sociales y Humanidades,Otros
66bf6197db5c98b2ee753920,Psicología,Ciencias Sociales y Humanidades,Bachiller
66bf6197db5c98b2ee753920,Contabilidad,Economía y Finanzas,Certificado
66bf6197db5c98b2ee753920,Ingles,Ciencias Sociales y Humanidades,Otros
66b975bfbf7e18bdfd26381e,Técnico Universitario en Educación Comercial,Administración y Negocios,Diplomado
66b975bfbf7e18bdfd26381e,Licenciatura en Administración de Empresas,Administración y Negocios,Bachiller
66b975bfbf7e18bdfd26381e,Curso de especialización en Customer Experience,Otros,Certificado
66b975bfbf7e18bdfd26381e,Bachelor in Computer Science,Otros,Bachiller
66d784aba40ed15225e5ab36,Seguridad y Salud Ocupacional,Salud,Certificado
66d784aba40ed15225e5ab36,Asistente de Logística,Otros,Certificado
66d784aba40ed15225e5ab36,Ingeniería Industrial,Ingeniería y Tecnología,Bachiller
66d784aba40ed15225e5ab36,Gestión de cadena de suministro,Administración y Negocios,Certificado
66d784aba40ed15225e5ab36,Gestión de inventario,Administración y Negocios,Certificado
66d784aba40ed15225e5ab36,Estrategia Empresarial,Otros,Certificado
66d784aba40ed15225e5ab36,Congreso Internacional de Gestión Logística,Administración y Negocios,Certificado
66d784aba40ed15225e5ab36,Ciclo de Conferencias Magistrales de Ingeniería,Ingeniería y Tecnología,Certificado
66d784aba40ed15225e5ab36,Prevención de Riesgos Laborales,Otros,Certificado
66d784aba40ed15225e5ab36,Ingeniería Industrial,Ingeniería y Tecnología,Bachiller
66d784aba40ed15225e5ab36,Estrategia Empresarial,Otros,Certificado
66d784aba40ed15225e5ab36,Gestión de cadena de suministro,Administración y Negocios,Certificado
66d784aba40ed15225e5ab36,Ciclo de Conferencias Magistrales de Ingeniería,Ingeniería y Tecnología,Certificado
66d784aba40ed15225e5ab36,Prevención de Riesgos Laborales,Otros,Certificado
66d784aba40ed15225e5ab36,Seguridad y Salud Ocupacional,Salud,Certificado
66d784aba40ed15225e5ab36,Asistente de Logística,Otros,Certificado
66d784aba40ed15225e5ab36,Gestión de inventario,Administración y Negocios,Certificado
66d784aba40ed15225e5ab36,Congreso Internacional de Gestión Logística,Administración y Negocios,Certificado
66d7eac3a40ed15225e5ac27,Administracion de starups,Administración y Negocios,Doctorado
66d7eac3a40ed15225e5ac27,,,
66d7eac3a40ed15225e5ac27,Licenciatura en Administración de Empresas,Administración y Negocios,Bachiller
66d7eac3a40ed15225e5ac27,Diplomado en Gestión de Riesgos Financieros,Administración y Negocios,Diplomado
66d7eac3a40ed15225e5ac27,,,
66d8cd68a40ed15225e5b035,Diplomado en Recursos Humanos,Administración y Negocios,Diplomado
66d8cd68a40ed15225e5b035,Bach. Psicología,Ciencias Sociales y Humanidades,Bachiller
66d8df49a40ed15225e5b18b,Licenciatura en Administración de Empresas,Administración y Negocios,Bachiller
66d8df49a40ed15225e5b18b,Ofimática y competencias digitales,Otros,Certificado
66d8df49a40ed15225e5b18b,Miembro de Research Management - Gerencia DIAI,Administración y Negocios,Otros
66d8df49a40ed15225e5b18b,Excel - Avanzado,Otros,Certificado
66d8df49a40ed15225e5b18b,Especialista en Marketing Digital,Administración y Negocios,Certificado
66d8df49a40ed15225e5b18b,Miembro de gerencia de Talento Humano,Otros,Certificado
66d8df36a40ed15225e5b185,Curso “Accounting Fundamentals”,Economía y Finanzas,Certificado
66d8df36a40ed15225e5b185,Curso “Fundamentos de Derivados”,Otros,Certificado
66d8df36a40ed15225e5b185,Curso “Introduction to capital Markets”,Otros,Certificado
66d8df36a40ed15225e5b185,Curso “Corporate Finance Fundamentals”,Economía y Finanzas,Certificado
66d8df36a40ed15225e5b185,Administración – Finanzas – 7mo ciclo,Administración y Negocios,Bachiller
66d8df57a40ed15225e5b192,Graduada de Marketing,Administración y Negocios,Bachiller
66d8df6da40ed15225e5b1bc,Programa de especialización en proyectos de investigación y asesoría de trabajos de investigación científica (tesis),Otros,Certificado
66d8df6da40ed15225e5b1bc,Licenciado Administración y Negocios Internacionales,Administración y Negocios,Bachiller
66d8df6da40ed15225e5b1bc,"MBA Administración, con mención en Gestión Empresarial (Proceso titulación)",Administración y Negocios,Maestría
66d8df6da40ed15225e5b1bc,Curso de especialización en Inteligencia de negocio con Microsoft Excel,Otros,Certificado
66d8df6da40ed15225e5b1bc,Programa de perfeccionamiento – Consultor Empresarial,Otros,Certificado
66d8df6da40ed15225e5b1bc,Programa de Formación Docente 2021 II,Otros,Certificado
66d8df6da40ed15225e5b1bc,"Diplomado Gobierno de Tecnologías, Seguridad y Ciberseguridad",Ingeniería y Tecnología,Diplomado
66d8df6da40ed15225e5b1bc,Herramientas digitales para la docencia,Otros,Certificado
66d8df6da40ed15225e5b1bc,Programa de Monitor ciudadano de control,Otros,Certificado
66d8df6da40ed15225e5b1bc,Moodle para docentes,Otros,Certificado
66d8df6da40ed15225e5b1bc,Microsoft 365 PowerApps,Otros,Certificado
66d8df6da40ed15225e5b1bc,Curso de especialización en Inteligencia de negocio con Power BI,Otros,Certificado
66d8df6da40ed15225e5b1bc,"Programa de gobernabilidad, Gerencia Política y Gestión Publica",Administración y Negocios,Certificado
66d8df6da40ed15225e5b1bc,Gerencia de proyectos de sistemas de información,Ingeniería y Tecnología,Certificado
66d8df6da40ed15225e5b1bc,Programa de Mentor de control social,Otros,Certificado
66d8df6da40ed15225e5b1bc,Curso básico de formación y capacitación de Conciliación Extrajudicial,Otros,Certificado
66d8df6da40ed15225e5b1bc,Curso básico de formación y capacitación de Conciliación Extrajudicial – Familia,Otros,Certificado
66d8df6da40ed15225e5b1bc,Google para docentes,Otros,Certificado
66d8df6da40ed15225e5b1bc,Gestión de base de datos con SQL e inteligencia de negocios con Power BI y DATA STUDIO,Administración y Negocios,Certificado
66d8df6da40ed15225e5b1bc,"Curso de Sistemas, Ingeniería Informática",Ingeniería y Tecnología,Otros
66d8df6da40ed15225e5b1bc,Diplomado en Administración y Gestión de Empresa,Administración y Negocios,Diplomado
66d8df6da40ed15225e5b1bc,Diplomado en Gestión y Servicios de Recursos Humanos,Administración y Negocios,Diplomado
66d8df7fa40ed15225e5b1ce,,,Certificado
66d8df7fa40ed15225e5b1ce,Bachiller de Ingeniería de Sistemas,Ingeniería y Tecnología,Bachiller
66d8df7fa40ed15225e5b1ce,,,Certificado
66d8df7fa40ed15225e5b1ce,,,Certificado
66d8df7fa40ed15225e5b1ce,,,Certificado
66d8df7fa40ed15225e5b1ce,,,Certificado
66d8df7fa40ed15225e5b1ce,,,Certificado
66d8df7fa40ed15225e5b1ce,,,Certificado
66d8df57a40ed15225e5b192,Graduada de Marketing,Administración y Negocios,Bachiller
66d8df7fa40ed15225e5b1ce,Bachiller de Ingeniería de Sistemas,Ingeniería y Tecnología,Bachiller
66d8df7fa40ed15225e5b1ce,Administración del inventario,Administración y Negocios,Certificado
66d8df7fa40ed15225e5b1ce,Ofimática Nivel Avanzado,Otros,Certificado
66d8f384a40ed15225e5b385,Ingeniería Civil,Ingeniería y Tecnología,Bachiller
66d8bedda40ed15225e5b02f,Bachelor of Marketing Managment,Administración y Negocios,Bachiller
66d8bedda40ed15225e5b02f,Marketing,Administración y Negocios,Certificado
66d9eff8a40ed15225e5b60c,Maestría en Ingeniería Industrial con mención en Gerencia Logística,Ingeniería y Tecnología,Maestría
66d9eff8a40ed15225e5b60c,Ingeniería Industrial,Ingeniería y Tecnología,Bachiller
66d9eff8a40ed15225e5b60c,Especialización en Gestión Estratégica Logística,Administración y Negocios,Certificado
66d9eff8a40ed15225e5b60c,Especialización en Gestión y Mejora de Procesos,Administración y Negocios,Certificado
66d8f396a40ed15225e5b3a8,Ingeniería Industrial,Ingeniería y Tecnología,Bachiller
66d8f396a40ed15225e5b3a8,Ingles,Ciencias Sociales y Humanidades,Certificado
66da65eda40ed15225e5b85c,Moda Digital con Clo3D,Otros,Certificado
66da65eda40ed15225e5b85c,Mastering the Art of Prompt Engineering,Ingeniería y Tecnología,Otros
66da65eda40ed15225e5b85c,Programa Profesional de Negocios Tecnológicos,Administración y Negocios,Certificado
66da65eda40ed15225e5b85c,,,Certificado
66da65eda40ed15225e5b85c,"Full Day Emprendedor Taller Crece, CIDE – PUCP Pontificia Universidad Católica del Perú",Otros,Certificado
66da65eda40ed15225e5b85c,PEE – Business Process Management,Administración y Negocios,Certificado
66da65eda40ed15225e5b85c,Ingeniería de Sistemas,Ingeniería y Tecnología,Bachiller
66da65eda40ed15225e5b85c,Transformación digital,Otros,Certificado
66da65eda40ed15225e5b85c,Seminario Internacional: Metaversos o Web3,Otros,Certificado
66da65eda40ed15225e5b85c,PEE – Mercado de Capitales,Otros,Certificado
66da65eda40ed15225e5b85c,Digital Product Designer,Arquitectura y Diseño,Otros
66da65eda40ed15225e5b85c,Fashion designer,Arquitectura y Diseño,Diplomado
66da65eda40ed15225e5b85c,Executive MBA,Otros,Maestría
66da65eda40ed15225e5b85c,Emprendiendo en STEM,Otros,Certificado
66da65eda40ed15225e5b85c,Design Sprint,Arquitectura y Diseño,Certificado
66da65eda40ed15225e5b85c,Diplomado Gestión Desarrollo de Producto de Moda,Administración y Negocios,Diplomado
66da65eda40ed15225e5b85c,Design Thinking,Arquitectura y Diseño,Certificado
66da65eda40ed15225e5b85c,PEE – Gerencia de Proyectos de Sistemas de Información,Ingeniería y Tecnología,Certificado
66dbb294a40ed15225e5b93e,Ingeniería de Sistemas Computacionales,Ingeniería y Tecnología,Bachiller
66dbb294a40ed15225e5b93e,Especialización IBM Data Science,Ingeniería y Tecnología,Certificado
66dbb294a40ed15225e5b93e,Programando con Java para aplicaciones Android,Otros,Certificado
66dbb294a40ed15225e5b93e,Introducción Al Análisis De Datos Con Python,Otros,Certificado
66dbb294a40ed15225e5b93e,Programa de Entrenamiento Intensivo “Testing & QA”,Otros,Certificado
66dbb294a40ed15225e5b93e,Microsoft Learn AI Skills Challenge,Otros,Certificado
66dbb294a40ed15225e5b93e,Scrum Foundation Proffesional Certification,Otros,Certificado
66dbb294a40ed15225e5b93e,PCAP: Programming Essentials in Python,Otros,Certificado
66dbb294a40ed15225e5b93e,Programa Especialización En Spss Statistics - Módulo Básico,Otros,Certificado
66dbb294a40ed15225e5b93e,,,
66dbb294a40ed15225e5b93e,Certificado de participación en CONIETB 2023,Otros,Certificado
66dbb294a40ed15225e5b93e,WORKSHOPS DE GESTIÓN ÁGIL,Administración y Negocios,Certificado
66dbb294a40ed15225e5b93e,WORKSHOPS DE GESTIÓN ÁGIL,Administración y Negocios,Certificado
66dbb294a40ed15225e5b93e,Introduction to Data Science,Ingeniería y Tecnología,Certificado
66dbb294a40ed15225e5b93e,Fundamentos de Python,Otros,Certificado
66dbcc7aa40ed15225e5b9a3,Graduada de Marketing,Administración y Negocios,Bachiller
66b975bfbf7e18bdfd26381e,Design Systems in Figma,Arquitectura y Diseño,Certificado
66b975bfbf7e18bdfd26381e,Introducción al desarrollo web,Otros,Certificado
66b975bfbf7e18bdfd26381e,Figma Masterclass course,Otros,Certificado
66b975bfbf7e18bdfd26381e,Web & Mobile Designer,Arquitectura y Diseño,Certificado
66b975bfbf7e18bdfd26381e,Diseño de Interfaz avanzado,Arquitectura y Diseño,Certificado
66b975bfbf7e18bdfd26381e,Responsive Web Design HTML & CSS,Arquitectura y Diseño,Certificado
66b975bfbf7e18bdfd26381e,UI Design,Arquitectura y Diseño,Certificado
66b975bfbf7e18bdfd26381e,Fundamentos de diseño,Arquitectura y Diseño,Certificado
66b975bfbf7e18bdfd26381e,Design Systems in Figma,Arquitectura y Diseño,Certificado
66b975bfbf7e18bdfd26381e,Introducción al desarrollo web,Otros,Certificado
66b975bfbf7e18bdfd26381e,Figma Masterclass course,Otros,Certificado
66b975bfbf7e18bdfd26381e,Web & Mobile Designer,Arquitectura y Diseño,Certificado
66b975bfbf7e18bdfd26381e,Diseño de Interfaz avanzado,Arquitectura y Diseño,Certificado
66b975bfbf7e18bdfd26381e,Responsive Web Design HTML & CSS,Arquitectura y Diseño,Certificado
66b975bfbf7e18bdfd26381e,UI Design,Arquitectura y Diseño,Certificado
66b975bfbf7e18bdfd26381e,Fundamentos de diseño,Arquitectura y Diseño,Certificado
66b975bfbf7e18bdfd26381e,Design Systems in Figma,Arquitectura y Diseño,Certificado
66b975bfbf7e18bdfd26381e,Introducción al desarrollo web,Otros,Otros
66b975bfbf7e18bdfd26381e,Figma Masterclass course,Otros,Certificado
66b975bfbf7e18bdfd26381e,Web & Mobile Designer,Arquitectura y Diseño,Certificado
66b975bfbf7e18bdfd26381e,Responsive Web Design HTML & CSS,Arquitectura y Diseño,Certificado
66b975bfbf7e18bdfd26381e,UI Design,Arquitectura y Diseño,Certificado
66b975bfbf7e18bdfd26381e,Fundamentos de diseño,Arquitectura y Diseño,Certificado
66b975bfbf7e18bdfd26381e,Diseño de Interfaz avanzado,Arquitectura y Diseño,Certificado
66b975bfbf7e18bdfd26381e,Design Systems in Figma,Arquitectura y Diseño,Certificado
66b975bfbf7e18bdfd26381e,Introducción al desarrollo web,Otros,Certificado
66b975bfbf7e18bdfd26381e,Figma Masterclass course,Otros,Certificado
66b975bfbf7e18bdfd26381e,Web & Mobile Designer,Arquitectura y Diseño,Certificado
66b975bfbf7e18bdfd26381e,Diseño de Interfaz avanzado,Arquitectura y Diseño,Certificado
66b975bfbf7e18bdfd26381e,Responsive Web Design HTML & CSS,Arquitectura y Diseño,Certificado
66b975bfbf7e18bdfd26381e,UI Design,Arquitectura y Diseño,Certificado
66b975bfbf7e18bdfd26381e,Fundamentos de diseño,Arquitectura y Diseño,Certificado
66b975bfbf7e18bdfd26381e,Design Systems in Figma,Arquitectura y Diseño,Certificado
66b975bfbf7e18bdfd26381e,Introducción al desarrollo web,Otros,Certificado
66b975bfbf7e18bdfd26381e,Figma Masterclass course,Otros,Certificado
66b975bfbf7e18bdfd26381e,Web & Mobile Designer,Arquitectura y Diseño,Certificado
66b975bfbf7e18bdfd26381e,Diseño de Interfaz avanzado,Arquitectura y Diseño,Certificado
66b975bfbf7e18bdfd26381e,Responsive Web Design HTML & CSS,Arquitectura y Diseño,Certificado
66b975bfbf7e18bdfd26381e,UI Design,Arquitectura y Diseño,Certificado
66b975bfbf7e18bdfd26381e,Fundamentos de diseño,Arquitectura y Diseño,Certificado
66b975bfbf7e18bdfd26381e,Design Systems in Figma,Arquitectura y Diseño,Certificado
66b975bfbf7e18bdfd26381e,Introducción al desarrollo web,Otros,Otros
66b975bfbf7e18bdfd26381e,Figma Masterclass course,Otros,Certificado
66b975bfbf7e18bdfd26381e,Web & Mobile Designer,Arquitectura y Diseño,Certificado
66b975bfbf7e18bdfd26381e,Diseño de Interfaz avanzado,Arquitectura y Diseño,Certificado
66b975bfbf7e18bdfd26381e,Responsive Web Design HTML & CSS,Arquitectura y Diseño,Certificado
66b975bfbf7e18bdfd26381e,UI Design,Arquitectura y Diseño,Certificado
66b975bfbf7e18bdfd26381e,Fundamentos de diseño,Arquitectura y Diseño,Certificado
66b975bfbf7e18bdfd26381e,Design Systems in Figma,Arquitectura y Diseño,Certificado
66b975bfbf7e18bdfd26381e,Introducción al desarrollo web,Otros,Certificado
66b975bfbf7e18bdfd26381e,Figma Masterclass course,Otros,Certificado
66b975bfbf7e18bdfd26381e,Web & Mobile Designer,Arquitectura y Diseño,Certificado
66b975bfbf7e18bdfd26381e,Diseño de Interfaz avanzado,Arquitectura y Diseño,Certificado
66b975bfbf7e18bdfd26381e,Responsive Web Design HTML & CSS,Arquitectura y Diseño,Certificado
66b975bfbf7e18bdfd26381e,UI Design,Arquitectura y Diseño,Certificado
66b975bfbf7e18bdfd26381e,Fundamentos de diseño,Arquitectura y Diseño,Certificado
66b975bfbf7e18bdfd26381e,Design Systems in Figma,Arquitectura y Diseño,Certificado
66b975bfbf7e18bdfd26381e,Introducción al desarrollo web,Otros,Certificado
66b975bfbf7e18bdfd26381e,Figma Masterclass course,Otros,Certificado
66b975bfbf7e18bdfd26381e,Web & Mobile Designer,Arquitectura y Diseño,Certificado
66b975bfbf7e18bdfd26381e,Diseño de Interfaz avanzado,Arquitectura y Diseño,Certificado
66b975bfbf7e18bdfd26381e,Responsive Web Design HTML & CSS,Arquitectura y Diseño,Certificado
66b975bfbf7e18bdfd26381e,UI Design,Arquitectura y Diseño,Certificado
66b975bfbf7e18bdfd26381e,Fundamentos de diseño,Arquitectura y Diseño,Certificado
66f461be8d0c125d12a177c3,Estudiante de 6to Ciclo de Diseño y Desarrollo de Software,Ingeniería y Tecnología,Otros
66f461be8d0c125d12a177c3,Estudiante de 6to Ciclo de Diseño y Desarrollo de Software,Ingeniería y Tecnología,Otros
66b97442bf7e18bdfd2637df,Bachelor in Computer Science,Otros,Bachiller
66b97442bf7e18bdfd2637df,Ingeniería de Sistemas Computacionales,Ingeniería y Tecnología,Bachiller
66b97442bf7e18bdfd2637df,Ingeniería de Sistemas Computacionales,Ingeniería y Tecnología,Bachiller
66b97442bf7e18bdfd2637df,Estudiante Consejero de Empleabilidad,Otros,Certificado
66b97442bf7e18bdfd2637df,Estudiante Lider,Otros,Certificado
66fb0a676ccb26b6b1210c5f,Ingeniería de Sistemas Computacionales,Ingeniería y Tecnología,Bachiller
66fb0a676ccb26b6b1210c5f,Estudiante Consejero de Empleabilidad,Otros,Certificado
66fb0a676ccb26b6b1210c5f,Estudiante Lider,Otros,Certificado
66fb5f8f22c6213e90c9a7ab,Técnico Universitario en Educación Comercial,Administración y Negocios,Diplomado
66fb5f8f22c6213e90c9a7ab,Administración de Empresas y Marketing,Administración y Negocios,Bachiller
66fb5f8f22c6213e90c9a7ab,Ciencias de la comunicación,Ciencias Sociales y Humanidades,Bachiller
66fb67aa22c6213e90c9a898,Graduada de Marketing,Administración y Negocios,Bachiller
66fb67aa22c6213e90c9a898,Graduada de Marketing,Administración y Negocios,Bachiller
670d647e24c0f6c075abff44,ESCUELA PROFESIONAL DE INGENIERÍA DE SISTEMAS,Ingeniería y Tecnología,Otros
670d647e24c0f6c075abff44,Gestión del Tiempo,Administración y Negocios,Certificado
670d647e24c0f6c075abff44,"FUNDAMENTOS DE LA PROGRAMACIÓN,",Otros,Certificado
670d647e24c0f6c075abff44,Interpretación de la Normativo ISO 27001:2022,Otros,Certificado
670d647e24c0f6c075abff44,FOUNDATION COURSE (FC):,Otros,Otros
670d647e24c0f6c075abff44,Interpretación de la Norma ISO 9001:2015 Sistemas de Gestión de Calidad,Ingeniería y Tecnología,Certificado
670d647e24c0f6c075abff44,"Identificación de Peligros, Evaluación de Riesgos y Controles IPERC",Otros,Otros
670d647e24c0f6c075abff44,Inteligencia Emocional,Otros,Certificado
670d647e24c0f6c075abff44,Gestión Emocional para el Cambio,Administración y Negocios,Certificado
670d647e24c0f6c075abff44,Liderazgo y Trabajo en Equipo,Otros,Certificado
66d8cd68a40ed15225e5b035,Licenciada en Psicología,Ciencias Sociales y Humanidades,Bachiller
66d8cd68a40ed15225e5b035,Diplomado en Recursos Humanos,Administración y Negocios,Diplomado
66d8cd68a40ed15225e5b035,Máster en neuropsicología,Ciencias Sociales y Humanidades,Maestría
6711d2fac8b0f0e3411520e9,Licenciada en Psicología,Ciencias Sociales y Humanidades,Bachiller
6711d2fac8b0f0e3411520e9,Diplomado en Recursos Humanos,Administración y Negocios,Diplomado
6711d2fac8b0f0e3411520e9,Máster en neuropsicología,Ciencias Sociales y Humanidades,Maestría
66d7ef6ca40ed15225e5ac9e,Estudiante de 5to ciclo de la carrera de Diseño y Desarrollo de Software,Ingeniería y Tecnología,Bachiller
66d7ef6ca40ed15225e5ac9e,Pasantía,Otros,Otros
67157330d544c8d7a551302d,Técnico Universitario en Educación Comercial,Administración y Negocios,Diplomado
66d67a00a40ed15225e5aa03,Estudiante de 6to Ciclo de Diseño y Desarrollo de Software,Ingeniería y Tecnología,Otros
66d8cd68a40ed15225e5b035,Licenciada en Psicología,Ciencias Sociales y Humanidades,Bachiller
66d8cd68a40ed15225e5b035,Diplomado en Recursos Humanos,Administración y Negocios,Diplomado
66d8cd68a40ed15225e5b035,Máster en neuropsicología,Ciencias Sociales y Humanidades,Maestría
67185d7fd544c8d7a5513790,Primeros Auxilios,Otros,Certificado
67185d7fd544c8d7a5513790,Especialización En Gestión Integral De Seguridad Y Salud En El Trabajo,Administración y Negocios,Certificado
67185d7fd544c8d7a5513790,"Curso De Extensión: Identificación De Peligros, Evaluación De Riesgos Y Medidas De Control – IPERC",Otros,Certificado
67185d7fd544c8d7a5513790,Supervisor de Seguridad y Salud en el Trabajo,Salud,Certificado
67185d7fd544c8d7a5513790,Supervisor de Trabajos de alto Riesgo,Otros,Certificado
67185d7fd544c8d7a5513790,Curso Extracurricular “Calidad de Agua”,Otros,Certificado
67185d7fd544c8d7a5513790,"Diploma De Especialización En sistema de Gestión de seguridad, salud ocupacional y Medio Ambiente (ISO 14001:2015, OHSAS 18001:2007)",Administración y Negocios,Diplomado
67185d7fd544c8d7a5513790,Ingeniera ambiental (Colegiado),Ingeniería y Tecnología,Bachiller
6719a77dd544c8d7a5513901,Ingeniería Mecatrónica,Ingeniería y Tecnología,Bachiller
66bab0c9db5c98b2ee748847,Scrum Master,Otros,Certificado
66bab0c9db5c98b2ee748847,Programa de Innovación Tecnológica,Otros,Certificado
66bab0c9db5c98b2ee748847,Administración de Empresas (Egresado),Administración y Negocios,Bachiller
67111a807f9fab229b1c286f,Ciencias de la Computación,Ingeniería y Tecnología,Bachiller
672154f0e5b06bccafce4e4c,Aceleradora de Innovación Tecnológica,Otros,Otros
672154f0e5b06bccafce4e4c,Especialización en Customer Experience B2B,Otros,Certificado
672154f0e5b06bccafce4e4c,Maestría en Comercio Electrónico,Otros,Maestría
672154f0e5b06bccafce4e4c,Programa de Innovación Tecnológica,Otros,Otros
672154f0e5b06bccafce4e4c,Aceleración Tecnológica,Otros,Otros
672154f0e5b06bccafce4e4c,Especialización en Customer Experience B2B,Otros,Certificado
672154f0e5b06bccafce4e4c,Aceleradora de Innovación Tecnológica,Otros,Otros
672154f0e5b06bccafce4e4c,Maestría en Comercio Electrónico,Otros,Maestría
672154f0e5b06bccafce4e4c,Programa de Innovación Tecnológica,Otros,Otros
672154f0e5b06bccafce4e4c,Aceleración Tecnológica,Otros,Otros
67257c6b08f502c5ee01c7b3,Licenciatura en Ingeniería Civil,Ingeniería y Tecnología,Bachiller
67257c6b08f502c5ee01c7b3,Programa de Inglés,Ciencias Sociales y Humanidades,Certificado
67257c6b08f502c5ee01c7b3,"Ejecución de ensayos de laboratorios de caracterización física, ensayo de corte directo, ensayo proctor, compresión simple y ensayo triaxial.",Ciencias,Otros
66d67a00a40ed15225e5aa03,DRCHO ENSEÑANZA ONLINE,Otros,Certificado
671571a6d544c8d7a551300b,Ciencias de la Computación,Ingeniería y Tecnología,Bachiller
671571a6d544c8d7a551300b,Graduada de Marketing – top quinto superior,Administración y Negocios,Bachiller
672bab9b08f502c5ee01cf72,Arquitectura y urbanismo ambiental,Ingeniería y Tecnología,Bachiller
672bae2808f502c5ee01d06a,Computación e Informática,Ingeniería y Tecnología,Diplomado
672baee608f502c5ee01d0c6,Cajero,Otros,Otros
672bb27f08f502c5ee01d15c,Psicologia,Ciencias Sociales y Humanidades,Otros
672bb15508f502c5ee01d120,Tec. farmacia,Salud,Otros
672bb15508f502c5ee01d120,Psicología,Ciencias Sociales y Humanidades,Otros
672bc01f08f502c5ee01d335,,,Certificado
672bc01f08f502c5ee01d335,,,Certificado
672bc01f08f502c5ee01d335,,,Certificado
672bc01f08f502c5ee01d335,,,Certificado
672bc01f08f502c5ee01d335,Ingeniería de Sistemas e Informática,Ingeniería y Tecnología,Bachiller
672bc01f08f502c5ee01d335,,,Certificado
672bccf808f502c5ee01d422,Taller de Redacción,Otros,Otros
672bccf808f502c5ee01d422,Excel,Otros,Certificado
672bccf808f502c5ee01d422,Administración de Negocios,Administración y Negocios,Bachiller
672bccf808f502c5ee01d422,Inglés,Ciencias Sociales y Humanidades,Certificado
672bcd3208f502c5ee01d444,Administración de Negocios Internacionales,Administración y Negocios,Bachiller
672bcd3208f502c5ee01d444,Inglés,Ciencias Sociales y Humanidades,Certificado
672bcd3208f502c5ee01d444,Primaria,Otros,Diplomado
672bcd3208f502c5ee01d444,Educación Secundaria,Ciencias Sociales y Humanidades,Diplomado
672bd4d908f502c5ee01d528,ESTUDIANTE DE ADMINISTRACIÓN DE NEGOCIOS INTERNACIONALES,Administración y Negocios,Bachiller
672bd4d908f502c5ee01d528,Educación Secundaria,Ciencias Sociales y Humanidades,Otros
672bd4d908f502c5ee01d528,EDUCACIÓN PRIMARIA,Ciencias Sociales y Humanidades,Otros
672bd4d908f502c5ee01d528,INGLES BÁSICO,Ciencias Sociales y Humanidades,Certificado
672e99a808f502c5ee01d644,Inglés Avanzado,Ciencias Sociales y Humanidades,Otros
672e99a808f502c5ee01d644,Estudiante de 9no ciclo de Economía,Economía y Finanzas,Bachiller
672e99a808f502c5ee01d644,Certificado de finalización en Inteligencia Artificial y Productividad por Google,Otros,Certificado
671571a6d544c8d7a551300b,Diseñador web UX,Otros,Diplomado
671571a6d544c8d7a551300b,Diseñador web UX,Otros,Diplomado
671571a6d544c8d7a551300b,Diseñador web UX,Otros,Diplomado
671571a6d544c8d7a551300b,Diseñador web UX,Otros,Diplomado
671571a6d544c8d7a551300b,Diseñador UX / Front-end,Otros,Diplomado
673acdf591dec4458b580cea,Master's,Otros,Maestría
673acdf591dec4458b580cea,Computer Engeeniring,Otros,Bachiller
67111a807f9fab229b1c286f,Ciencias de la Computación,Ingeniería y Tecnología,Bachiller
6738003f91dec4458b580aba,Enfermería,Salud,Otros
6738003f91dec4458b580aba,Educación Secundaria,Ciencias Sociales y Humanidades,Otros
6710ac227f9fab229b1c2669,Bachelor in Computer Science,Otros,Bachiller
67570cdab08853af565c6801,Bachelor of Science in Computer Science,Otros,Bachiller
67570cdab08853af565c6801,Master of Science in Data Science,Ingeniería y Tecnología,Maestría
67570cdab08853af565c6801,Ingenieria de Sistemas Telematicos,Ingeniería y Tecnología,Doctorado
67589e35b08853af565c69d8,Educación Secundaria,Ciencias Sociales y Humanidades,Otros
67589e35b08853af565c69d8,Ingeniería Mecatrónica,Ingeniería y Tecnología,Bachiller
6758af5ab08853af565c6b1f,Administración de Empresas,Administración y Negocios,Bachiller
6758af5ab08853af565c6b1f,Educación Secundaria,Ciencias Sociales y Humanidades,Otros
67584ea9b08853af565c6968,Mechanical Engineering,Ingeniería y Tecnología,Bachiller
675da8e0b08853af565c6d1c,Estudiante de Ingenieria Industrial,Ingeniería y Tecnología,Otros
675da947b08853af565c6d37,ADMINISTRACION HOTELERIA Y TURISMO,Administración y Negocios,Otros
675f033db08853af565c6e94,Intermedio,Otros,Otros
675f033db08853af565c6e94,Pregrado,Otros,Bachiller
6760efb5b08853af565c6f98,Bachillerato en Ingeniería Química,Ingeniería y Tecnología,Bachiller
6760efb5b08853af565c6f98,Bachillerato en Ingeniería Química,Ingeniería y Tecnología,Bachiller
67620e5f5875057db1861f63,Ingeniería Mecatrónica,Ingeniería y Tecnología,Bachiller
6764cad75875057db1862021,TÉCNICO EN SECRETARIADO EJECUTIVO,Otros,Diplomado
676610885875057db1862130,Cosmetologia,Otros,Bachiller
676610885875057db1862130,Cosmetologia,Otros,Bachiller
675da91cb08853af565c6d2a,Diseño Gráfico Digital,Arquitectura y Diseño,
675da91cb08853af565c6d2a,Computación y Diseño,Ingeniería y Tecnología,Otros
675da90fb08853af565c6d24,Excel Basico,Otros,Certificado
675da90fb08853af565c6d24,Auxiliar técnico en Soporte técnico de Operaciones de Centros de Computo,Otros,Certificado
675da920b08853af565c6d31,"Cajero Bancario, Comercial, Ventas y Atencion al Cliente",Administración y Negocios,Otros
675da920b08853af565c6d31,Administracion de Empresas,Administración y Negocios,Otros
676ce336ddd6adc704e8e507,Diseño Gráfico Digital,Arquitectura y Diseño,Estudiante
66b975bfbf7e18bdfd26381e,Educación Secundaria,Ciencias Sociales y Humanidades,Otros
66b975bfbf7e18bdfd26381e,Administración de Empresas,Administración y Negocios,Estudiante
66b975bfbf7e18bdfd26381e,Bachillerato en Ingeniería Química,Ingeniería y Tecnología,Bachiller
676633765875057db186221b,,,Otros
67186998d544c8d7a5513823,Locador de Servicios en Investigación,Otros,Otros
677071dbddd6adc704e8e959,Ingeniería de Sistemas e Informática,Ingeniería y Tecnología,Estudiante
677092a3ddd6adc704e8e9ab,Mindshift - Transforma tu mente,Otros,Certificado
677092a3ddd6adc704e8e9ab,Terapia de Lenguaje y Logopedia,Otros,Certificado
677092a3ddd6adc704e8e9ab,Mención en Liderazgo y Coaching,Otros,Certificado
677092a3ddd6adc704e8e9ab,Maestría en Docencia Universitaria y Gestión Educativa,Administración y Negocios,Maestría
677092a3ddd6adc704e8e9ab,Licenciada en Psicología Organizacional,Ciencias Sociales y Humanidades,Bachiller
677092a3ddd6adc704e8e9ab,Coaching Educativa,Otros,Certificado
6770a115ddd6adc704e8ea6e,Product Owner,Otros,Certificado
6770a115ddd6adc704e8ea6e,Asistente de marketing,Administración y Negocios,Certificado
6770a115ddd6adc704e8ea6e,Especialización Product Management,Administración y Negocios,Certificado
6770a115ddd6adc704e8ea6e,SQL Intermedio,Otros,Certificado
6770a115ddd6adc704e8ea6e,Product Manager,Otros,Certificado
6770a115ddd6adc704e8ea6e,Experto en Microsoft Excel,Otros,Certificado
6770a115ddd6adc704e8ea6e,Customer Experience,Otros,Certificado
6770a115ddd6adc704e8ea6e,Especialización AI tools & Tech Mindset,Otros,Certificado
6770a115ddd6adc704e8ea6e,Diplomado de Gestión de Proyectos,Administración y Negocios,Diplomado
6770a115ddd6adc704e8ea6e,Bachiller en Ingeniería Industrial,Ingeniería y Tecnología,Bachiller
6770a6faddd6adc704e8eacd,Ingeniería Ambiental,Ingeniería y Tecnología,Estudiante
6770a6faddd6adc704e8eacd,Estudios secundarios,Otros,Otros
6772ff9ce62dc0dc9760d922,Administración,Administración y Negocios,Estudiante
67733167e62dc0dc9760d991,Programa de Futuros Empresarios - C.C. SAMA,Otros,Certificado
67733167e62dc0dc9760d991,Ingeniería en Sistemas,Ingeniería y Tecnología,Estudiante
6773c553e62dc0dc9760dadb,Ingeniería de Sistemas Empresariales,Ingeniería y Tecnología,Estudiante
67771b96e62dc0dc9760dc2c,Mecatrónica Industrial,Ingeniería y Tecnología,Bachiller
67771b96e62dc0dc9760dc2c,Nivel básico de inglés,Ciencias Sociales y Humanidades,Certificado
67771b96e62dc0dc9760dc2c,Ingeniería Industrial,Ingeniería y Tecnología,Bachiller
67771b96e62dc0dc9760dc2c,Educación Secundaria,Ciencias Sociales y Humanidades,Estudiante
67771b96e62dc0dc9760dc2c,Nivel Primario,Otros,Estudiante
67796d1ae62dc0dc9760dcfb,IBM Data Analyst Professional Certificate,Otros,Certificado
67796d1ae62dc0dc9760dcfb,Inglés Avanzado,Ciencias Sociales y Humanidades,Certificado
67796d1ae62dc0dc9760dcfb,Economía,Economía y Finanzas,Estudiante
67796d1ae62dc0dc9760dcfb,IBM Business Intelligence (BI) Analyst Professional Certificate,Otros,Certificado
677a9368e62dc0dc9760dd4c,Ingeniero Industrial,Ingeniería y Tecnología,Bachiller
677a9368e62dc0dc9760dd4c,Profesional Técnico en Computación e Informática,Ingeniería y Tecnología,Diplomado
677a9368e62dc0dc9760dd4c,Ofimática Empresarial,Otros,Certificado
677a9368e62dc0dc9760dd4c,"Programa Experto en Administración, Banca y Seguros",Administración y Negocios,Diplomado
677a9368e62dc0dc9760dd4c,Diplomado en Finanzas,Economía y Finanzas,Diplomado
677a9368e62dc0dc9760dd4c,Microsoft Office Especialist Expert – Excel Microsoft,Otros,Certificado
677a9368e62dc0dc9760dd4c,Especialista en Administración de Empresas,Administración y Negocios,Diplomado
677c85fae62dc0dc9760e027,Excel Avanzado,Otros,Certificado
677c85fae62dc0dc9760e027,Estudiante de Ingeniería Industrial,Ingeniería y Tecnología,Estudiante
677ec10de62dc0dc9760e21d,Arquitecto,Otros,Diplomado
677ec10de62dc0dc9760e21d,Master de Formación Permanente en BIM y Diseño Integrado,Arquitectura y Diseño,Maestría
67257c6b08f502c5ee01c7b3,English Program: Basic - Intermediate - Advanced (5/6),Otros,Certificado
67257c6b08f502c5ee01c7b3,Bachelor's Degree in Civil Engineering,Ingeniería y Tecnología,Bachiller
67257c6b08f502c5ee01c7b3,Capacitación en Gestión Tradicional de Proyectos,Administración y Negocios,Certificado
67257c6b08f502c5ee01c7b3,Capacitación en Marco Ágiles de Trabajo,Otros,Certificado
67257c6b08f502c5ee01c7b3,Specialization Program in Project Management under NEC3 / NEC4 - ECC and ECS Contracts,Administración y Negocios,Certificado
67257c6b08f502c5ee01c7b3,Programa de Inglés,Ciencias Sociales y Humanidades,Certificado
67257c6b08f502c5ee01c7b3,Estudiante de Ingeniería Civil,Ingeniería y Tecnología,Estudiante
67782680e62dc0dc9760dc93,Ingeniería Económica,Ingeniería y Tecnología,Estudiante
677eb921e62dc0dc9760e208,Introducción al marketing en redes sociales,Ingeniería y Tecnología,Certificado
677eb921e62dc0dc9760e208,Impulsando la transformación del Marketing Digital,Administración y Negocios,Certificado
677eb921e62dc0dc9760e208,Publicidad con Meta,Otros,Certificado
677eb921e62dc0dc9760e208,Medir y optimizar campañas de marketing en redes sociales,Ingeniería y Tecnología,Certificado
677eb921e62dc0dc9760e208,Pregrado,Otros,Otros
677eb921e62dc0dc9760e208,Microsoft Power Bi: Básico,Otros,Certificado
677eb921e62dc0dc9760e208,Estrategia Digital,Otros,Certificado
677eb921e62dc0dc9760e208,Excel Skills for Business: Básico,Otros,Certificado
677eb921e62dc0dc9760e208,Excel Skills for Business: Intermedio,Otros,Certificado
677eb921e62dc0dc9760e208,VII Congreso Internacional de Negocios THINKNOVATION EXPRESS,Administración y Negocios,Certificado
678045fde62dc0dc9760e770,Enseñanza Básica,Otros,Estudiante
678045fde62dc0dc9760e770,Enseñanza Básica,Otros,Estudiante
678045fde62dc0dc9760e770,Técnico de Nivel Medio en Construcción,Otros,Estudiante
678045fde62dc0dc9760e770,Arquitectura,Arquitectura y Diseño,Estudiante
677ff1c6e62dc0dc9760e752,Estudios de ingles avanzado,Ciencias Sociales y Humanidades,Certificado
67186998d544c8d7a5513823,Supervisor de Trabajos de alto Riesgo,Otros,Certificado
67186998d544c8d7a5513823,"Diploma De Especialización En sistema de Gestión de seguridad, salud ocupacional y Medio Ambiente (ISO 14001:2015, OHSAS 18001:2007)",Administración y Negocios,Diplomado
67186998d544c8d7a5513823,Curso Extracurricular “Calidad de Agua”,Otros,Certificado
67186998d544c8d7a5513823,Supervisor de Seguridad y Salud en el Trabajo,Salud,Certificado
67186998d544c8d7a5513823,Primeros Auxilios,Otros,Certificado
67186998d544c8d7a5513823,Especialización En Gestión Integral De Seguridad Y Salud En El Trabajo,Administración y Negocios,Certificado
67186998d544c8d7a5513823,"Curso De Extensión: Identificación De Peligros, Evaluación De Riesgos Y Medidas De Control – IPERC",Otros,Certificado
67186998d544c8d7a5513823,Ingeniera ambiental (Colegiado),Ingeniería y Tecnología,Bachiller
67186998d544c8d7a5513823,Ingeniería Económica,Ingeniería y Tecnología,Estudiante
66b9837f1f38bd5f50205598,Ingeniería Económica,Ingeniería y Tecnología,Estudiante
677ec695e62dc0dc9760e23d,Ingeniería de Sistemas e Informática,Ingeniería y Tecnología,Estudiante
677ec695e62dc0dc9760e23d,Programa Samsung Innovation Campus - Bootcamp de IA,Otros,Certificado
67871d06e62dc0dc9760ebe3,Estudiante en Bioingeniería - Tercio Superior,Ingeniería y Tecnología,Estudiante
66baad5fdb5c98b2ee7480ab,Micro Master Statistics and Data Science,Ingeniería y Tecnología,Maestría
66baad5fdb5c98b2ee7480ab,Internship in Faculdade de Engenharia Mecânica,Otros,Otros
66baad5fdb5c98b2ee7480ab,MSc in Data Science and Analytics,Ingeniería y Tecnología,Maestría
66baad5fdb5c98b2ee7480ab,Specialization Course: Business Intelligence and Big Data,Otros,Certificado
66baad5fdb5c98b2ee7480ab,BSc in Mechatronic Engineering,Ingeniería y Tecnología,Bachiller
66baad5fdb5c98b2ee7480ab,Specialized Course: Management And Process Improvement,Administración y Negocios,Certificado
67883240e62dc0dc9760ee23,Ingeniería Petrolera,Ingeniería y Tecnología,Bachiller
678925dbe62dc0dc9760eef8,Manejo del sistema administrativo,Otros,Certificado
678925dbe62dc0dc9760eef8,Líder de Equipo de Ventas,Administración y Negocios,Estudiante
678925dbe62dc0dc9760eef8,Estudios en Administración - ciclo 10,Administración y Negocios,Bachiller
678925dbe62dc0dc9760eef8,Nivel avanzado,Otros,Certificado
678925dbe62dc0dc9760eef8,Practicante en Administración,Administración y Negocios,Estudiante
678925dbe62dc0dc9760eef8,ÁREA DE FINANZAS,Economía y Finanzas,Estudiante
6789c5b0e62dc0dc9760ef93,"Preparación para CEH, OSCP, eJPTv2",Otros,Otros
6789c5b0e62dc0dc9760ef93,Ethical Hacker CertJoin Associate (EHCA),Otros,Certificado
6789c5b0e62dc0dc9760ef93,INGENIERÍA EN SISTEMAS COMPUTACIONALES,Ingeniería y Tecnología,Estudiante
678a9e477140c3186d46330f,Diseño y Desarrollo de Software,Ingeniería y Tecnología,Bachiller
678b1165c2d0bb808387270c,Agente de Ventas,Administración y Negocios,Otros
678b1165c2d0bb808387270c,Administración de Negocios Globales,Administración y Negocios,Estudiante
678b1165c2d0bb808387270c,Practicante Asistente Administrativo,Otros,Otros
678e6c4169b6b0f84b408a03,Diploma de Reconocimiento,Otros,Diplomado
678e88aa69b6b0f84b408a78,Estudios de Inglés,Ciencias Sociales y Humanidades,Certificado
678e88aa69b6b0f84b408a78,Estudios de Inglés,Ciencias Sociales y Humanidades,Certificado
678e88aa69b6b0f84b408a78,Licenciatura en Economía y Negocios Internacionales,Administración y Negocios,Bachiller
678e6c4169b6b0f84b408a03,Administración y Marketing,Administración y Negocios,Estudiante
678e6c4169b6b0f84b408a03,Inglés Básico,Ciencias Sociales y Humanidades,Certificado
678ebd8369b6b0f84b408bb6,Introducción a Bizagi Modeler,Otros,Certificado
678ebd8369b6b0f84b408bb6,Power BI: Análisis de datos y Business Intelligence,Otros,Certificado
678ebd8369b6b0f84b408bb6,Scrum Fundamentals Certified,Otros,Certificado
678ebd8369b6b0f84b408bb6,Cybersecurity Essentials,Otros,Certificado
678ebd8369b6b0f84b408bb6,Introduccion a Redes,Ingeniería y Tecnología,Certificado
678ebd8369b6b0f84b408bb6,Curso Completo de Machine Learning: Data Science en Python,Ingeniería y Tecnología,Certificado
678ebd8369b6b0f84b408bb6,Base de datos SQL desde cero (Postgres),Otros,Certificado
678ebd8369b6b0f84b408bb6,INGENIERIA DE SISTEMAS,Ingeniería y Tecnología,Estudiante
678ebd8369b6b0f84b408bb6,PCAP: Programming Essentials in Python,Otros,Certificado
678ebd8369b6b0f84b408bb6,Modelamiento de Procesos,Otros,Certificado
678ede9869b6b0f84b408ccc,,,Otros
678ede9869b6b0f84b408ccc,INGENIERÍA MECÁNICA Y ELÉCTRICA,Ingeniería y Tecnología,Estudiante
678f17bb69b6b0f84b408d83,Gestión de Negocios,Administración y Negocios,Diplomado
678f17bb69b6b0f84b408d83,Bachiller en Administración de Empresas,Administración y Negocios,Bachiller
678f184269b6b0f84b408d8a,,,
678fc15b69b6b0f84b408e65,Administración de Negocios Internacionales,Administración y Negocios,Bachiller
678fc15b69b6b0f84b408e65,Microsoft Excel,Otros,Certificado
678fc15b69b6b0f84b408e65,Design Thinking,Arquitectura y Diseño,Certificado
678fc15b69b6b0f84b408e65,Inglés,Ciencias Sociales y Humanidades,Certificado
678fc15b69b6b0f84b408e65,Power BI,Otros,Certificado
678fc15b69b6b0f84b408e65,Microsoft Office,Otros,Certificado
678fc15b69b6b0f84b408e65,Eccomerce,Otros,Certificado
678fd8dda10f7ee26bf91a1f,Funciones del Comité de Seguridad y Salud en el Trabajo,Salud,Certificado
678fd8dda10f7ee26bf91a1f,Seguridad y Prevención de Riesgos Laborales,Otros,Certificado
678fd8dda10f7ee26bf91a1f,La identificación de peligros y la evaluación de riesgos y controles (IPERC),Otros,Certificado
678fd8dda10f7ee26bf91a1f,Inglés Básico,Ciencias Sociales y Humanidades,Certificado
678fd8dda10f7ee26bf91a1f,Quechua Ancashino,Otros,Certificado
678fd8dda10f7ee26bf91a1f,Ingeniería Ambiental,Ingeniería y Tecnología,Estudiante
678fe343a10f7ee26bf91aa7,Educación Secundaria,Ciencias Sociales y Humanidades,Otros
678fe343a10f7ee26bf91aa7,Adobe Photoshop Intermedio,Otros,Certificado
678fe343a10f7ee26bf91aa7,Administración y Marketing,Administración y Negocios,Estudiante
678fe343a10f7ee26bf91aa7,Excel Avanzado,Otros,Certificado
678fe343a10f7ee26bf91aa7,Primaria,Otros,Otros
678fe343a10f7ee26bf91aa7,Adobe Illustrator Intermedio,Otros,Certificado
678fe343a10f7ee26bf91aa7,Capcut Intermedio,Otros,Certificado
678fe343a10f7ee26bf91aa7,Adobe InDesign Intermedio,Arquitectura y Diseño,Certificado
678fe343a10f7ee26bf91aa7,Inglés Avanzado,Ciencias Sociales y Humanidades,Certificado
678fe343a10f7ee26bf91aa7,Canva Intermedio,Otros,Certificado
678fe343a10f7ee26bf91aa7,Office Intermedio,Otros,Certificado
678fe343a10f7ee26bf91aa7,Phyton Intermedio,Otros,Certificado
678fe343a10f7ee26bf91aa7,E-commerce,Otros,Certificado
678fe343a10f7ee26bf91aa7,SQL Intermedio,Otros,Certificado
678fe343a10f7ee26bf91aa7,Design Thinking,Arquitectura y Diseño,Certificado
678fe343a10f7ee26bf91aa7,Google Ads Avanzado: Comandos y funciones,Otros,Certificado
678fe343a10f7ee26bf91aa7,Facebook Ads Avanzado,Otros,Certificado
678fe343a10f7ee26bf91aa7,Google Ads: Certificación en medición,Otros,Certificado
678fe343a10f7ee26bf91aa7,Google UX Design (Figma),Arquitectura y Diseño,Certificado
678fe343a10f7ee26bf91aa7,ISC Photography Basics and Beyond: From Smartphone to DSLR,Otros,Certificado
678fe343a10f7ee26bf91aa7,Office Intermedio,Otros,Certificado
678fe343a10f7ee26bf91aa7,Método Harvard de Negociación,Otros,Certificado
678fe343a10f7ee26bf91aa7,Social Media Marketing,Administración y Negocios,Certificado
678fe343a10f7ee26bf91aa7,Publicidad en Búsqueda de Google Ads,Otros,Certificado
678fe343a10f7ee26bf91aa7,SEO avanzado,Otros,Certificado
678fe343a10f7ee26bf91aa7,Programa de Especialización Ejecutiva Data Analytics,Otros,Certificado
678fe343a10f7ee26bf91aa7,Excel Skills for Business,Otros,Certificado
678fe343a10f7ee26bf91aa7,Figma Intermedio,Otros,Certificado
67905945a10f7ee26bf91b87,Educación Secundaria,Ciencias Sociales y Humanidades,Estudiante
67905945a10f7ee26bf91b87,Medicina - Informática Biomédica,Ingeniería y Tecnología,Estudiante
67905945a10f7ee26bf91b87,Bioingeniería,Ingeniería y Tecnología,Estudiante
67905881a10f7ee26bf91b56,Administración y Marketing,Administración y Negocios,Estudiante
6770928addd6adc704e8e9a5,Ingeniería de Sistemas de Información,Ingeniería y Tecnología,Otros
6770928addd6adc704e8e9a5,,,Otros
6770928addd6adc704e8e9a5,,,Otros
6770928addd6adc704e8e9a5,Ingeniería de Sistemas de Información,Ingeniería y Tecnología,Estudiante
6770928addd6adc704e8e9a5,Python for Everybody,Otros,Certificado
6770928addd6adc704e8e9a5,PMI Project Management Ready,Administración y Negocios,Certificado
67914315a10f7ee26bf91eb2,Certificate,Otros,Otros
67914315a10f7ee26bf91eb2,Certificate,Otros,Otros
67914315a10f7ee26bf91eb2,Gestión Empresarial,Administración y Negocios,Estudiante
67914315a10f7ee26bf91eb2,Certificate,Otros,Otros
67914315a10f7ee26bf91eb2,Certificate,Otros,Otros
67914315a10f7ee26bf91eb2,Certificate,Otros,Otros
6791821da10f7ee26bf91f69,Bachelor of Science in Computer Science,Otros,Bachiller
6791821da10f7ee26bf91f69,Nanodegree in Data Science,Ingeniería y Tecnología,Certificado
6791821da10f7ee26bf91f69,Online Course in Web Development,Otros,Certificado
675f033db08853af565c6e94,Certificate,Otros,Otros
675f033db08853af565c6e94,Certificate,Otros,Otros
675f033db08853af565c6e94,Certificate,Otros,Otros
675f033db08853af565c6e94,Intermedio,Otros,Estudiante
675f033db08853af565c6e94,Certificate,Otros,Otros
675f033db08853af565c6e94,Certificate,Otros,Otros
675f033db08853af565c6e94,Certificate,Otros,Otros
675f033db08853af565c6e94,Certificate,Otros,Otros
675f033db08853af565c6e94,Pregrado,Otros,Estudiante
6792e594a10f7ee26bf9223f,Programa de especialización,Otros,Otros
6792e594a10f7ee26bf9223f,PEE Administración Logística y control de inventarios,Administración y Negocios,Certificado
6792e594a10f7ee26bf9223f,Excel,Otros,Certificado
6792e594a10f7ee26bf9223f,Autocad,Otros,Certificado
6792e594a10f7ee26bf9223f,Ingeniería Industrial,Ingeniería y Tecnología,Bachiller
6792e594a10f7ee26bf9223f,Diplomatura de especialización avanzada,Otros,Otros
6792e594a10f7ee26bf9223f,Programa especialización,Otros,Certificado
6792e594a10f7ee26bf9223f,Educación Secundaria,Ciencias Sociales y Humanidades,Otros
6792e594a10f7ee26bf9223f,Primaria,Otros,Otros
6792e594a10f7ee26bf9223f,Seminario de Planeamiento y logística eficaz en confecciones,Otros,Certificado
67947404a10f7ee26bf924a6,Ciencias de la Comunicación,Ciencias Sociales y Humanidades,Estudiante
67730428e62dc0dc9760d97e,Certificate,Otros,Otros
67730428e62dc0dc9760d97e,Student,Otros,Estudiante
67730428e62dc0dc9760d97e,Gestión Empresarial,Administración y Negocios,Estudiante
67730428e62dc0dc9760d97e,Certificate,Otros,Otros
67730428e62dc0dc9760d97e,Certificate,Otros,Otros
67730428e62dc0dc9760d97e,Certificate,Otros,Otros
67730428e62dc0dc9760d97e,Certificate,Otros,Otros
67730428e62dc0dc9760d97e,Student,Otros,Estudiante
67982592ec31cdeab30acfc1,Ingeniería Mecatrónica,Ingeniería y Tecnología,Bachiller
6796b037ec31cdeab30acd4c,,,Otros
6796b037ec31cdeab30acd4c,Antropología,Otros,Estudiante
6796b037ec31cdeab30acd4c,,,Maestría
6796b037ec31cdeab30acd4c,,,Otros
6796b037ec31cdeab30acd4c,,,Otros
6796b037ec31cdeab30acd4c,,,Certificado
6796b037ec31cdeab30acd4c,,,Otros
6796b037ec31cdeab30acd4c,,,Certificado
6796b037ec31cdeab30acd4c,,,Otros
6796b037ec31cdeab30acd4c,,,Otros
6796b037ec31cdeab30acd4c,,,Maestría
6796b037ec31cdeab30acd4c,,,Certificado
679c2975840b6332d116503a,Marketing Digital,Administración y Negocios,Certificado
679c2975840b6332d116503a,Bachiller en Agronomía,Otros,Bachiller
679c2975840b6332d116503a,Diplomado en Agroexportaciones,Otros,Diplomado
679d7394840b6332d1165114,Diploma en Seguridad e Higiene Industrial,Ingeniería y Tecnología,Diplomado
679d7394840b6332d1165114,Master en Educación superior y universitaria,Ciencias Sociales y Humanidades,Maestría
679d7394840b6332d1165114,Ingeniería Industrial grado de bachiller,Ingeniería y Tecnología,Bachiller
679d7394840b6332d1165114,Diploma en soporte técnico de computadoras y periféricos,Otros,Diplomado
679d7394840b6332d1165114,Título técnico en Instrumentación Industrial,Ingeniería y Tecnología,Diplomado
679d7394840b6332d1165114,Diploma en Administración de Empresas,Administración y Negocios,Diplomado
679d7394840b6332d1165114,Profesional en Electrónica Industrial,Ingeniería y Tecnología,Diplomado
679e19f8ba3def1cef989d3d,Bachiller en Ingeniería de Sistemas,Ingeniería y Tecnología,Bachiller
679e19f8ba3def1cef989d3d,NTT DATA Europe & Latam,Otros,Certificado
679e19f8ba3def1cef989d3d,IA y LLM,Otros,Certificado
679e39d1ba3def1cef989dbc,Maestría en Inteligencia Artificial,Otros,Maestría
679e39d1ba3def1cef989dbc,Diplomatura Operativa Especializada en Gestion Eficiente de Abastecimiento,Administración y Negocios,Diplomado
679e39d1ba3def1cef989dbc,Economia,Economía y Finanzas,Bachiller
679e39d1ba3def1cef989dbc,PADE Internacional Operaciones y Logistica,Otros,Diplomado
679e39d1ba3def1cef989dbc,Supply Chain Analytics,Otros,Certificado
679e39d1ba3def1cef989dbc,PE PowerBI for Data Analytics,Otros,Certificado
679e39d1ba3def1cef989dbc,Inteligencia Artificial aplicada a Marketing y Negocios,Administración y Negocios,Certificado
679e39d1ba3def1cef989dbc,Especialista en Lean Six Sigma Green Belt,Otros,Certificado
679e39d1ba3def1cef989dbc,PEA Business Intelligence (Fundamentals + Advanced),Otros,Certificado
679e39d1ba3def1cef989dbc,PEA Data Science (Fundamentals + Advanced),Ingeniería y Tecnología,Certificado
679e39d1ba3def1cef989dbc,Curso Especializado SQL Server,Otros,Certificado
679e39d1ba3def1cef989dbc,PE Analitica de Datos aplicado a Logística,Otros,Certificado
67a11f370ad0eb1b9d91c034,Diplomatura en Comunicación Corporativa y DS,Ciencias Sociales y Humanidades,Diplomado
67a11f370ad0eb1b9d91c034,Programa Especializado en Gestión de Sostenibilidad,Administración y Negocios,Certificado
67a11f370ad0eb1b9d91c034,Diplomatura en Marketing,Administración y Negocios,Diplomado
67a11f370ad0eb1b9d91c034,Licenciado en Ciencias de la Comunicación,Ciencias Sociales y Humanidades,Bachiller
67a11f370ad0eb1b9d91c034,Gestión Estratégica de RSE,Administración y Negocios,Otros
67a11f370ad0eb1b9d91c034,Especialización en PR y Comunicación Corporativa,Ciencias Sociales y Humanidades,Otros
67a11f370ad0eb1b9d91c034,Curso de Especialización: Economía Circular,Economía y Finanzas,Otros
67a11f370ad0eb1b9d91c034,Especialización: Gestión de Riesgos y Oportunidades ASG,Administración y Negocios,Otros
67a175980ad0eb1b9d91c0f2,Formación Complementaria,Otros,Otros
67a175980ad0eb1b9d91c0f2,Ingeniería Industrial,Ingeniería y Tecnología,Estudiante
67a175980ad0eb1b9d91c0f2,Farmacia y Bioquímica,Salud,Bachiller
67a175980ad0eb1b9d91c0f2,Inglés Básico,Ciencias Sociales y Humanidades,Certificado
67a175980ad0eb1b9d91c0f2,Ms Office Intermedio,Otros,Certificado
67a176480ad0eb1b9d91c137,SSOMA,Otros,Certificado
67a176480ad0eb1b9d91c137,Bach. Ingeniería Ambiental,Ingeniería y Tecnología,Bachiller
67a176480ad0eb1b9d91c137,Prevención De Riesgos Laborales,Otros,Certificado
67a176480ad0eb1b9d91c137,Ofimática Profesional - Avanzado,Otros,Certificado
67a1986f0ad0eb1b9d91c1a6,Programa de Especialización en Gestión y Evaluación de Impacto Ambiental,Ingeniería y Tecnología,Certificado
67a1986f0ad0eb1b9d91c1a6,Ingeniería Ambiental,Ingeniería y Tecnología,Bachiller
67a1986f0ad0eb1b9d91c1a6,"Programa de Especialización en Seguridad, Salud Ocupacional y Medio Ambiente (SSOMA)",Salud,Certificado
67a1986f0ad0eb1b9d91c1a6,Programa de Especialización en Monitoreo y Evaluación de la Calidad Ambiental,Ingeniería y Tecnología,Certificado
67a1986f0ad0eb1b9d91c1a6,Seminario de Seguridad y Salud en el Trabajo,Salud,Certificado
67a1986f0ad0eb1b9d91c1a6,Curso de Supervisor SSOMA,Otros,Certificado
67a1986f0ad0eb1b9d91c1a6,Programa de Especialización en Gestión Integral de Residuos Sólidos y Economía Circular,Administración y Negocios,Certificado
67a2b3a00ad0eb1b9d91c357,Idioma Inglés,Ciencias Sociales y Humanidades,Certificado
67a2b3a00ad0eb1b9d91c357,Bachiller en Ciencias de la Comunicación,Ciencias Sociales y Humanidades,Bachiller
67a2bd9d0ad0eb1b9d91c3f5,Estudiante de Psicología,Ciencias Sociales y Humanidades,Estudiante
67a2bd9d0ad0eb1b9d91c3f5,Certificación como Cajero Financiero y Comercial,Administración y Negocios,Certificado
67a3f6f80ad0eb1b9d91c4b3,Maestrando en Derecho Constitucional,Ciencias Sociales y Humanidades,Maestría
67a3f6f80ad0eb1b9d91c4b3,Abogado,Otros,Bachiller
67a3f6e10ad0eb1b9d91c4ad,Ingeniería biomédica,Ingeniería y Tecnología,Estudiante
67a4068a0ad0eb1b9d91c5c8,Curso: Management of Fashion and Luxury Companies,Administración y Negocios,Certificado
67a4068a0ad0eb1b9d91c5c8,Curso: Marketing Verde,Administración y Negocios,Certificado
67a4068a0ad0eb1b9d91c5c8,Curso: Diseño y Creación de un Emprendimiento Social,Arquitectura y Diseño,Certificado
67a4068a0ad0eb1b9d91c5c8,Nivel Intermedio,Otros,Certificado
67a4068a0ad0eb1b9d91c5c8,Estudiante de octavo ciclo,Otros,Bachiller
67a40e000ad0eb1b9d91c68d,Bachillerato,Otros,Bachiller
67a40dda0ad0eb1b9d91c688,Ing. Informatica,Ingeniería y Tecnología,Estudiante
67a40dda0ad0eb1b9d91c688,Blockchain,Otros,Estudiante
67a40d190ad0eb1b9d91c673,Trabajo Social,Otros,Bachiller
67a54b6b0ad0eb1b9d91c997,Programas Informáticos / Herramientas Tecnológicas,Otros,Certificado
67a54b6b0ad0eb1b9d91c997,Habilidades Blandas,Otros,Certificado
67a54b6b0ad0eb1b9d91c997,Ingeniería Industrial,Ingeniería y Tecnología,Estudiante
67a54b6b0ad0eb1b9d91c997,Acreditación para escuelas de pregrado,Otros,Certificado
67a54b6b0ad0eb1b9d91c997,IA aplicada al Marketing,Administración y Negocios,Certificado
67a54b6b0ad0eb1b9d91c997,Inglés,Ciencias Sociales y Humanidades,Certificado
67a54b8b0ad0eb1b9d91c9a4,Especialización en SCRUM,Otros,Certificado
67a54b8b0ad0eb1b9d91c9a4,Colaboradora de Marketing y comunicaciones en I Congreso de estudiantes y profesionales de Ciencias Económicas,Administración y Negocios,Certificado
67a54b8b0ad0eb1b9d91c9a4,Administración de Empresas,Administración y Negocios,Bachiller
67a54b8b0ad0eb1b9d91c9a4,Inglés,Ciencias Sociales y Humanidades,Certificado
67a54b810ad0eb1b9d91c99d,Ingeniería Mecánica,Ingeniería y Tecnología,Estudiante
67a54c620ad0eb1b9d91ca80,DIPLOMADO,Otros,Diplomado
67a54c620ad0eb1b9d91ca80,CURSO DE ESPECIALIZACIÓN,Otros,Certificado
67a54c620ad0eb1b9d91ca80,CURSO DE ESPECIALIZACIÓN,Otros,Certificado
67a54c620ad0eb1b9d91ca80,CURSO DE CAPACITACIÓN,Otros,Certificado
67a54c620ad0eb1b9d91ca80,INGENIERÍA AMBIENTAL,Ingeniería y Tecnología,Bachiller
67a54c620ad0eb1b9d91ca80,CURSO DE ESPECIALIZACIÓN,Otros,Certificado
67a55413ccd2082fe4747ddf,Ingeniería de Industrias Alimentarias,Ingeniería y Tecnología,Bachiller
67a55418ccd2082fe4747de5,Quinto Superior de la Escuela Profesional de Administración,Administración y Negocios,Bachiller
67a55418ccd2082fe4747de5,Intercambio Estudiantil por Excelencia,Otros,Estudiante
67a553edccd2082fe4747dca,MIEMBRO DE LA COORDINACIÓN PMO,Otros,Otros
67a553edccd2082fe4747dca,ESTUDIANTE DE INGENIERÍA INDUSTRIAL,Ingeniería y Tecnología,Estudiante
67a553edccd2082fe4747dca,SQL BÁSICO- INTERMEDIO,Otros,Certificado
67a553edccd2082fe4747dca,ESTUDIANTE DE INGENIERÍA INDUSTRIAL,Ingeniería y Tecnología,Estudiante
67a5544accd2082fe4747e1c,Ingeniería Industrial,Ingeniería y Tecnología,Estudiante
67a5544accd2082fe4747e1c,Educación Secundaria,Ciencias Sociales y Humanidades,Otros
67a5549dccd2082fe4747f41,EDUCACIÓN UNIVERSITARIA CURSANDO,Ciencias Sociales y Humanidades,Estudiante
67a5549dccd2082fe4747f41,Cicec-2024,Otros,Certificado
67a5549dccd2082fe4747f41,Cicec-2022,Otros,Certificado
67a5545accd2082fe4747e5a,Bachiller en Ingeniería Agronómica,Ingeniería y Tecnología,Bachiller
67a553f9ccd2082fe4747dd2,Ingeniería Industrial,Ingeniería y Tecnología,Bachiller
67a55469ccd2082fe4747e60,Ingeniería Industrial,Ingeniería y Tecnología,Estudiante
67a561a4ccd2082fe4748330,Egresada de Trabajo Social,Otros,Bachiller
67a5628fccd2082fe474838e,Curso de Tablas dinámicas en Excel,Otros,Certificado
67a5628fccd2082fe474838e,Bachiller de Administración y Gerencia,Administración y Negocios,Bachiller
67a5628fccd2082fe474838e,Curso de Power Bi Basico,Otros,Certificado
67a5628fccd2082fe474838e,Curso de Gestión por procesos,Administración y Negocios,Certificado
67a5628fccd2082fe474838e,Curso de Excel Intermedio,Otros,Certificado
67a5628fccd2082fe474838e,Charla de Principios de Seguridad y Salud en el trabajo,Salud,Certificado
67a5628fccd2082fe474838e,Curso de Análisis de datos con Excel,Otros,Certificado
67a5628fccd2082fe474838e,Especialización en Auditoría Interna,Otros,Otros
67a562c6ccd2082fe47483ae,Distinción en competencias matemáticas,Ciencias,Otros
67a562c6ccd2082fe47483ae,Ingeniería de Sistemas,Ingeniería y Tecnología,Estudiante
67a5540fccd2082fe4747dd9,Ingeniería Agroindustrial,Ingeniería y Tecnología,
67a54f6a0ad0eb1b9d91cae7,Python for Data Science,Ingeniería y Tecnología,Certificado
67a54f6a0ad0eb1b9d91cae7,Economía,Economía y Finanzas,Estudiante
67a562a6ccd2082fe474839b,Administración,Administración y Negocios,Estudiante
67a56669ccd2082fe4748560,Ingeniería Informática,Ingeniería y Tecnología,Estudiante
67a56669ccd2082fe4748560,Inglés Intermedio,Ciencias Sociales y Humanidades,Certificado
67a57687ccd2082fe47486d3,Inglés,Ciencias Sociales y Humanidades,Certificado
67a57687ccd2082fe47486d3,Asesor Educativo,Otros,Otros
67a57687ccd2082fe47486d3,Asistente Administrativo,Otros,Otros
67a57687ccd2082fe47486d3,Estudiante de Administración,Administración y Negocios,Bachiller
67a57687ccd2082fe47486d3,Miembro de Marketing,Administración y Negocios,Estudiante
67a61a85ccd2082fe4748790,Certificación culminación nivel avanzado,Otros,Certificado
67a61a85ccd2082fe4748790,Bachiller académico,Otros,Estudiante
67a61a85ccd2082fe4748790,Administrador de empresas,Otros,Bachiller
67a61a85ccd2082fe4748790,Docente de planta,Otros,Otros
67a61a85ccd2082fe4748790,Especialista en gerencia de proyectos,Otros,Maestría
67a6643080922a3d7cf0fcd6,Ingeniero Químico,Otros,Diplomado
67a6643080922a3d7cf0fcd6,Ingeniero Químico,Otros,Diplomado
67a6643080922a3d7cf0fcd6,Ingeniero Químico,Otros,Diplomado
67a6643080922a3d7cf0fcd6,Ingeniero Civil,Ingeniería y Tecnología,Diplomado
67a6643080922a3d7cf0fcd6,Ingeniero Civil,Ingeniería y Tecnología,Diplomado
67a6643080922a3d7cf0fcd6,Ingeniero Químico,Otros,Diplomado
67a6643080922a3d7cf0fcd6,Ingeniero Civil,Ingeniería y Tecnología,Diplomado
67a6643080922a3d7cf0fcd6,Ingeniero Civil,Ingeniería y Tecnología,Diplomado
67a6643080922a3d7cf0fcd6,Ingeniero Civil,Ingeniería y Tecnología,Diplomado
67a6643080922a3d7cf0fcd6,Ingeniero Químico,Otros,Diplomado
67a6641180922a3d7cf0fcd0,Inglés Avanzado,Ciencias Sociales y Humanidades,Certificado
67a6641180922a3d7cf0fcd0,Ingeniería Ambiental,Ingeniería y Tecnología,Estudiante
67a6641180922a3d7cf0fcd0,Inglés Avanzado,Ciencias Sociales y Humanidades,Certificado
67a7738880922a3d7cf0fe12,Ingenería Industrial,Ingeniería y Tecnología,Estudiante
67a7738880922a3d7cf0fe12,Jóvenes por la ESI,Otros,Certificado
67a7738880922a3d7cf0fe12,Divulgación científica,Otros,Certificado
67a7738880922a3d7cf0fe12,Herramientas informáticas,Ingeniería y Tecnología,Certificado
67a7738880922a3d7cf0fe12,Psicología Clínica,Ciencias Sociales y Humanidades,Bachiller
67a7738880922a3d7cf0fe12,Acompañamiento en clases de refuerzo,Otros,Otros
67a7738880922a3d7cf0fe12,Laboratorio Social de Salud,Salud,Certificado
67a7738880922a3d7cf0fe12,Psicología clínica e investigación,Ciencias Sociales y Humanidades,Otros
67a7738880922a3d7cf0fe12,Universidades sin Violencia,Otros,Certificado
67a7738880922a3d7cf0fe12,Liderazgo y emprendimiento,Otros,Certificado
67a7738880922a3d7cf0fe12,Educación Sexual Integral,Ciencias Sociales y Humanidades,Certificado
67a91c2380922a3d7cf0fefe,Ingeniería Ambiental,Ingeniería y Tecnología,Estudiante
67a54e150ad0eb1b9d91cadd,Diseño e implementación de iniciativas sociales,Arquitectura y Diseño,Certificado
67a54e150ad0eb1b9d91cadd,Arc Gis Básico,Otros,Certificado
67a54e150ad0eb1b9d91cadd,Inglés Intermedio,Ciencias Sociales y Humanidades,Certificado
67a54e150ad0eb1b9d91cadd,"Ofimática profesional (Excel, Word y PowerPoint)",Otros,Certificado
67a54e150ad0eb1b9d91cadd,Monitoreo de la calidad del agua,Otros,Certificado
67a54e150ad0eb1b9d91cadd,Egresado Ingeniería Ambiental,Ingeniería y Tecnología,Certificado
67a54e150ad0eb1b9d91cadd,Elaboración del instrumento de gestión ambiental IGAPRO en los proyectos QSI & QSC,Ingeniería y Tecnología,Certificado
67a54e150ad0eb1b9d91cadd,Gestión integral de residuos sólidos,Administración y Negocios,Certificado
67abf41080922a3d7cf101c8,Ingeniería de Sistemas,Ingeniería y Tecnología,Estudiante
67abf63980922a3d7cf10400,Administración y marketing,Administración y Negocios,Estudiante
67abf7e180922a3d7cf104ff,Superior técnico,Otros,Certificado
67abf7e180922a3d7cf104ff,Carrera técnica,Otros,Diplomado
67abf7e180922a3d7cf104ff,Educación Secundaria,Ciencias Sociales y Humanidades,Estudiante
67a55480ccd2082fe4747e85,Administración,Administración y Negocios,Estudiante
67a40f340ad0eb1b9d91c6f7,Bachiller de Trabajo Social,Otros,Bachiller
67a40f340ad0eb1b9d91c6f7,Certificate,Otros,Certificado
679046b1a10f7ee26bf91b3c,Administración,Administración y Negocios,Estudiante
679046b1a10f7ee26bf91b3c,Inglés - Básico 1,Ciencias Sociales y Humanidades,Estudiante
66b975bfbf7e18bdfd26381e,BACHILLER EN INGENIERÍA DE SISTEMAS E INFORMÁTICA,Ingeniería y Tecnología,Bachiller
67ae5bded9f18a99484d9a77,Ingeniería Industrial,Ingeniería y Tecnología,Estudiante
67ae5bded9f18a99484d9a77,Educación Secundaria,Ciencias Sociales y Humanidades,Otros
67ae5bded9f18a99484d9a77,Inglés Intermedio,Ciencias Sociales y Humanidades,Estudiante
67ae5bded9f18a99484d9a77,Programa de entrenamiento en herramientas de liderazgo,Otros,Certificado
67ae5bded9f18a99484d9a77,Programa de Oratoria,Otros,Certificado
67ae82ffd9f18a99484d9c20,Ingeniero industrial,Ingeniería y Tecnología,Bachiller
67ae82ffd9f18a99484d9c20,Diploma en especialista en aplicaciones informáticas,Ingeniería y Tecnología,Diplomado
67ae82ffd9f18a99484d9c20,Certificación: Asistente de producción,Otros,Certificado
67ae82ffd9f18a99484d9c20,Profesional técnico en arquitectura de plataformas y servicios de TI,Arquitectura y Diseño,Diplomado
67ae82ffd9f18a99484d9c20,Certificación: Producción,Otros,Certificado
67ae82ffd9f18a99484d9c20,Maestría en ingeniería industrial,Ingeniería y Tecnología,Maestría
67ae8640d9f18a99484d9c79,Ingeniería Ambiental,Ingeniería y Tecnología,Bachiller
66b975bfbf7e18bdfd26381e,Tecnicatura Universitaria en programación,Otros,Otros
66b975bfbf7e18bdfd26381e,Semco Style Fundamentals,Otros,Certificado
66b975bfbf7e18bdfd26381e,Certified Scrum Master,Otros,Certificado
67af74d537180fd4b8e51b76,Bachiller en Ciencia de la Computación,Ingeniería y Tecnología,Bachiller
67abf5c680922a3d7cf10378,Arquitectura y Urbanismo,Arquitectura y Diseño,Bachiller
67abf5c680922a3d7cf10378,Diseño de Meubles para niños,Arquitectura y Diseño,Certificado
67abf5c680922a3d7cf10378,Transformaciones Arquitectonicas y el Espacio Público en Contextos Patrimoniales,Otros,Certificado
67b08c2c37180fd4b8e51d33,Contabilidad y Finanzas,Economía y Finanzas,Estudiante
67b0f7be37180fd4b8e51e9d,Computación,Ingeniería y Tecnología,Otros
67b0f7be37180fd4b8e51e9d,Ingeniería de Computación y Sistemas,Ingeniería y Tecnología,Bachiller
67b0c19b37180fd4b8e51e1a,Ingeniería Agroindustrial,Ingeniería y Tecnología,Estudiante
67b0c19b37180fd4b8e51e1a,Educación Secundaria,Ciencias Sociales y Humanidades,Estudiante
67b29d0b37180fd4b8e521eb,Gestión De Procesos Pedagógicos Y Su Aplicación,Administración y Negocios,Certificado
67b29d0b37180fd4b8e521eb,Auxiliar De Educación,Ciencias Sociales y Humanidades,Certificado
67b29d0b37180fd4b8e521eb,Inglés nivel intermedio,Ciencias Sociales y Humanidades,Certificado
67b29d0b37180fd4b8e521eb,Educación Secundaria,Ciencias Sociales y Humanidades,Otros
67b29d0b37180fd4b8e521eb,Carrera Profesional en Biología Pesquera,Ciencias,Bachiller
67b2bd8437180fd4b8e522a9,Estrategias Digitales para Vender Más,Otros,Certificado
67b2bd8437180fd4b8e522a9,Marketing e Inteligencia Artificial,Administración y Negocios,Otros
67b2bd8437180fd4b8e522a9,II SUMMIT TIC NORTE 2024: TRANSFORMACIÓN EMPRESARIAL E INNOVACIÓN,Otros,Certificado
67b2bd8437180fd4b8e522a9,Administración y Marketing,Administración y Negocios,Estudiante
67b2d0e837180fd4b8e523a5,Ingeniería de Computación y Sistemas,Ingeniería y Tecnología,Bachiller
67b2d0e837180fd4b8e523a5,Educación Secundaria,Ciencias Sociales y Humanidades,Estudiante
67b31dd837180fd4b8e524c4,Ciencia de Datos para Principiantes,Ingeniería y Tecnología,Certificado
67b31dd837180fd4b8e524c4,Gestión de Proyectos con Metodologías Ágiles,Administración y Negocios,Certificado
67b31dd837180fd4b8e524c4,Bachiller en Ingeniería Agroindustrial,Ingeniería y Tecnología,Bachiller
67b31dd837180fd4b8e524c4,Curso de especialización: Python en el Análisis de Datos Abiertos para la Investigación Científica,Otros,Certificado
67b31dd837180fd4b8e524c4,Curso de Excel Avanzado,Otros,Certificado
67b31dd837180fd4b8e524c4,Fundamentos de Ingeniería de Software,Ingeniería y Tecnología,Certificado
67b31dd837180fd4b8e524c4,Diseño de Productos,Arquitectura y Diseño,Certificado
67b31dd837180fd4b8e524c4,Análisis de Datos con Power BI,Otros,Certificado
67b31dd837180fd4b8e524c4,Estrategias de Innovación Empresarial,Otros,Certificado
67b33f9837180fd4b8e52629,Certificado en Excel Intermedio,Otros,Certificado
67b33f9837180fd4b8e52629,Storytelling en el Marketing Digital,Administración y Negocios,Certificado
67b33f9837180fd4b8e52629,Certificado en Power BI,Otros,Certificado
67b33f9837180fd4b8e52629,Especialización en Marketing Digital,Administración y Negocios,Otros
67b33f9837180fd4b8e52629,Marketing digital en Redes sociales y Google Ads,Ingeniería y Tecnología,Certificado
67b33f9837180fd4b8e52629,Fundamentals of digital marketing,Administración y Negocios,Certificado
67b33f9837180fd4b8e52629,Especialización – Social Media,Otros,Otros
67b33f9837180fd4b8e52629,Licenciado en Ciencias de la Comunicación,Ciencias Sociales y Humanidades,Bachiller
67b3652f37180fd4b8e52763,Ingeniero Informático,Otros,Estudiante
67b3a5a237180fd4b8e527ae,Estudiante de Noveno ciclo. Perteneciente al Quinto superior.,Otros,Estudiante
67b3a5a237180fd4b8e527ae,Diplomado Internacional de Gestión de Proyectos,Administración y Negocios,Diplomado
67a3f36d0ad0eb1b9d91c4a2,Especialista en Presentaciones de Alto Impacto,Otros,Certificado
67a3f36d0ad0eb1b9d91c4a2,Programa Anual de Formación en Improvisación Teatral (PAFI),Otros,Certificado
67a3f36d0ad0eb1b9d91c4a2,Especialización en People Analytics,Otros,Certificado
67a3f36d0ad0eb1b9d91c4a2,Programa Especializado de Behavioral Design,Arquitectura y Diseño,Certificado
67a3f36d0ad0eb1b9d91c4a2,Formación Internacional en Terapia de Esquemas,Otros,Certificado
67a3f36d0ad0eb1b9d91c4a2,Psicología,Ciencias Sociales y Humanidades,Bachiller
67b4ad1d37180fd4b8e52b50,Power BI Intermedio-Avanzado,Otros,Certificado
67b4ad1d37180fd4b8e52b50,Gestión Ambiental en Minería,Ingeniería y Tecnología,Certificado
67b4ad1d37180fd4b8e52b50,Manejo de Residuos Sólidos en las Unidades Mineras,Otros,Certificado
67b4ad1d37180fd4b8e52b50,AutoCAD 2D 3D,Otros,Certificado
67b4ad1d37180fd4b8e52b50,"Sistemas Integrados de Gestión con base en las normas ISO 9001, 14001, 45001",Ingeniería y Tecnología,Certificado
67b4ad1d37180fd4b8e52b50,Evaluación de Riesgos de Desastres Originados por Fenómenos Naturales con ARCGIS,Otros,Certificado
67b4ad1d37180fd4b8e52b50,ArcGIS Básico,Otros,Certificado
67b4ad1d37180fd4b8e52b50,Python Básico e Intermedio,Otros,Certificado
67b4ad1d37180fd4b8e52b50,Seguridad y Prevención de Riesgos Laborales,Otros,Certificado
67b4ad1d37180fd4b8e52b50,Ingeniería Ambiental,Ingeniería y Tecnología,Bachiller
67b4ad1d37180fd4b8e52b50,ArcGIS Intermedio,Otros,Certificado
67b4ad1d37180fd4b8e52b50,"Ofimática Intermedia: Word, Excel, PowerPoint",Otros,Certificado
67b4ad1d37180fd4b8e52b50,Normativa y elaboración del Estudio de Impacto Ambiental,Ingeniería y Tecnología,Certificado
67b4ad1d37180fd4b8e52b50,Prevención de Riesgos Laborales,Otros,Certificado
67b4ad1d37180fd4b8e52b50,"Excel Profesional: Básico, Intermedio, Avanzado",Otros,Certificado
67b4ad1d37180fd4b8e52b50,Capacitación: Entrenamiento presencial - coagulación y floculación en aguas residuales,Otros,Certificado
67b4ad1d37180fd4b8e52b50,Taller de Integración Minera y Desarrollo Sostenible (TIMDS),Otros,Certificado
67b4ebef37180fd4b8e52dc4,Ingeniería Química,Ingeniería y Tecnología,Bachiller
67b4feeb37180fd4b8e52e3e,Inglés,Ciencias Sociales y Humanidades,Otros
67b4feeb37180fd4b8e52e3e,Microsoft Excel,Otros,Otros
67b4feeb37180fd4b8e52e3e,Power BI,Otros,Otros
67b4feeb37180fd4b8e52e3e,SCRUM Fundamentals Certified,Otros,Certificado
67b4feeb37180fd4b8e52e3e,Administración,Administración y Negocios,Bachiller
67b5085637180fd4b8e52eb1,Ingeniería Ambiental,Ingeniería y Tecnología,Bachiller
67b5085637180fd4b8e52eb1,Especialización en Gestión Integral de Residuos Sólidos,Administración y Negocios,Certificado
67b5097937180fd4b8e52f08,Administración,Administración y Negocios,Bachiller
67b5097937180fd4b8e52f08,Excel Intermedio-Avanzado,Otros,Certificado
67b5097937180fd4b8e52f08,Gobierno Corporativo,Otros,Certificado
67b5097937180fd4b8e52f08,Six Sigma Yellow Belt,Otros,Certificado
67b5097937180fd4b8e52f08,Administración,Administración y Negocios,Bachiller
67b5097937180fd4b8e52f08,Certificación examen DELF B1,Otros,Certificado
67b514d937180fd4b8e53007,Administración,Administración y Negocios,Estudiante
67b6047437180fd4b8e530a3,Licenciado en Administración,Administración y Negocios,Bachiller
67b6047437180fd4b8e530a3,Certificate,Otros,Certificado
67b6482137180fd4b8e5312e,Programa de Inversiones Bursátiles,Otros,Certificado
67b6482137180fd4b8e5312e,Bachiller en Ciencias con mención en Física,Ciencias,Bachiller
67b6482137180fd4b8e5312e,Curso de Series Temporales,Otros,Certificado
67b6482137180fd4b8e5312e,Diplomado en Business Intelligence,Otros,Diplomado
67b6482137180fd4b8e5312e,Estudiante de Economía,Economía y Finanzas,Estudiante
67b77937ae69bca471706c5e,Analista de Datos,Otros,Otros
67b77937ae69bca471706c5e,Ciberseguridad Pentesting,Otros,Certificado
67b77937ae69bca471706c5e,Ingeniero de Sistemas,Ingeniería y Tecnología,Bachiller
67b78279ae69bca471706e6f,"Diplomado en Seguridad, Salud Ocupacional y Medio Ambiente",Salud,Diplomado
67b78279ae69bca471706e6f,"Diplomado en Diseño, Gestión y Supervisión de Proyectos de Agua Potable, Saneamiento y Tratamiento de Aguas Residuales en el Ámbito Rural y Urbano",Administración y Negocios,Diplomado
67b78279ae69bca471706e6f,Curso en Derecho y Gestión Ambiental,Ingeniería y Tecnología,Otros
67b78279ae69bca471706e6f,Ingeniería Ambiental,Ingeniería y Tecnología,Bachiller
67b7843aae69bca471706f0f,Ingeniería Agronómica,Ingeniería y Tecnología,Bachiller
67b7843aae69bca471706f0f,Educación Secundaria,Ciencias Sociales y Humanidades,Otros
67b78608ae69bca471706fd7,Educación Secundaria,Ciencias Sociales y Humanidades,Otros
67b78608ae69bca471706fd7,Internet y la Competitividad en la Educación Tecnológica para el Tercer Milenio,Ciencias Sociales y Humanidades,Certificado
67b78608ae69bca471706fd7,Computación e Informática,Ingeniería y Tecnología,Diplomado
67b78608ae69bca471706fd7,"Informática Rumbo al Tercer Milenio: Internet, Protocolos y Herramientas",Ingeniería y Tecnología,Certificado
67b78608ae69bca471706fd7,Técnicas Organizacionales para el Tercer Milenio,Otros,Certificado
67b78608ae69bca471706fd7,Herramientas Visuales y Programación Orientada a Objetos,Otros,Certificado
67b78608ae69bca471706fd7,Primaria,Otros,Otros
67b78608ae69bca471706fd7,Primaria,Otros,Otros
67b78d60ae69bca47170706d,Contabilidad y Finanzas,Economía y Finanzas,Bachiller
67b78e62ae69bca4717070ac,Just In Time como Modelo de Gestión y Herramientas Lean en la Producción,Administración y Negocios,Certificado
67b78e62ae69bca4717070ac,Supervisión de Plantas Industriales Alimentarias,Ingeniería y Tecnología,Certificado
67b78e62ae69bca4717070ac,Especialización en Supply Chain Management,Administración y Negocios,Diplomado
67b78e62ae69bca4717070ac,Diplomado en Logística,Otros,Diplomado
67b78e62ae69bca4717070ac,Auditor Interno en Sistemas Integrados de Gestión (HSEQ),Ingeniería y Tecnología,Certificado
67b78e62ae69bca4717070ac,Metodología 5S,Otros,Certificado
67b78e62ae69bca4717070ac,Especialización en Big Data para la Gestión Logística,Administración y Negocios,Diplomado
67b78e62ae69bca4717070ac,Especialización Logística y almacenes,Otros,Diplomado
67b78e62ae69bca4717070ac,Interpretación y formación de auditores internos ISO 9001:2015,Otros,Certificado
67b78e62ae69bca4717070ac,Bachiller en Ingeniería Industrial,Ingeniería y Tecnología,Bachiller
67b79253ae69bca471707278,Universitario,Otros,Bachiller
67b79253ae69bca471707278,Maestría,Otros,Maestría
67b7946aae69bca4717072d2,Capacitación Trabajos en Altura – Escalamiento a Postes,Otros,Certificado
67b7946aae69bca4717072d2,Curso especializado Supervisión de Trabajos de Alto Riesgo,Otros,Certificado
67b7946aae69bca4717072d2,Curso especializado de Prevención de Riesgos,Otros,Certificado
67b7946aae69bca4717072d2,Especialización Salud Ocupacional,Salud,Certificado
67b7946aae69bca4717072d2,Bachiller en Ingeniería Química,Ingeniería y Tecnología,Bachiller
67b7946aae69bca4717072d2,Capacitación Gestión Integral de Residuos Sólidos,Administración y Negocios,Certificado
67b7946aae69bca4717072d2,Especialización en Sistema de Gestión de la Calidad - ISO 9001,Administración y Negocios,Certificado
67b7946aae69bca4717072d2,"Especialización Supervisor SSOMA: Seguridad, Salud Ocupacional y Medio Ambiente",Salud,Certificado
67aa688d80922a3d7cf100c1,Ingeniería Industrial,Ingeniería y Tecnología,Estudiante
67aa688d80922a3d7cf100c1,Ingeniería Industrial,Ingeniería y Tecnología,Estudiante
67b7b9efae69bca471707485,Licenciada en Administración,Administración y Negocios,Estudiante
67b7e0a4ae69bca471707733,Inglés básico – intermedio,Ciencias Sociales y Humanidades,Certificado
67b7e0a4ae69bca471707733,Ingeniero de Materiales,Otros,Bachiller
67b7e0a4ae69bca471707733,IX ciclo de ingeniería civil,Ingeniería y Tecnología,Estudiante
67b8ac61ae69bca4717078b0,Bachiller en Ingeniería Mecatrónica,Ingeniería y Tecnología,Bachiller
67b8cc68ae69bca47170795a,Microbiología y Parasitología,Ciencias,Bachiller
67b8ea61ae69bca471707a98,Project Management Professional,Administración y Negocios,Certificado
67b8ea61ae69bca471707a98,Ingeniería de sistemas,Ingeniería y Tecnología,Bachiller
67b8f573ae69bca471707b49,Aproximaciones Metodológicas en Ciencia Política,Otros,Certificado
67b8f573ae69bca471707b49,Voluntario de la Universidad Nacional de Trujillo,Otros,Certificado
67b8f573ae69bca471707b49,Análisis de Datos con Excel,Otros,Certificado
67b8f573ae69bca471707b49,Participación como Aplicador ENLA en el departamento de La Libertad,Otros,Certificado
67b8f573ae69bca471707b49,Diplomado en curso sobre Responsabilidad Social Comunitaria,Otros,Diplomado
67b8f573ae69bca471707b49,Participación en el área de Recursos Humanos,Administración y Negocios,Certificado
67b8f573ae69bca471707b49,Ciencias Políticas y Gobernabilidad,Otros,Bachiller
67b8f573ae69bca471707b49,Participación como Parlamentario Joven de La Libertad,Otros,Certificado
67b9197fae69bca471707bec,Ingeniería Informática,Ingeniería y Tecnología,Bachiller
67b93a19ae69bca471707ce6,Programa de capacitación “PROGRAMA BAY G.A.P.”,Otros,Certificado
67b93a19ae69bca471707ce6,Tecnologías Educativas para Alumnos,Ingeniería y Tecnología,Certificado
67b93a19ae69bca471707ce6,Diploma “Experto en Agroalimentación. Sector Hortifrutícola 4.0”,Otros,Diplomado
67b93a19ae69bca471707ce6,Especialización en Gestión Ambiental,Ingeniería y Tecnología,Diplomado
67b93a19ae69bca471707ce6,Especialización en Seguridad y Salud en el Trabajo,Salud,Diplomado
67b93a19ae69bca471707ce6,Diplomado Especializado Supervisor de Trabajos de Alto Riesgo,Otros,Diplomado
67b93a19ae69bca471707ce6,Prevención de Riesgos Laborales,Otros,Certificado
67b93a19ae69bca471707ce6,Ingeniería Agroindustrial,Ingeniería y Tecnología,Bachiller
67b93a19ae69bca471707ce6,"Diplomado Especializado en Seguridad, Salud Ocupacional y Medio Ambiente (SSOMA)",Salud,Diplomado
67b93a19ae69bca471707ce6,Participación en el Programa “Escuela de Líderes Escolares”,Otros,Otros
67b93a19ae69bca471707ce6,"Implementación del Sistema HACCP, BPM y POES",Otros,Certificado
67b944fbae69bca471707d9c,Licenciada en Economía,Economía y Finanzas,Bachiller
67b944fbae69bca471707d9c,Maestría en Políticas Públicas de Gobiernos Locales,Otros,Maestría
67b960f3ae69bca471707fd1,,,Otros
67b960f3ae69bca471707fd1,Economía,Economía y Finanzas,
67ba6976ae69bca4717080fd,Inglés Intermedio,Ciencias Sociales y Humanidades,Certificado
67ba6976ae69bca4717080fd,Elaboración del instrumento de gestión ambiental IGAPRO,Ingeniería y Tecnología,Certificado
67ba6976ae69bca4717080fd,Diseño e implementación de iniciativas sociales,Arquitectura y Diseño,Certificado
67ba6976ae69bca4717080fd,Monitoreo de la calidad del agua,Otros,Certificado
67ba6976ae69bca4717080fd,"Ofimática profesional (Excel, Word y PowerPoint)",Otros,Certificado
67ba6976ae69bca4717080fd,ArcGIS Básico,Otros,Certificado
67ba6976ae69bca4717080fd,Gestión integral de residuos sólidos,Administración y Negocios,Certificado
67ba6976ae69bca4717080fd,Ingeniería Ambiental,Ingeniería y Tecnología,Bachiller
67bab99aae69bca4717081f0,Curso de ArcGis básico,Otros,Certificado
67bab99aae69bca4717081f0,Ingeniería Ambiental,Ingeniería y Tecnología,Estudiante
67bab99aae69bca4717081f0,Funciones del Comité de Seguridad y Salud en el Trabajo,Salud,Certificado
67bab99aae69bca4717081f0,Todo sobre seguridad y salud en el trabajo,Salud,Certificado
67bb8ab5ae69bca4717083f5,Inglés Básico,Ciencias Sociales y Humanidades,Certificado
67bb8ab5ae69bca4717083f5,Ingeniería Industrial,Ingeniería y Tecnología,Bachiller
67bb8ab5ae69bca4717083f5,Consejera de Empleabilidad,Otros,Otros
67bbe118ae69bca471708451,Diplomado de Finanzas Empresariales,Economía y Finanzas,Diplomado
67bbe118ae69bca471708451,Bachiller en Ciencias Económicas,Otros,Bachiller
67bbe118ae69bca471708451,Programa de Especialización en Manejo de Software y Ciencia de Datos,Ingeniería y Tecnología,Otros
67bbe118ae69bca471708451,Curso de Actualización,Otros,Certificado
67bc8f699ea42ee308b13e07,Administración y Marketing,Administración y Negocios,Bachiller
67bf47b59ea42ee308b14088,Programa de Idiomas en Inglés,Ciencias Sociales y Humanidades,Estudiante
67bf47b59ea42ee308b14088,Administración y Marketing,Administración y Negocios,Estudiante
67bf47b59ea42ee308b14088,Educación Secundaria,Ciencias Sociales y Humanidades,Otros
67bf4a8e9ea42ee308b140d8,Derecho,Ciencias Sociales y Humanidades,Bachiller
67bf4a8e9ea42ee308b140d8,Educación Secundaria,Ciencias Sociales y Humanidades,Estudiante
67bf4a8e9ea42ee308b140d8,Estudiante de idiomas,Otros,Estudiante
67bf4a8e9ea42ee308b140d8,Estudiante primaria,Otros,Estudiante
67bf68469ea42ee308b14121,Verificación Post-Silicio Software para la Validación de Microprocesadores,Ingeniería y Tecnología,Otros
67bf68469ea42ee308b14121,Ingeniería Mecatrónica,Ingeniería y Tecnología,Bachiller
67a2c35e0ad0eb1b9d91c444,Ingeniería Química,Ingeniería y Tecnología,Estudiante
67a2c35e0ad0eb1b9d91c444,Sistemas Integrados de Gestión - HSEQ,Ingeniería y Tecnología,Certificado
67a2c35e0ad0eb1b9d91c444,Educación Secundaria,Ciencias Sociales y Humanidades,Estudiante
67c0b46c9ea42ee308b144ff,Ciencias Biológicas,Otros,Estudiante
67730428e62dc0dc9760d97e,rfrrf3w,Otros,Maestría
67771b96e62dc0dc9760dc2c,Ingenieria Electrónica,Ingeniería y Tecnología,Bachiller
67771b96e62dc0dc9760dc2c,6to Primaria,Otros,Otros
67771b96e62dc0dc9760dc2c,Mecatrónica Industrial,Ingeniería y Tecnología,Bachiller
67771b96e62dc0dc9760dc2c,Nivel básico de inglés,Ciencias Sociales y Humanidades,Certificado
67771b96e62dc0dc9760dc2c,Educación Secundaria,Ciencias Sociales y Humanidades,Otros
67771b96e62dc0dc9760dc2c,Ingeniería Industrial,Ingeniería y Tecnología,Maestría
67771b96e62dc0dc9760dc2c,Educación Secundaria,Ciencias Sociales y Humanidades,Otros
67771b96e62dc0dc9760dc2c,6to Primaria,Otros,Otros
67771b96e62dc0dc9760dc2c,Mecatrónica Industrial,Ingeniería y Tecnología,Bachiller
67771b96e62dc0dc9760dc2c,Nivel básico de inglés,Ciencias Sociales y Humanidades,Certificado
67771b96e62dc0dc9760dc2c,Ingeniería Industrial,Ingeniería y Tecnología,Maestría
67771b96e62dc0dc9760dc2c,Nivel básico de inglés,Ciencias Sociales y Humanidades,Otros
67771b96e62dc0dc9760dc2c,Mecatrónica Industrial,Ingeniería y Tecnología,Otros
67771b96e62dc0dc9760dc2c,Educación Secundaria,Ciencias Sociales y Humanidades,Otros
67771b96e62dc0dc9760dc2c,6to Primaria,Otros,Otros
67771b96e62dc0dc9760dc2c,Ingeniería Industrial,Ingeniería y Tecnología,Maestría
67c6262dea99f7e639a6ea1c,Curso User Research,Otros,Certificado
67c6262dea99f7e639a6ea1c,SQL Básico,Otros,Certificado
67c6262dea99f7e639a6ea1c,Excel avanzado,Otros,Certificado
67c6262dea99f7e639a6ea1c,Microdegree en Product Management,Administración y Negocios,Certificado
67c6262dea99f7e639a6ea1c,Bachiller en Ingeniería Industrial,Ingeniería y Tecnología,Bachiller
67c6262dea99f7e639a6ea1c,Bootcamp en Growth Hacking,Otros,Certificado
67c6262dea99f7e639a6ea1c,Especialista Senior en Facebook e Instagram Ads,Otros,Certificado
66bab0c9db5c98b2ee748847,Scrum Master,Otros,Certificado
66bab0c9db5c98b2ee748847,Bachiller en Administración de Empresas,Administración y Negocios,Bachiller
67c6720fea99f7e639a6eb70,Ingeniería Industrial,Ingeniería y Tecnología,Estudiante
67c6720fea99f7e639a6eb70,Ingeniería Industrial,Ingeniería y Tecnología,Estudiante
67c6772dea99f7e639a6ebcb,Ciencias de la Comunicación,Ciencias Sociales y Humanidades,Bachiller
67c6772dea99f7e639a6ebcb,Creación de Contenidos Digitales,Otros,Certificado
67c6772dea99f7e639a6ebcb,Inglés,Ciencias Sociales y Humanidades,Certificado
67c682d7ea99f7e639a6ec1b,Ingeniería Ambiental,Ingeniería y Tecnología,Bachiller
67c682d7ea99f7e639a6ec1b,Curso de Monitoreo y Evaluación de Parámetros Electroquímicos de la Calidad de Cuerpos de Agua,Otros,Certificado
67c682d7ea99f7e639a6ec1b,Curso de Fiscalización Ambiental,Ingeniería y Tecnología,Certificado
67c682d7ea99f7e639a6ec1b,Entrenamiento Presencial en Coagulación y Floculación en Aguas Residuales,Otros,Certificado
67c682d7ea99f7e639a6ec1b,Curso de Especialización en Gestión y Evaluación de Impacto Ambiental,Ingeniería y Tecnología,Certificado
67c74f5fea99f7e639a6ed2a,Estudios en oratoria básica culminados,Otros,Certificado
67c74f5fea99f7e639a6ed2a,Curso de Contrataciones del Estado,Otros,Certificado
67c74f5fea99f7e639a6ed2a,Líder graduado,Otros,Certificado
67c74f5fea99f7e639a6ed2a,Estudiante del VII Ciclo de la carrera de Ing. Agroindustrial,Ingeniería y Tecnología,Estudiante
67c7b20bea99f7e639a6ee70,Psicología,Ciencias Sociales y Humanidades,Bachiller
67c7b20bea99f7e639a6ee70,Certificate,Otros,
67c7b20bea99f7e639a6ee70,Certificate,Otros,
67c7b20bea99f7e639a6ee70,Educación Secundaria,Ciencias Sociales y Humanidades,Diplomado
67c7b20bea99f7e639a6ee70,Certificate,Otros,
67c7ce47ea99f7e639a6eee0,Ingeniería Mecatrónica,Ingeniería y Tecnología,Estudiante
67c78f0eea99f7e639a6ede7,,,Estudiante
67b7ce81ae69bca4717074f9,Human Resources Analytics,Otros,Certificado
67b7ce81ae69bca4717074f9,Python Data Structures,Otros,Certificado
67b7ce81ae69bca4717074f9,Using Python to Access Web Data,Otros,Certificado
67b7ce81ae69bca4717074f9,Normativa Ambiental Aplicable en el SEIA,Ingeniería y Tecnología,Otros
67b7ce81ae69bca4717074f9,Certificado académico en Políticas Públicas,Otros,Certificado
67b7ce81ae69bca4717074f9,Sistema de Evaluación de Impacto Ambiental (SEIA),Ingeniería y Tecnología,Otros
67b7ce81ae69bca4717074f9,Título profesional de Sociólogo,Otros,Bachiller
67b7ce81ae69bca4717074f9,"Diplomado en Ordenamiento Territorial, Regional y Local",Otros,Diplomado
67b7ce81ae69bca4717074f9,Programming for Everybody (Getting Started with Python),Otros,Certificado
67b7ce81ae69bca4717074f9,Participación Ciudadana en el Sistema de Evaluación de Impacto Ambiental,Ingeniería y Tecnología,Otros
67c8f6f8ea99f7e639a6f20d,Educación Secundaria,Ciencias Sociales y Humanidades,Otros
67c8f6f8ea99f7e639a6f20d,Administración de Negocios Internacionales,Administración y Negocios,Bachiller
67c8f6f8ea99f7e639a6f20d,Primary Education,Otros,Otros
67c8f6f8ea99f7e639a6f20d,Administración de Negocios Internacionales,Administración y Negocios,Estudiante
67c917b2ea99f7e639a6f2d2,Comunicación Audiovisual,Ciencias Sociales y Humanidades,Certificado
67c23a2196976af496055449,Curso de inglés,Ciencias Sociales y Humanidades,Certificado
67c23a2196976af496055449,Administración de Negocios Internacionales,Administración y Negocios,Estudiante
67c23a2196976af496055449,Curso de Excel,Otros,Certificado
67c9afd5ea99f7e639a6f3b6,Describe the business value of the Microsoft Power Platform,Otros,Certificado
67c9afd5ea99f7e639a6f3b6,Describe how to build applications with Microsoft Power App,Otros,Certificado
67c9afd5ea99f7e639a6f3b6,Ciberseguridad: Ethical Hacking (C|EH),Otros,Certificado
67c9afd5ea99f7e639a6f3b6,Estudiante de Ingeniería de Sistemas Empresariales,Ingeniería y Tecnología,Estudiante
67c9afd5ea99f7e639a6f3b6,Describe building automation with Microsoft Power Automate,Otros,Certificado
67c9afbcea99f7e639a6f38c,Formación de Revit,Otros,Certificado
67c9afbcea99f7e639a6f38c,Revit para Proyectos Reales,Otros,Certificado
67c9afbcea99f7e639a6f38c,Visualización en Arquitectura,Arquitectura y Diseño,Certificado
67c9afbcea99f7e639a6f38c,Arquitectura,Arquitectura y Diseño,Estudiante
67c9afbcea99f7e639a6f38c,Curso de Renderización,Otros,Certificado
67c9afdfea99f7e639a6f3c5,Administración de Empresas,Administración y Negocios,Bachiller
67c9aff9ea99f7e639a6f3e2,Administración de negocios internacionales,Administración y Negocios,Estudiante
67c9afb6ea99f7e639a6f384,Ingeniería económica y de Negocios,Ingeniería y Tecnología,Estudiante
67c9afb6ea99f7e639a6f384,Especialización en Power BI,Otros,Certificado
67c9afe0ea99f7e639a6f3cb,Power BI,Otros,Certificado
67c9afe0ea99f7e639a6f3cb,RStudio,Otros,Certificado
67c9afe0ea99f7e639a6f3cb,Microsoft Excel,Otros,Certificado
67c9afe0ea99f7e639a6f3cb,Ingeniería Económica y de Negocios,Ingeniería y Tecnología,Estudiante
67c9b018ea99f7e639a6f478,Ingeniería Económica y de Negocios,Ingeniería y Tecnología,Estudiante
67c9b018ea99f7e639a6f478,Especialista en Power BI,Otros,Certificado
67c9b018ea99f7e639a6f478,Excel,Otros,Certificado
67c9b021ea99f7e639a6f4cd,Atención al Cliente para Agencias de Viajes,Otros,Certificado
67c9b021ea99f7e639a6f4cd,Inglés Intermedio,Ciencias Sociales y Humanidades,Certificado
67c9b021ea99f7e639a6f4cd,Administración de Empresas,Administración y Negocios,Bachiller
67c9b021ea99f7e639a6f4cd,Inglés Avanzado,Ciencias Sociales y Humanidades,Certificado
67c9b02cea99f7e639a6f53b,Idioma Inglés Básico e Intermedio,Ciencias Sociales y Humanidades,Certificado
67c9b02cea99f7e639a6f53b,Idioma Portugués Básico,Otros,Certificado
67c9b02cea99f7e639a6f53b,Idioma Inglés Avanzado,Ciencias Sociales y Humanidades,Certificado
67c9b02cea99f7e639a6f53b,Pregrado en Comunicación y Publicidad,Ciencias Sociales y Humanidades,Estudiante
67c9b017ea99f7e639a6f472,Ingeniería Económica y de Negocios,Ingeniería y Tecnología,Estudiante
67c9b004ea99f7e639a6f402,Marketing y administración de empresas,Administración y Negocios,Estudiante
67c9b004ea99f7e639a6f402,Certified EdEx,Otros,Certificado
67c9b004ea99f7e639a6f402,Branding y Estrategia de marca,Otros,Otros
67c9b00dea99f7e639a6f432,Certificación en Microsoft Excel Avanzado,Otros,Certificado
67c9b00dea99f7e639a6f432,Ingeniería de Sistemas Empresariales,Ingeniería y Tecnología,Estudiante
67c9b071ea99f7e639a6f6c7,Modelamiento de datos en SQL,Otros,Certificado
67c9b071ea99f7e639a6f6c7,Excel avanzado,Otros,Certificado
67c9b071ea99f7e639a6f6c7,Curso de Empatía,Otros,Certificado
67c9b071ea99f7e639a6f6c7,DATA ANALYTICS POWER BI,Otros,Certificado
67c9b071ea99f7e639a6f6c7,Bachiller en Administración de Empresas,Administración y Negocios,Bachiller
67c9b003ea99f7e639a6f3fc,Proyecto Universitario: Investigación de Mercado sobre Estimulantes Orgánicos,Otros,Otros
67c9b003ea99f7e639a6f3fc,Curso de Marketing,Administración y Negocios,Certificado
67c9b003ea99f7e639a6f3fc,Curso de Derecho Tributario 1,Ciencias Sociales y Humanidades,Certificado
67c9b003ea99f7e639a6f3fc,Ingeniería Económica y de Negocios,Ingeniería y Tecnología,Estudiante
67c9b01bea99f7e639a6f489,Estudiante destacado Intermedio,Otros,Estudiante
67c9b01bea99f7e639a6f489,Ingeniería económica y de negocios,Ingeniería y Tecnología,Estudiante
67c9b050ea99f7e639a6f5c7,Psicología Clínica,Ciencias Sociales y Humanidades,Estudiante
67c9b01aea99f7e639a6f480,Ingeniería de Sistemas Empresariales,Ingeniería y Tecnología,Estudiante
67c9b0a1ea99f7e639a6f838,Marketing y administración,Administración y Negocios,Estudiante
67c9b015ea99f7e639a6f455,Administración de Empresas,Administración y Negocios,Estudiante
67c9b015ea99f7e639a6f455,Finanzas Personales con el ABC del BCP,Economía y Finanzas,Certificado
67c9b1a2ea99f7e639a6fdac,PORTUGUÉS,Otros,Certificado
67c9b1a2ea99f7e639a6fdac,PSICOLOGÍA,Ciencias Sociales y Humanidades,Estudiante
67c9b1a2ea99f7e639a6fdac,INGLÉS,Ciencias Sociales y Humanidades,Certificado
67c9b1a2ea99f7e639a6fdac,EXCEL,Otros,Certificado
67c9afecea99f7e639a6f3d7,"Gestión, programación y evaluación en proyectos ambientales",Ingeniería y Tecnología,Certificado
67c9afecea99f7e639a6f3d7,Inglés,Ciencias Sociales y Humanidades,Certificado
67c9afecea99f7e639a6f3d7,Ingeniería Agroforestal,Ingeniería y Tecnología,Estudiante
67c9afecea99f7e639a6f3d7,Producción sostenible y abonos orgánicos,Otros,Certificado
67c9b206ea99f7e639a70027,Taller de Building Talent,Otros,Certificado
67c9b206ea99f7e639a70027,Curso de Excel completo,Otros,Certificado
67c9b206ea99f7e639a70027,Administración de Empresas,Administración y Negocios,Bachiller
67c9afd7ea99f7e639a6f3bc,Curso de Community Management,Administración y Negocios,Certificado
67c9afd7ea99f7e639a6f3bc,Comunicación y Publicidad,Ciencias Sociales y Humanidades,Bachiller
67c9b062ea99f7e639a6f690,Emprendimiento estratégico,Otros,Certificado
67c9b062ea99f7e639a6f690,Creando Impacto con tu Marca Personal,Otros,Certificado
67c9b062ea99f7e639a6f690,Administración de Negocios Internacionales,Administración y Negocios,Estudiante
67c9b580ea99f7e639a70564,Derecho,Ciencias Sociales y Humanidades,Estudiante
67c9b580ea99f7e639a70564,Inglés,Ciencias Sociales y Humanidades,Estudiante
67c9b927ea99f7e639a705f5,Auxiliar de Despacho Aduanero,Otros,Certificado
67c9b927ea99f7e639a705f5,Administración y Negocios Internacionales,Administración y Negocios,Bachiller
67c9c5fbea99f7e639a7064a,Ciencias Biológicas,Otros,Bachiller
67c9c5fbea99f7e639a7064a,Microsoft Office,Otros,Certificado
67c9c5fbea99f7e639a7064a,Microsoft Excel,Otros,Certificado
67c9c5fbea99f7e639a7064a,Inglés,Ciencias Sociales y Humanidades,Certificado
67c9d23a7db9e0ba32ba189f,Curso,Otros,Certificado
67c9d23a7db9e0ba32ba189f,Taller,Otros,Certificado
67c9d23a7db9e0ba32ba189f,Curso,Otros,Certificado
67c9d23a7db9e0ba32ba189f,Bachiller en Ciencias Sociales,Otros,Otros
67c9d23a7db9e0ba32ba189f,Curso,Otros,Certificado
67c9d23a7db9e0ba32ba189f,Curso,Otros,Certificado
67c9d23a7db9e0ba32ba189f,Ingeniera en Administración de Empresas Turísticas y Hoteleras,Administración y Negocios,Bachiller
67c9d23a7db9e0ba32ba189f,Taller,Otros,Certificado
67c9d23a7db9e0ba32ba189f,Participación,Otros,Otros
67c9d23a7db9e0ba32ba189f,Taller,Otros,Certificado
67c9d23a7db9e0ba32ba189f,Taller,Otros,Certificado
67c9e2cc7db9e0ba32ba1959,Ingeniería Empresarial y de Sistemas,Ingeniería y Tecnología,Estudiante
67c9e2cc7db9e0ba32ba1959,Administración de Redes y Seguridad Informática,Ingeniería y Tecnología,Estudiante
67c9ff8a7db9e0ba32ba1a0a,Estudiante,Otros,Estudiante
67c9ff8a7db9e0ba32ba1a0a,Administración,Administración y Negocios,Estudiante
67c9ff8a7db9e0ba32ba1a0a,Estudiante,Otros,Estudiante
67c9ff8a7db9e0ba32ba1a0a,Estudiante,Otros,Estudiante
67ca72fb7db9e0ba32ba1b7f,ECONOMÍA,Economía y Finanzas,Bachiller
67cb8aad7db9e0ba32ba1f50,Administración y Marketing,Administración y Negocios,Bachiller
67cb8aad7db9e0ba32ba1f50,Marketing,Administración y Negocios,Bachiller
67cb8aad7db9e0ba32ba1f50,Educación Secundaria,Ciencias Sociales y Humanidades,Otros
67cb8aad7db9e0ba32ba1f50,Preparación Preuniversitaria,Otros,Otros
67cc8beebcb6cf4c7067ddad,Diplomado en planificación minera,Otros,Diplomado
67cc8beebcb6cf4c7067ddad,Diplomado en Gerencia de Proyectos Bajo el enfoque PMI,Otros,Diplomado
67cc8beebcb6cf4c7067ddad,Alumno Décimo Superior,Otros,Otros
67cc8beebcb6cf4c7067ddad,Ingeniero de Minas,Otros,Bachiller
67cc8beebcb6cf4c7067ddad,Bachiller en Ingeniería de Sistemas,Ingeniería y Tecnología,Bachiller
67cc8beebcb6cf4c7067ddad,Diplomado en Dirección Estratégica de Costos,Otros,Diplomado
67cc8beebcb6cf4c7067ddad,Curso Fundamentos de Simulación con Arena,Otros,Certificado
67cc8beebcb6cf4c7067ddad,Curso de capacitación en comunicación y negociación estratégica,Ciencias Sociales y Humanidades,Certificado
67cc8beebcb6cf4c7067ddad,Curso Whittle,Otros,Certificado
67cc8beebcb6cf4c7067ddad,Integrated Strategic Planning Seminar,Otros,Certificado
67cc8beebcb6cf4c7067ddad,Curso de planeamiento de minado a largo plazo,Otros,Certificado
67cc8beebcb6cf4c7067ddad,Curso de MS-Stope y MS-Atlas,Otros,Certificado
67cc8beebcb6cf4c7067ddad,Curso de Deswik para Underground,Otros,Certificado
67cc8beebcb6cf4c7067ddad,Curso de Deswik para Open Pit,Otros,Certificado
67cc8beebcb6cf4c7067ddad,,,Certificado
67cc8beebcb6cf4c7067ddad,Curso de Diseño de Tajos Abiertos con el Software Qpit,Ingeniería y Tecnología,Certificado
67cc8beebcb6cf4c7067ddad,Curso Planificación de Minas,Otros,Certificado
67c9afe0ea99f7e639a6f3d1,Análisis de datos en RStudio,Otros,Certificado
67c9afe0ea99f7e639a6f3d1,Inglés avanzado,Ciencias Sociales y Humanidades,Certificado
67c9afe0ea99f7e639a6f3d1,Administración de Negocios Internacionales,Administración y Negocios,Bachiller
67c9aff4ea99f7e639a6f3dc,Marketing Digital,Administración y Negocios,Certificado
67c9aff4ea99f7e639a6f3dc,Community Manager,Otros,Certificado
67c9aff4ea99f7e639a6f3dc,Administración y Marketing,Administración y Negocios,Estudiante
67cf2096018a11656b650fe7,Estudiante de Séptimo ciclo,Otros,Estudiante
67cf66ee018a11656b651074,Curso básico de tributación y aduanas,Otros,Certificado
67cf66ee018a11656b651074,Administración,Administración y Negocios,Bachiller
67cf66ee018a11656b651074,"Capacitación en Excel, Power Point y Word Intermedio",Otros,Certificado
67cf66ee018a11656b651074,Diploma en gestión empresarial,Administración y Negocios,Diplomado
67cf66ee018a11656b651074,Estudios en inglés a nivel básico,Ciencias Sociales y Humanidades,Otros
67abf31080922a3d7cf101b5,Networking Essentials,Otros,Certificado
67c9b006ea99f7e639a6f408,SAP Integral,Otros,Certificado
67c9b006ea99f7e639a6f408,BUILDING TALENT,Otros,Certificado
67c9b006ea99f7e639a6f408,Declaraciones de nóminas y mensuales – SUNAT,Otros,Certificado
67c9b006ea99f7e639a6f408,Gestión de Recursos Humanos,Administración y Negocios,Certificado
67c9b006ea99f7e639a6f408,Administración de empresas,Administración y Negocios,Estudiante
67c9b006ea99f7e639a6f408,Administración de empresas,Administración y Negocios,Diplomado
67d1b2765c1ccfdbfd2381d5,Gestión de cadena de suministro,Administración y Negocios,Certificado
67d1b2765c1ccfdbfd2381d5,Gestión comercial y empresarial,Administración y Negocios,Certificado
67d1b2765c1ccfdbfd2381d5,DISEÑO DE PÁGINAS WEB,Arquitectura y Diseño,Certificado
67d1b2765c1ccfdbfd2381d5,ADMINISTRACIÓN DE EMPRESAS Y GERENCIA DEL EMPRENDIMIENTO,Administración y Negocios,Maestría
67d1b2765c1ccfdbfd2381d5,TITULADO DE ADMINISTRACIÓN DE EMPRESAS,Administración y Negocios,Bachiller
67d1b2765c1ccfdbfd2381d5,Atención al cliente y Marketing empresarial,Administración y Negocios,Certificado
67d1c1935c1ccfdbfd2382a2,Entrenamiento e inserción laboral / Excel básico-intermedio-avanzado,Otros,Certificado
67d1c1935c1ccfdbfd2382a2,Administración de Redes y Seguridad Informática,Ingeniería y Tecnología,Estudiante
67d1c1935c1ccfdbfd2382a2,Desarrollo web y plataformas / Oracle,Otros,Certificado
67d1c1935c1ccfdbfd2382a2,Ingeniería Empresarial y de Sistemas,Ingeniería y Tecnología,Estudiante
67d1c1935c1ccfdbfd2382a2,Perú Digital / Power BI,Otros,Certificado
67d1c1935c1ccfdbfd2382a2,Metodologías Ágiles / Scrum,Otros,Certificado
67d22f8e5c1ccfdbfd238409,Gestión de Proyectos con Metodologías Ágiles y enfoques Lean,Administración y Negocios,Certificado
67d22f8e5c1ccfdbfd238409,Especialista en Excel 2016,Otros,Certificado
67d22f8e5c1ccfdbfd238409,Diplomado de Gestión de Proyectos,Administración y Negocios,Diplomado
67d22f8e5c1ccfdbfd238409,Bachiller en Ingeniería Industrial,Ingeniería y Tecnología,Bachiller
67d22f8e5c1ccfdbfd238409,Gestión de Procesos de Mejora Continua,Administración y Negocios,Certificado
67d238b15c1ccfdbfd23851a,Atención de Clientes por canales digitales,Otros,Certificado
67d238b15c1ccfdbfd23851a,Administrador de Empresas,Otros,Bachiller
67d238b15c1ccfdbfd23851a,"Especialización en Ofimática Empresarial, Análisis de sistemas informáticos/Analista",Ingeniería y Tecnología,Diplomado
67d238b15c1ccfdbfd23851a,"Curso Buyer Persona, Marketing/Gestión de marketing, general",Administración y Negocios,Certificado
67d238b15c1ccfdbfd23851a,Curso Gestión Comercial en Ventas,Administración y Negocios,Certificado
67d238a15c1ccfdbfd2384f0,Comunicación y Publicidad,Ciencias Sociales y Humanidades,Bachiller
67d238a15c1ccfdbfd2384f0,Clima Laboral y Diversidad,Otros,Certificado
67d238a15c1ccfdbfd2384f0,Especialización en Gestión de la Cultura Organizacional,Administración y Negocios,Certificado
67d238a15c1ccfdbfd2384f0,Marketing de Contenidos,Administración y Negocios,Certificado
67d238ae5c1ccfdbfd238513,Educación Secundaria,Ciencias Sociales y Humanidades,Otros
67d238ae5c1ccfdbfd238513,Psicología,Ciencias Sociales y Humanidades,Bachiller
67d238ae5c1ccfdbfd238513,Primaria,Otros,Otros
67d2433891d91c730b507646,Técnica,Otros,Diplomado
67d2433891d91c730b507646,Administración de Empresas,Administración y Negocios,Bachiller
67d2518891d91c730b5078ec,Programa Para Ejecutivos Comerciales,Administración y Negocios,Otros
67d2518891d91c730b5078ec,MARKETING Y ADMINISTRACIÓN,Administración y Negocios,Bachiller
67c8a702ea99f7e639a6efb6,Inglés - Nivel Básico,Ciencias Sociales y Humanidades,Certificado
67c8a702ea99f7e639a6efb6,Microsoft Word - Nivel Avanzado,Otros,Certificado
67c8a702ea99f7e639a6efb6,Bachiller en Ciencias Económicas con mención en Economía,Economía y Finanzas,Bachiller
67c8a702ea99f7e639a6efb6,Microsoft Project,Otros,Certificado
67c8a702ea99f7e639a6efb6,Power BI (Inteligencia de Negocios con PB),Administración y Negocios,Certificado
67c8a702ea99f7e639a6efb6,Procedimiento de Resolución de Reclamos en Materia Tributaria,Otros,Certificado
67c8a702ea99f7e639a6efb6,Integridad en la Función Pública,Otros,Certificado
67c8a702ea99f7e639a6efb6,Gestión del Sistema Electrónico de Contrataciones del Estado,Administración y Negocios,Certificado
67c8a702ea99f7e639a6efb6,Materia Registral para No Especialistas,Otros,Certificado
67c8a702ea99f7e639a6efb6,Gestión Pública,Administración y Negocios,Certificado
67c8a702ea99f7e639a6efb6,Administración y Gestión Municipal,Administración y Negocios,Certificado
67c8a702ea99f7e639a6efb6,Microsoft PowerPoint,Otros,Certificado
67c8a702ea99f7e639a6efb6,Microsoft Excel - Nivel Avanzado,Otros,Certificado
67abf31080922a3d7cf101b5,"CCNAv7: Switching, Routng and Wireless Essental",Otros,Certificado
67abf31080922a3d7cf101b5,Linux Unhatched,Otros,Certificado
67d7c0df19400df4d0381aab,Growth Marketing,Administración y Negocios,Certificado
67d7c0df19400df4d0381aab,Programa Especializado en Growth Hacking y Estrategia Digital,Otros,Estudiante
67d7c0df19400df4d0381aab,Inteligencia Artificial para Emprendedores,Otros,Certificado
67d7c0df19400df4d0381aab,Diseño Gráfico,Arquitectura y Diseño,Otros
67d7c0df19400df4d0381aab,Administración de Empresas,Administración y Negocios,Bachiller
67d7c0df19400df4d0381aab,Service Design,Arquitectura y Diseño,Certificado
67d7c0df19400df4d0381aab,Introducción al Design Thinking,Arquitectura y Diseño,Certificado
67d7c0df19400df4d0381aab,Gestión Cultural y Desarrollo de Emprendimientos Culturales,Administración y Negocios,Certificado
67d7c0df19400df4d0381aab,Fundamentos de UX-UI,Otros,Certificado
67d7c0df19400df4d0381aab,Publicidad en Redes Avanzado,Ingeniería y Tecnología,Certificado
67d7c0df19400df4d0381aab,Inbound Marketing,Administración y Negocios,Certificado
67d8b8f219400df4d0381b61,Gestión de proyectos sociales en minería,Administración y Negocios,Certificado
67d8b8f219400df4d0381b61,Diplomado de Especialización en Recursos Humanos,Administración y Negocios,Diplomado
67d8b8f219400df4d0381b61,Diplomado en Gestión de Relaciones Comunitarias y Conflictos Socio ambientales en el sector Minero,Ingeniería y Tecnología,Diplomado
67d8b8f219400df4d0381b61,Inteligencia Emocional aplicado a la minería,Otros,Certificado
67d8b8f219400df4d0381b61,Google Project Management,Administración y Negocios,Certificado
67d8b8f219400df4d0381b61,Taller de formulación de proyectos,Otros,Certificado
67d8b8f219400df4d0381b61,Gestión Sostenible del agua,Administración y Negocios,Certificado
67d8b8f219400df4d0381b61,Legislación laboral: modalidades de contrato,Otros,Certificado
67d8b8f219400df4d0381b61,Ingeniería Comercial,Ingeniería y Tecnología,Bachiller
67d8b8f219400df4d0381b61,Prompt Engineering con ChatGPT,Ingeniería y Tecnología,Certificado
67d8b8f219400df4d0381b61,PM4R Agile: mentalidad ágil en proyectos de desarrollo,Otros,Certificado
67d908e919400df4d0381c15,Beca Permanencia,Otros,Certificado
67d908e919400df4d0381c15,Certificate,Otros,Certificado
67d908e919400df4d0381c15,Administración,Administración y Negocios,Estudiante
67d99cf419400df4d0381e19,Inglés,Ciencias Sociales y Humanidades,Certificado
67d99cf419400df4d0381e19,Excel Specialist,Otros,Certificado
67d99cf419400df4d0381e19,Beca Continuidad de estudios,Otros,Certificado
67d99cf419400df4d0381e19,Derecho,Ciencias Sociales y Humanidades,Estudiante
67d9a04d19400df4d0381e5d,Excel con Macros y VBA,Otros,Certificado
67d9a04d19400df4d0381e5d,Inglés,Ciencias Sociales y Humanidades,Certificado
67d9a04d19400df4d0381e5d,Ingeniería Mecatrónica,Ingeniería y Tecnología,Estudiante
67d9a04d19400df4d0381e5d,Excel Avanzado 2019,Otros,Certificado
67d9a04d19400df4d0381e5d,MATLAB Básico - Intermedio,Otros,Certificado
67d9a04d19400df4d0381e5d,Automatización Industrial con PLC,Ingeniería y Tecnología,Certificado
67d9a04d19400df4d0381e5d,Excel para Negocios II & III,Administración y Negocios,Certificado
67d9a04d19400df4d0381e5d,Excel Intermedio 2019,Otros,Certificado
67d9a04d19400df4d0381e5d,Diseño en Autodesk INVENTOR 2024,Arquitectura y Diseño,Certificado
67d9a04d19400df4d0381e5d,Dibujo de Ingeniería en AutoCAD 2024,Ingeniería y Tecnología,Certificado
67d9a04d19400df4d0381e5d,Excel Básico 2019,Otros,Certificado
67d9a04d19400df4d0381e5d,SPSS Básico,Otros,Certificado
67d9a04d19400df4d0381e5d,Learn SQL Basics for Data Science,Ingeniería y Tecnología,Certificado
67d9a04d19400df4d0381e5d,Parlamento Joven 2024,Otros,Certificado
67d9a04d19400df4d0381e5d,Excel Skills for Business: Intermediate II,Otros,Certificado
67d9a04d19400df4d0381e5d,Excel Skills for Business: Advanced,Otros,Certificado
67d9a04d19400df4d0381e5d,SQL Básico para Ciencia de Datos,Ingeniería y Tecnología,Certificado
67d9c62319400df4d0381f13,Introduction to Programming with MATLAB,Otros,Certificado
67d9c62319400df4d0381f13,Ingeniería Mecatrónica,Ingeniería y Tecnología,Bachiller
67db10ed4cf5ce798589779e,Estudiante de Negocios Internacionales,Administración y Negocios,Estudiante
67db10ed4cf5ce798589779e,Educación Secundaria,Ciencias Sociales y Humanidades,Otros
67db953c4cf5ce798589791a,Sanidad Vegetal,Otros,Certificado
67db953c4cf5ce798589791a,PCR y Electroforesis,Otros,Certificado
67db953c4cf5ce798589791a,Bacterial Genomes I: From DNA to protein function using bioinformatics,Otros,Certificado
67db953c4cf5ce798589791a,Biorreactores y Bioprocesos,Otros,Certificado
67db953c4cf5ce798589791a,Ofimática Empresarial Intermedio,Otros,Certificado
67db953c4cf5ce798589791a,Biotecnología,Ingeniería y Tecnología,Bachiller
67db953c4cf5ce798589791a,PCR Digital,Otros,Certificado
67dc8b754cf5ce7985897b03,Psicología,Ciencias Sociales y Humanidades,Bachiller
67dc8b754cf5ce7985897b03,Certificado de participación cívica censal,Otros,Certificado
67dc8b754cf5ce7985897b03,Reclutamiento y Selección,Otros,Certificado
67dc8b754cf5ce7985897b03,Inglés básico,Ciencias Sociales y Humanidades,Certificado
67dc8b754cf5ce7985897b03,Propuestas y contribuciones de la psicología para la nueva normalidad,Ciencias Sociales y Humanidades,Otros
67dccdcd4cf5ce7985897b7e,Programa Especializado,Otros,Certificado
67dccdcd4cf5ce7985897b7e,Finanzas e Inversiones,Economía y Finanzas,Certificado
67dccdcd4cf5ce7985897b7e,Data Science,Ingeniería y Tecnología,Certificado
67dccdcd4cf5ce7985897b7e,BIFPC™,Otros,Certificado
67dccdcd4cf5ce7985897b7e,IA Engineer,Otros,Certificado
67dccdcd4cf5ce7985897b7e,Ingeniería Agrónoma,Ingeniería y Tecnología,Bachiller
67dd934b4cf5ce7985897c67,Curso de Excel (I-II-III),Otros,Certificado
67dd934b4cf5ce7985897c67,Estudiante del Cuarto Año,Otros,Estudiante
67dd934b4cf5ce7985897c67,Curso de Asistente Administrativo,Otros,Certificado
67dd934b4cf5ce7985897c67,Fomentando la resiliencia empresarial a través de estrategias y prácticas financieras,Otros,Otros
67ddb1e44cf5ce7985897d22,Asistente de Comercio Internacional,Otros,Certificado
67ddb1e44cf5ce7985897d22,Inglés,Ciencias Sociales y Humanidades,Estudiante
67ddb1e44cf5ce7985897d22,Administración y Negocios Internacionales,Administración y Negocios,Estudiante
67de59c54cf5ce7985897d78,Inglés B2,Ciencias Sociales y Humanidades,Otros
67de59c54cf5ce7985897d78,Italiano A2,Otros,Otros
67de59c54cf5ce7985897d78,Curso de Análisis Competitivo e Investigación de palabras clave,Otros,Otros
67de59c54cf5ce7985897d78,Marketing y Administración,Administración y Negocios,Estudiante
67de59c54cf5ce7985897d78,Certificado Profesional de Marketing Digital,Administración y Negocios,Certificado
67dedc184cf5ce7985897e8f,Ingeniería Química,Ingeniería y Tecnología,Estudiante
67abf63980922a3d7cf10400,Google Ads Search,Otros,Certificado
67abf63980922a3d7cf10400,Google Ads Display,Otros,
67abf63980922a3d7cf10400,Business English,Otros,Certificado
67abf63980922a3d7cf10400,Google Ads Video,Otros,Certificado
67abf63980922a3d7cf10400,Introduction to Data Science,Ingeniería y Tecnología,Certificado
67e0abcc4cf5ce7985897fa1,Office Intermedio,Otros,Certificado
67e0abcc4cf5ce7985897fa1,Especialista en Power Bi,Otros,Certificado
67e0abcc4cf5ce7985897fa1,Ingeniería Ambiental,Ingeniería y Tecnología,Bachiller
67e0abcc4cf5ce7985897fa1,"Sistemas Integrados de Gestión - HSEQ (ISO 45001, ISO 14001, ISO 9001)",Ingeniería y Tecnología,Certificado
67e0abcc4cf5ce7985897fa1,Microsoft Excel Intermedio,Otros,Certificado
67e0abcc4cf5ce7985897fa1,Diplomado en SSOMA,Otros,Diplomado
67e22ada4cf5ce798589808f,Ingeniería Mecatrónica,Ingeniería y Tecnología,Estudiante
67e4cccc4cf5ce798589815f,Ingeniería Ambiental,Ingeniería y Tecnología,Bachiller
67e4cccc4cf5ce798589815f,Curso de Monitoreo y Evaluación de Parámetros Electroquímicos de la Calidad de Cuerpos de Agua,Otros,Certificado
67e4cccc4cf5ce798589815f,Curso de Especialización en Gestión y Evaluación de Impacto Ambiental,Ingeniería y Tecnología,Certificado
67e4cccc4cf5ce798589815f,Curso de Fiscalización Ambiental,Ingeniería y Tecnología,Certificado
67e4cccc4cf5ce798589815f,Entrenamiento Presencial en Coagulación y Floculación en Aguas Residuales,Otros,Certificado
67e5748a4cf5ce7985898228,Becario del Programa Talento COFIDE,Otros,Otros
67e5748a4cf5ce7985898228,Titulo Profesional de Economista con mención en Negocios Internacionales,Administración y Negocios,Otros
67e5748a4cf5ce7985898228,Finanzas Avanzadas,Economía y Finanzas,Certificado
67e5748a4cf5ce7985898228,Trading e Inversiones,Otros,Certificado
67e6b8ad4cf5ce798589835c,Ingeniería Industrial y Comercial,Ingeniería y Tecnología,Estudiante
67e4de724cf5ce79858981dc,Bachiller en Ingeniería Industrial,Ingeniería y Tecnología,Bachiller
67e4de724cf5ce79858981dc,Data Vizualization with Python,Otros,Certificado
67e4de724cf5ce79858981dc,Data Analysis with Python,Otros,Certificado
67e4de724cf5ce79858981dc,Innovación en Negocios,Administración y Negocios,Certificado
67e4de724cf5ce79858981dc,Métodos Ágiles,Otros,Certificado
67eb338b4cf5ce798589850f,Business Engineering,Ingeniería y Tecnología,Bachiller
67eb338b4cf5ce798589850f,International Business,Otros,Bachiller
67eb339e4cf5ce7985898534,Ingeniería Industrial,Ingeniería y Tecnología,Estudiante
67eb339e4cf5ce7985898534,Taller Global Leadership Skills,Otros,Certificado
67eb339e4cf5ce7985898534,Seguridad Industrial,Ingeniería y Tecnología,Certificado
67eb339e4cf5ce7985898534,Oratoria y Liderazgo,Otros,Certificado
67eb33b94cf5ce7985898582,Inglés avanzado 3,Ciencias Sociales y Humanidades,Certificado
67eb33b94cf5ce7985898582,Ingeniería Industrial y Comercial,Ingeniería y Tecnología,Estudiante
67eb33b94cf5ce7985898582,Educación Secundaria,Ciencias Sociales y Humanidades,Otros
67eb33724cf5ce79858984e4,Educación Secundaria,Ciencias Sociales y Humanidades,Otros
67eb33724cf5ce79858984e4,Ingeniería Industrial y Comercial,Ingeniería y Tecnología,Estudiante
67eb337b4cf5ce7985898504,Ingeniería Industrial y Comercial,Ingeniería y Tecnología,Estudiante
67eb33a14cf5ce798589853a,Ingeniería Industrial y Comercial,Ingeniería y Tecnología,Bachiller
67eb33a14cf5ce798589853a,Educación Secundaria,Ciencias Sociales y Humanidades,Otros
67eb33a14cf5ce798589853a,Primaria,Otros,Otros
67eb341c4cf5ce7985898733,Bachiller en Ingeniería Industrial y Comercial,Ingeniería y Tecnología,Bachiller
67eb341c4cf5ce7985898733,Power BI - Básico/Intermedio,Otros,Certificado
67eb341c4cf5ce7985898733,Inglés Básico-Intermedio,Ciencias Sociales y Humanidades,Certificado
67eb341c4cf5ce7985898733,Excel - Intermedio/ Avanzado,Otros,Certificado
67eb34624cf5ce7985898848,Ingeniero Empresarial,Otros,Estudiante
67eb33724cf5ce79858984e4,Repostería,Otros,Otros
67eb347b4cf5ce7985898851,Ingeniería Empresarial,Ingeniería y Tecnología,Estudiante
67eb347b4cf5ce7985898851,Tercio superior,Otros,Otros
67eb3af74cf5ce7985898dcf,Maestría en Administración con Mención en Dirección de RRHH,Administración y Negocios,Maestría
67eb3af74cf5ce7985898dcf,Licenciatura en Administración de Negocios Internacionales,Administración y Negocios,Bachiller
67eb3af74cf5ce7985898dcf,Bachiller en Administración de Negocios Internacionales,Administración y Negocios,Otros
67eb3af74cf5ce7985898dcf,Diplomado en Gestión de RRHH,Administración y Negocios,Diplomado
67eb3af74cf5ce7985898dcf,Excel Intermedio,Otros,Certificado
67ed873f4cf5ce7985899007,Comunicaciones – Publicidad y Marketing,Administración y Negocios,Bachiller
67b78e62ae69bca4717070ac,Diplomado en Procesos y Mejora Continua,Otros,Diplomado
67bf6d4b9ea42ee308b14261,Administración,Administración y Negocios,Bachiller
67bf6d4b9ea42ee308b14261,Gestión y Alta Dirección,Administración y Negocios,Maestría
67bf6d4b9ea42ee308b14261,Tributación y Aduanas,Otros,Certificado
67eef4d04cf5ce7985899304,Ingeniería Industrial y Comercial,Ingeniería y Tecnología,Bachiller
67eef4d04cf5ce7985899304,Negocios Internacionales,Administración y Negocios,Bachiller
67eef4d04cf5ce7985899304,Curso de Inglés,Ciencias Sociales y Humanidades,Certificado
67eef4d04cf5ce7985899304,Educación Secundaria,Ciencias Sociales y Humanidades,Diplomado
67eef4e74cf5ce798589930b,Ingeniería Industrial y Comercial,Ingeniería y Tecnología,Estudiante
67eef4e74cf5ce798589930b,Promoción,Otros,Otros
67eef5aa4cf5ce79858993e8,Junior Entrepreneurs Program,Otros,Certificado
67eef5aa4cf5ce79858993e8,Industrial and Commercial Engineering,Ingeniería y Tecnología,Estudiante
67eef6204cf5ce798589944b,Ingeniería Industrial y Comercial,Ingeniería y Tecnología,Bachiller
67eef6204cf5ce798589944b,Microsoft Intermedio,Otros,Certificado
67eef6204cf5ce798589944b,Inglés Intermedio,Ciencias Sociales y Humanidades,Certificado
67eef6204cf5ce798589944b,Power BI intermedio,Otros,Certificado
67eeffca4cf5ce7985899496,Gestión y Alta Dirección,Administración y Negocios,Maestría
67eeffca4cf5ce7985899496,Tributación y Aduanas,Otros,Certificado
67eeffca4cf5ce7985899496,Administración,Administración y Negocios,Bachiller
67f0d06d4cf5ce7985899656,Especializado en Excel Intermedio,Otros,Certificado
67f0d06d4cf5ce7985899656,Administración de empresas,Administración y Negocios,Estudiante
67e4de724cf5ce79858981dc,Especialización de Ciencia de Datos e IA con Python,Ingeniería y Tecnología,Certificado
67f41be34cf5ce79858999d0,"Intercambio académico internacional en la facultad de Psicología, mención Organizacional",Ciencias Sociales y Humanidades,Otros
67f41be34cf5ce79858999d0,Psicología Organizacional y de la Gestión Humana,Administración y Negocios,Bachiller
67f43eb24cf5ce7985899a15,Traducción e Interpretación,Otros,Otros
67f43eb24cf5ce7985899a15,Inglés,Ciencias Sociales y Humanidades,Certificado
67f442114cf5ce7985899aaa,Administración de Negocios,Administración y Negocios,Bachiller
67f4056d4cf5ce798589985e,Ingeniería Industrial,Ingeniería y Tecnología,Bachiller
67f4056d4cf5ce798589985e,Diseño Gráfico Digital,Arquitectura y Diseño,Bachiller
67f686544cf5ce7985899c68,Perforación y voladura de taladros largos - Gestión de seguridad en empresas mineras - Gestión de seguridad y salud en el trabajo,Administración y Negocios,Certificado
67f686544cf5ce7985899c68,Especialista en Seguridad y Salud Ocupacional  y Medio Ambiente,Salud,Certificado
67f686544cf5ce7985899c68,Costos y Presupuesto con S10,Otros,Certificado
67f686544cf5ce7985899c68,Diplomado en Seguridad y Salud Ocupacional,Salud,Diplomado
67f686544cf5ce7985899c68,Ingeniería de Minas,Ingeniería y Tecnología,Bachiller
67f800824cf5ce7985899e39,CCNA: Introducción a las Redes,Ingeniería y Tecnología,Certificado
67f800824cf5ce7985899e39,Ingeniería Informática,Ingeniería y Tecnología,Estudiante
67f800824cf5ce7985899e39,Introducción a Ciberseguridad,Otros,Certificado
67f800824cf5ce7985899e39,Seguridad para PyMEs,Otros,Certificado
67f9ddbec806a07c947375ae,Bachiller en Ingeniería de Telecomunicaciones,Ingeniería y Tecnología,Bachiller
67f9ddbec806a07c947375ae,Maestría en Administración (MBA),Administración y Negocios,Maestría
67f9ddbec806a07c947375ae,Diplomado en Gestión de Proyectos,Administración y Negocios,Diplomado
67f9ddbec806a07c947375ae,Business Intelligence & Analytics Diploma,Otros,Diplomado
67f7e2574cf5ce7985899e20,Ingeniería Empresarial,Ingeniería y Tecnología,Bachiller
67f7e2574cf5ce7985899e20,Marketing Digital,Administración y Negocios,Certificado
67f7e2574cf5ce7985899e20,Certificado Aprendiendo Sobre Data Center,Otros,Certificado
67f7e2574cf5ce7985899e20,Office Básico,Otros,Certificado
67f7e2574cf5ce7985899e20,Aprende Wordpress de forma sencilla,Otros,Certificado
67f7e2574cf5ce7985899e20,Microsoft PowerPoint Avanzado,Otros,Certificado
67f7e2574cf5ce7985899e20,Inglés Intermedio,Ciencias Sociales y Humanidades,Certificado
67f7e2574cf5ce7985899e20,Microsoft Word Avanzado,Otros,Certificado
67f7e2574cf5ce7985899e20,Microsoft Excel Avanzado,Otros,Certificado
67fbc606029d3773f04a1339,Ingeniería Industrial,Ingeniería y Tecnología,Bachiller
67fbc606029d3773f04a1339,Inglés Avanzado,Ciencias Sociales y Humanidades,Certificado
680b3518b0a911eede3b2d51,BACHILLER EN PSICOLOGÍA,Ciencias Sociales y Humanidades,Bachiller
680b3518b0a911eede3b2d51,PSICOLOGÍA ORGANIZACIONAL Y GESTIÓN DE RECURSOS HUMANOS,Administración y Negocios,Certificado
680b3518b0a911eede3b2d51,Reclutamiento y selección estratégico de personal,Otros,Certificado
680b3518b0a911eede3b2d51,English Language Teaching (ELT),Otros,Certificado
680d1c95b0a911eede3b2dd9,Magister en Gestión Empresarial,Administración y Negocios,Maestría
680d1c95b0a911eede3b2dd9,Economista Agropecuaria,Otros,Bachiller
680d1f05b0a911eede3b2e3d,"Business Administration, Corporate Finance, and Economics",Economía y Finanzas,Otros
680d1f05b0a911eede3b2e3d,Economics,Economía y Finanzas,Bachiller
680e5415b0a911eede3b2f47,Digital #ConectaMujeres,Otros,Certificado
680e5415b0a911eede3b2f47,Comunicación y Marketing,Administración y Negocios,Bachiller
680e5415b0a911eede3b2f47,Inglés estratégico para eventos internacionales,Ciencias Sociales y Humanidades,Certificado
680e5415b0a911eede3b2f47,Python For Everybody,Otros,Certificado
66ba1c39db5c98b2ee73e9a3,DIPLOMADO ESPECIALIZADO EN GESTIÓN DE RECURSOS HUMANOS,Administración y Negocios,Diplomado
681125b82d9fb8b829dad322,Licenciatura en Ingeniería de Sistemas,Ingeniería y Tecnología,Bachiller
681125b82d9fb8b829dad322,Técnico en Ingeniería Electrónica,Ingeniería y Tecnología,Diplomado
6811333a2d9fb8b829dad3f1,Sistema Integrado de Administración Financiera - SIAF,Administración y Negocios,Certificado
6811333a2d9fb8b829dad3f1,English Program,Otros,Certificado
6811333a2d9fb8b829dad3f1,Contador Público,Otros,Bachiller
6811333a2d9fb8b829dad3f1,Sistema Integrado de Gestión Administrativa SIGA,Administración y Negocios,Certificado
6811333a2d9fb8b829dad3f1,Office Avanzado,Otros,Certificado
6815710dd7a5ef76a48aa062,Ciências da Computaçao,Otros,Otros
6815710dd7a5ef76a48aa062,Ingeniería Informática,Ingeniería y Tecnología,Bachiller
67a55426ccd2082fe4747deb,Estudiante de Administración,Administración y Negocios,Estudiante
67a55426ccd2082fe4747deb,Estudiante,Otros,Estudiante
68195139d7a5ef76a48aa3cf,Contabilidad de Costos y PLE,Economía y Finanzas,
68195139d7a5ef76a48aa3cf,Experto en Administración de Oficina,Administración y Negocios,Certificado
68195139d7a5ef76a48aa3cf,ACCESS 2000,Otros,Certificado
68195139d7a5ef76a48aa3cf,Tecnólogo Profesional en Contabilidad,Economía y Finanzas,Bachiller
6819512cd7a5ef76a48aa3be,Informática,Ingeniería y Tecnología,Certificado
6819512cd7a5ef76a48aa3be,Ingeniería Textil y Confección,Ingeniería y Tecnología,Bachiller
6819512cd7a5ef76a48aa3be,Gestión por procesos,Administración y Negocios,Certificado
68195847d7a5ef76a48aa577,Certificado en Python Intermedio,Otros,Certificado
68195847d7a5ef76a48aa577,Ingeniería Empresarial y de Sistemas,Ingeniería y Tecnología,Estudiante
68195847d7a5ef76a48aa577,Certificado en Inglés Intermedio,Ciencias Sociales y Humanidades,Certificado
6819847ed7a5ef76a48aa687,Ingeniería Geológica,Ingeniería y Tecnología,Estudiante
681a2404d7a5ef76a48aa731,Ingeniería Civil,Ingeniería y Tecnología,Estudiante
679825f3ec31cdeab30acfc7,Administración,Administración y Negocios,Estudiante
681bbcda98135c66ec9432af,Administración de Negocios Internacionales,Administración y Negocios,Estudiante
681d72e398135c66ec94341c,9no Ciclo en Ingeniería de Higiene y Seguridad Industrial,Ingeniería y Tecnología,Estudiante
681ed59398135c66ec9435f6,Curso de Diseño y Gestión de Marcas,Administración y Negocios,Certificado
681ed59398135c66ec9435f6,Administración y Marketing,Administración y Negocios,Estudiante
681ed59398135c66ec9435f6,Gestor en Temas Empresariales,Otros,Certificado
681ed59398135c66ec9435f6,Marketing de Contenido: Creando Contenido para Marcas,Administración y Negocios,Certificado
681ed59398135c66ec9435f6,Renueva tu Imagen,Otros,Certificado
681ed59398135c66ec9435f6,Asistente Administrativo,Otros,Certificado
681ed59398135c66ec9435f6,Curso de Diseño Gráfico Digital,Arquitectura y Diseño,Certificado
681ed59398135c66ec9435f6,Curso de Marketing Digital,Administración y Negocios,Certificado
681ed59398135c66ec9435f6,Curso de Asistente de Marketing,Administración y Negocios,Certificado
681ed59398135c66ec9435f6,Curso de Especialista en Microsoft Office 2019,Otros,Certificado
681ed61c98135c66ec94362f,Fotografía digital,Otros,Certificado
681ed61c98135c66ec94362f,Fotografía integral,Otros,Certificado
681ed61c98135c66ec94362f,Ciencias de la Comunicación,Ciencias Sociales y Humanidades,Estudiante
681ed56098135c66ec9435c3,Becario,Otros,Certificado
681ed56098135c66ec9435c3,Módulo mi negocio digital,Otros,Otros
681ed56098135c66ec9435c3,Inglés,Ciencias Sociales y Humanidades,Otros
681ed56098135c66ec9435c3,ADMINISTRACIÓN DE NEGOCIOS INTERNACIONALES,Administración y Negocios,Estudiante
681ed56098135c66ec9435c3,"CREATIVIDAD, INNOVACIÓN Y IDEACIÓN",Otros,Certificado
67f4412f4cf5ce7985899a85,Ingeniería Empresarial e Ingeniería de la Información,Ingeniería y Tecnología,Estudiante
67f4412f4cf5ce7985899a85,Introduction to Computer Science and Programming using Python,Otros,Certificado
67f4412f4cf5ce7985899a85,Metodología Intelectual 1,Otros,Certificado
67f4412f4cf5ce7985899a85,Delf A2,Otros,Certificado
67f4412f4cf5ce7985899a85,Advanced English Program,Otros,Certificado
68237065a9a28ee00f484335,Exchange program,Otros,Otros
68237065a9a28ee00f484335,Exchange program,Otros,Otros
68237065a9a28ee00f484335,Bachelor in International Economics and Management,Administración y Negocios,Bachiller
68237065a9a28ee00f484335,International Baccalaureate & American High School Diploma,Otros,Otros
68237065a9a28ee00f484335,M.Sc. in International Management,Administración y Negocios,Maestría
6823e26ca9a28ee00f484587,Ingeniería Mecatrónica,Ingeniería y Tecnología,Estudiante
6823e295a9a28ee00f4845b3,Operador De Computadoras Intermedio,Otros,Certificado
6823e295a9a28ee00f4845b3,Reparación De Electrodomésticos,Otros,Certificado
6823e33da9a28ee00f484652,Certificate,Otros,Certificado
6823e33da9a28ee00f484652,INGENIERO DE PETRÓLEO,Otros,Bachiller
6823e33da9a28ee00f484652,Diploma,Otros,Diplomado
6823e41fa9a28ee00f484714,operador de cnc,Otros,Bachiller
6823e33da9a28ee00f484652,Educación y Técnicas Pedagógicas,Ciencias Sociales y Humanidades,Diplomado
6823e27ba9a28ee00f48458c,Educación Secundaria,Ciencias Sociales y Humanidades,Estudiante
6823e295a9a28ee00f4845b3,Seguridad Privada,Otros,Otros
6823f0bea9a28ee00f484be4,Bachiller en Ingeniería Mecatrónica,Ingeniería y Tecnología,Bachiller
6823f0a4a9a28ee00f484bde,Educación Secundaria,Ciencias Sociales y Humanidades,Otros
6823f0a4a9a28ee00f484bde,TÉCNICO FARMACIA,Salud,Estudiante
6823f0bea9a28ee00f484be4,Machine Learning para la Industria,Otros,Certificado
6823f0bea9a28ee00f484be4,Power BI y Bussiness Analytics,Otros,Certificado
682404dddc1d16036288ee7b,Ingeniería Industrial y Comercial,Ingeniería y Tecnología,Bachiller
682404dddc1d16036288ee7b,Inglés avanzado 3,Ciencias Sociales y Humanidades,Certificado
682404dddc1d16036288ee7b,Educación Secundaria,Ciencias Sociales y Humanidades,Otros
681ed55e98135c66ec9435bd,Ingeniería Civil - Quinto Superior,Ingeniería y Tecnología,Estudiante
6824f0a9dc1d16036288f34c,Derecho,Ciencias Sociales y Humanidades,Estudiante
6823d9e4a9a28ee00f48440b,Periodismo Audiovisual,Ciencias Sociales y Humanidades,Certificado
675f033db08853af565c6e94,Certificate,Otros,
675f033db08853af565c6e94,Intermedio,Otros,Certificado
675f033db08853af565c6e94,Pregrado,Otros,Bachiller
675f033db08853af565c6e94,Certificate,Otros,
675f033db08853af565c6e94,Professional,Otros,Certificado
675f033db08853af565c6e94,Certificate,Otros,
675f033db08853af565c6e94,Certificate,Otros,
675f033db08853af565c6e94,Certificate,Otros,
675f033db08853af565c6e94,Certificate,Otros,
675f033db08853af565c6e94,Certificate,Otros,
675f033db08853af565c6e94,Certificate,Otros,
675f033db08853af565c6e94,Certificate,Otros,
67769798e62dc0dc9760dbd4,Certificación,Otros,Certificado
67769798e62dc0dc9760dbd4,Certificación,Otros,Certificado
67769798e62dc0dc9760dbd4,Certificación,Otros,Certificado
67769798e62dc0dc9760dbd4,Certificación,Otros,Certificado
67769798e62dc0dc9760dbd4,Certificación,Otros,Certificado
67769798e62dc0dc9760dbd4,Certificación,Otros,Certificado
67769798e62dc0dc9760dbd4,Certificación,Otros,Certificado
67769798e62dc0dc9760dbd4,Pregrado,Otros,Bachiller
67769798e62dc0dc9760dbd4,Certificación,Otros,Certificado
67769798e62dc0dc9760dbd4,Certificación,Otros,Certificado
67769798e62dc0dc9760dbd4,Certificación,Otros,Certificado
68265f2de35d855e7f207924,Especialización de Ciencia de Datos e IA con Python,Ingeniería y Tecnología,Certificado
68265f2de35d855e7f207924,Programa Aspire Leaders,Otros,Otros
68265f2de35d855e7f207924,Especialización en SQL SERVER for BI,Otros,Certificado
68265f2de35d855e7f207924,Ingeniería Industrial,Ingeniería y Tecnología,Estudiante
682769dce35d855e7f207acc,Inglés Básico,Ciencias Sociales y Humanidades,Certificado
682769dce35d855e7f207acc,Ingeniería Geológica,Ingeniería y Tecnología,Estudiante
6827db96e35d855e7f207bdb,Educación Secundaria,Ciencias Sociales y Humanidades,Otros
6827db96e35d855e7f207bdb,Psicología Organizacional,Ciencias Sociales y Humanidades,Bachiller
6819559fd7a5ef76a48aa491,Elaboración de Matriz IPERC,Otros,Certificado
6819559fd7a5ef76a48aa491,"Gestión de la Seguridad, Salud Ocupacional y Medio Ambiente (SSOMA)",Administración y Negocios,Certificado
6819559fd7a5ef76a48aa491,Fundamentos de Gestión de Proyectos – Enfoque PMI,Administración y Negocios,Certificado
6819559fd7a5ef76a48aa491,Alta Especialización Profesional en MATPEL,Otros,Certificado
6819559fd7a5ef76a48aa491,Gestión de Obras por Administración Directa,Administración y Negocios,Certificado
6819559fd7a5ef76a48aa491,Elaboración de Expedientes Técnicos con Metodología BIM,Otros,Certificado
6819559fd7a5ef76a48aa491,Metodología ICAM,Otros,Certificado
6819559fd7a5ef76a48aa491,Ingeniero Civil,Ingeniería y Tecnología,Bachiller
6819559fd7a5ef76a48aa491,MS Project aplicado a la Gestión de Proyectos,Administración y Negocios,Certificado
6819559fd7a5ef76a48aa491,Fundamentos de Gestión de Proyectos – Enfoque PMI - 2,Administración y Negocios,Certificado
6819559fd7a5ef76a48aa491,"Costos, Programación y Control de Proyectos con Revit 2025, Speckle, Power BI, Project y Primavera P6",Otros,Certificado
6819559fd7a5ef76a48aa491,Modelado para Edificaciones con BIM (Revit),Otros,Certificado
6819559fd7a5ef76a48aa491,Metrados en Edificaciones con AutoCAD y Excel,Otros,Certificado
6819559fd7a5ef76a48aa491,Control de Costos y Presupuestos en Construcción,Otros,Certificado
6819559fd7a5ef76a48aa491,Residencia y Supervisión de Obras,Otros,Certificado
6819559fd7a5ef76a48aa491,Gestión Ambiental y Evaluación de Impacto Ambiental,Ingeniería y Tecnología,Certificado
6819559fd7a5ef76a48aa491,Sistema de Gestión de Calidad ISO 9001,Administración y Negocios,Certificado
6819559fd7a5ef76a48aa491,Contrataciones Públicas según la ley N° 32069,Otros,Certificado
6819559fd7a5ef76a48aa491,Gestión de Datos con Excel,Administración y Negocios,Certificado
6819559fd7a5ef76a48aa491,Compras Públicas Sostenibles,Otros,Certificado
6828c1601e920694e9dec309,Administración y Marketing,Administración y Negocios,Bachiller
681ed70c98135c66ec94368b,Python,Otros,Certificado
681ed70c98135c66ec94368b,SQL,Otros,Certificado
681ed70c98135c66ec94368b,Ingeniería de Sistemas e Informática,Ingeniería y Tecnología,Estudiante
681293af2d9fb8b829dad5d3,Ingeniería de Sistemas e Informática,Ingeniería y Tecnología,Bachiller
681293af2d9fb8b829dad5d3,Educación Secundaria,Ciencias Sociales y Humanidades,Otros
67ca270d7db9e0ba32ba1b33,Administración de Empresas,Administración y Negocios,Otros
682a8579be4abab9b7f260ef,Beca de mejora de dominio del idioma inglés,Ciencias Sociales y Humanidades,Certificado
682a8579be4abab9b7f260ef,Estudiante de Administración,Administración y Negocios,Estudiante
682a8579be4abab9b7f260ef,Estudiante de intercambio,Otros,Estudiante
67ae5bded9f18a99484d9a77,Excel Avanzado,Otros,Certificado
682be6946624490acdbfe63e,Ingeniería de proyectos con Energía Solar,Ingeniería y Tecnología,Certificado
682be6946624490acdbfe63e,Power BI,Otros,Certificado
682be6946624490acdbfe63e,Microsoft Project aplicado a proyectos de ingeniería,Ingeniería y Tecnología,Certificado
682be6946624490acdbfe63e,Fundamentos de Scrum,Otros,Certificado
682be6946624490acdbfe63e,Ingeniería Mecatrónica,Ingeniería y Tecnología,Bachiller
682be6946624490acdbfe63e,Fundamentos en Gestión de Proyectos,Administración y Negocios,Certificado
682be6946624490acdbfe63e,"Seguridad, Salud Ocupacional y Medio Ambiente",Salud,Certificado
682c907d6624490acdbfe7b2,Educación Secundaria,Ciencias Sociales y Humanidades,Otros
682c907d6624490acdbfe7b2,FCE Certification,Otros,Certificado
682c907d6624490acdbfe7b2,Relaciones Internacionales,Otros,Bachiller
682ca17d6624490acdbfe89e,fotografia,Otros,Diplomado
682ca1026624490acdbfe845,Comunicación Audiovisual,Ciencias Sociales y Humanidades,Estudiante
682ca1226624490acdbfe857,Diseño Gráfico,Arquitectura y Diseño,Estudiante
682ca1226624490acdbfe857,Soporte y Mantenimiento de Equipos de Computación,Ingeniería y Tecnología,Estudiante
682ca16a6624490acdbfe87f,Diseño Gráfico,Arquitectura y Diseño,Estudiante
682ca1126624490acdbfe84f,Comunicación Audiovisual,Ciencias Sociales y Humanidades,Estudiante
682ca1376624490acdbfe860,Diseño gráfico,Arquitectura y Diseño,Estudiante
682ca1b86624490acdbfe8bd,Periodismo audiovisual,Ciencias Sociales y Humanidades,Estudiante
682ca1746624490acdbfe898,Comunicación Audivisual,Ciencias Sociales y Humanidades,Estudiante
682ca14f6624490acdbfe867,Diseño Grafico Profesional,Arquitectura y Diseño,Bachiller
682cad18acfe69a7d4c47b2c,Egresada de la carrera técnica en enfermería,Salud,Otros
682ca9876624490acdbfeb26,Diseñador Grafico,Otros,Estudiante
682cafb446c75d4af8375ca6,Comunicación Audiovisual,Ciencias Sociales y Humanidades,Estudiante
682cafb446c75d4af8375ca6,Edición y Post Producción,Otros,Certificado
682cafb446c75d4af8375ca6,Inglés Nivel Básico,Ciencias Sociales y Humanidades,Estudiante
682cc01c46c75d4af83762c4,Administración de Logística,Administración y Negocios,Otros
682cc01c46c75d4af83762c4,Diseño gráfico (básico),Arquitectura y Diseño,Otros
682cb54746c75d4af8375fe5,Comunicación Audiovisual,Ciencias Sociales y Humanidades,Estudiante
682cace8acfe69a7d4c47b26,enfermería técnica,Salud,Bachiller
682cb04846c75d4af8375dba,CONTABILIDAD,Economía y Finanzas,Estudiante
682caf6b46c75d4af8375c68,comunicación audiovisual,Ciencias Sociales y Humanidades,Estudiante
682caf6646c75d4af8375c62,Comunicación Audiovisual,Ciencias Sociales y Humanidades,Estudiante
682cb52446c75d4af8375fdf,Contabilidad,Economía y Finanzas,
682cb97146c75d4af83760ed,Enfermería técnica,Salud,Estudiante
682cc6e846c75d4af8376695,ENFERMERIA TECNICA,Salud,Estudiante
682cbf8d46c75d4af8376283,Contabilidad,Economía y Finanzas,Estudiante
682cbcd746c75d4af83761e6,comunicación audiovisual,Ciencias Sociales y Humanidades,Estudiante
67eb334d4cf5ce79858984dd,Educación Secundaria,Ciencias Sociales y Humanidades,Otros
67eb334d4cf5ce79858984dd,Curso: Fundamentos ISO 45001: 2018,Otros,Certificado
67eb334d4cf5ce79858984dd,Diploma,Otros,Diplomado
67eb334d4cf5ce79858984dd,Ingeniería Industrial y Comercial,Ingeniería y Tecnología,Estudiante
67eb334d4cf5ce79858984dd,Project Management Fundamentals,Administración y Negocios,Certificado
67eb334d4cf5ce79858984dd,Gestión de Proyectos con Metodologías Ágiles y Enfoques Lean,Administración y Negocios,Certificado
682e071f46c75d4af83768ec,Ingeniería Empresarial y de Sistemas,Ingeniería y Tecnología,Otros
682e071f46c75d4af83768ec,Gestión Logística y de la Cadena de Suministro,Administración y Negocios,Certificado
682e31db46c75d4af8376a29,Inglés,Ciencias Sociales y Humanidades,Certificado
682e31db46c75d4af8376a29,Educación Secundaria,Ciencias Sociales y Humanidades,Otros
682e31db46c75d4af8376a29,POWER BI DESKTOP,Otros,Certificado
682e31db46c75d4af8376a29,Educación Secundaria,Ciencias Sociales y Humanidades,Estudiante
682e31db46c75d4af8376a29,MICROSOFT EXCEL,Otros,Certificado
682e31db46c75d4af8376a29,Ingeniería Industrial,Ingeniería y Tecnología,Bachiller
682e31db46c75d4af8376a29,AUTODESK Inventor Profesional 2021,Otros,Certificado
682e31db46c75d4af8376a29,Inglés,Ciencias Sociales y Humanidades,Certificado
682e31db46c75d4af8376a29,"SAP MM – Logística y Materiales, SAP FI – Finanzas y Contabilidad, SAP HCM – Recursos Humanos, SAP PP – Planificación de la Producción, SAP PM – Mantenimiento de Planta",Administración y Negocios,Certificado
682e31db46c75d4af8376a29,SCRUM MASTER,Otros,Certificado
682e31db46c75d4af8376a29,AutoCAD 2020 - English,Otros,Certificado
66d7e555a40ed15225e5abee,Curso,Otros,Otros
66d7e555a40ed15225e5abee,Estudiante,Otros,Estudiante
682f4ef246c75d4af8376dc1,Bachiller en economía y administración,Administración y Negocios,Otros
682f4ef246c75d4af8376dc1,Manipulación segura de alimentos,Otros,Certificado
682f4ef246c75d4af8376dc1,Programación,Otros,Certificado
682f4ef246c75d4af8376dc1,Primer año del CBC para la carrera de Administración de Empresas,Administración y Negocios,Otros
682fa99546c75d4af8376fa2,Mentoría y Asesoría de startups,Otros,Certificado
682fa99546c75d4af8376fa2,Managing as a Coach,Otros,Certificado
682fa99546c75d4af8376fa2,SCRUM MASTER,Otros,Certificado
682fa99546c75d4af8376fa2,Tallerista evaluador,Otros,Certificado
682fa99546c75d4af8376fa2,Especialización en Gestión de Proyectos,Administración y Negocios,Certificado
682fa99546c75d4af8376fa2,Administración y emprendimiento,Administración y Negocios,Bachiller
682fa99546c75d4af8376fa2,Introduction to PM with ClickUp,Otros,Certificado
682fa99546c75d4af8376fa2,Specialization,Otros,Certificado
682fa99546c75d4af8376fa2,Certificate,Otros,Certificado
682fa99546c75d4af8376fa2,Bachelor,Otros,Bachiller
682fa99546c75d4af8376fa2,Certificate,Otros,Certificado
682fa99546c75d4af8376fa2,Certificate,Otros,Certificado
682fa99546c75d4af8376fa2,Certificate,Otros,Certificado
682fa99546c75d4af8376fa2,Certificate,Otros,Certificado
682faae046c75d4af837706b,Certificate,Otros,Certificado
682faae046c75d4af837706b,Certificate,Otros,Certificado
682faae046c75d4af837706b,Bootcamp de Ciencia de Datos,Ingeniería y Tecnología,Otros
682faae046c75d4af837706b,Bachiller en Ingeniería de Sistemas (EPE),Ingeniería y Tecnología,Bachiller
682fb59a46c75d4af8377143,Marketing y Gestión Comercial,Administración y Negocios,Otros
682fb59a46c75d4af8377143,Técnico de Administración de Empresas,Administración y Negocios,Otros
682e311546c75d4af8376a10,Economía,Economía y Finanzas,Bachiller
682e311546c75d4af8376a10,Bootcamp de Análisis de Datos,Otros,Otros
682e311546c75d4af8376a10,Análisis de datos con Excel,Otros,Certificado
682e311546c75d4af8376a10,Curso de invierno para alumnos de economía,Economía y Finanzas,Otros
682e311546c75d4af8376a10,Finanzas Corporativas,Economía y Finanzas,Certificado
682e311546c75d4af8376a10,VII Programa de Especialización Profesional,Otros,Otros
683336452c68bf76bc40a3c1,Taller Educativo,Otros,Otros
683336452c68bf76bc40a3c1,Psicología,Ciencias Sociales y Humanidades,Estudiante
683336452c68bf76bc40a3c1,Taller,Otros,Otros
67f3f6784cf5ce7985899843,Bachiller en Ingeniería de Computación y Sistemas,Ingeniería y Tecnología,Bachiller
683334ff2c68bf76bc40a29d,Curso Liderazgo,Otros,Certificado
683334ff2c68bf76bc40a29d,Curso CISCO,Otros,Certificado
683334ff2c68bf76bc40a29d,Carrera de Nutrición,Salud,Estudiante
683335332c68bf76bc40a2dd,Economía,Economía y Finanzas,Bachiller
683335332c68bf76bc40a2dd,No especificado,Otros,Otros
683335fd2c68bf76bc40a39b,Curso: Seguimiento y Evaluación de Políticas y Planes,Otros,Certificado
683335fd2c68bf76bc40a39b,Curso: Gestión Pública con Enfoque Intercultural,Administración y Negocios,Certificado
683335fd2c68bf76bc40a39b,Curso: Gestión de Proyectos de Desarrollo,Administración y Negocios,Certificado
683335fd2c68bf76bc40a39b,Curso: Gestión Pública para el Desarrollo Territorial,Administración y Negocios,Certificado
683335fd2c68bf76bc40a39b,Curso: Gestión Pública y Gobernanza,Administración y Negocios,Certificado
683335fd2c68bf76bc40a39b,Curso: Diseño Metodológico de Líneas de Base en Programas y Proyectos de Cooperación para el Desarrollo,Arquitectura y Diseño,Certificado
683335fd2c68bf76bc40a39b,Programa de Gobernabilidad e Innovación Pública,Otros,Certificado
683335fd2c68bf76bc40a39b,Aspire Leaders Program,Otros,Certificado
683335fd2c68bf76bc40a39b,Bachiller en Sociología,Ciencias Sociales y Humanidades,Bachiller
683335fd2c68bf76bc40a39b,Taller de Liderazgo Juvenil: Perspectivas y Desafíos en un Mundo Disruptivo,Otros,Certificado
683335462c68bf76bc40a2ef,Edición de videos con Capcut,Otros,Certificado
683335462c68bf76bc40a2ef,Análisis de datos con Power Bi-Nivel Básico,Otros,Certificado
683335462c68bf76bc40a2ef,Word Básico,Otros,Certificado
683335462c68bf76bc40a2ef,Análisis de datos con Power Bi-Nivel Intermedio,Otros,Certificado
683335462c68bf76bc40a2ef,Fotografía y retoque Fotográfico Con Lightroom-Nivel Básico,Otros,Certificado
683335462c68bf76bc40a2ef,Ejecutivo de ventas y Atención al cliente (tercera etapa),Administración y Negocios,Certificado
683335462c68bf76bc40a2ef,Ejecutivo de ventas y Atención al cliente (Primera y segunda etapa),Administración y Negocios,Certificado
683335462c68bf76bc40a2ef,Excel Financiero,Otros,Certificado
683335462c68bf76bc40a2ef,Diseño Gráfico,Arquitectura y Diseño,Certificado
683335462c68bf76bc40a2ef,Diseño Gráfico,Arquitectura y Diseño,Certificado
683335462c68bf76bc40a2ef,"Ofimática Nivel básico, intermedio y avanzado",Otros,Certificado
6833420b2c68bf76bc40a652,Other,Otros,Otros
6833420b2c68bf76bc40a652,Certificate,Otros,Certificado
6833420b2c68bf76bc40a652,Administración y Negocios Internacionales,Administración y Negocios,Estudiante
6833b28f2c68bf76bc40a810,Economía,Economía y Finanzas,Estudiante
683335222c68bf76bc40a2bd,Administración de Negocios Internacionales,Administración y Negocios,Estudiante
683491602c68bf76bc40ac4f,Comunidad de mujeres en tecnología,Ingeniería y Tecnología,Certificado
683491602c68bf76bc40ac4f,Programa de liderazgo y desarrollo profesional,Otros,Certificado
683491602c68bf76bc40ac4f,Economía,Economía y Finanzas,Bachiller
683491602c68bf76bc40ac4f,Curso de Actualización para estudiantes de Economía,Economía y Finanzas,Certificado
683491602c68bf76bc40ac4f,XXV Programa de Especialización en Mercado de Valores (CEU SMV),Otros,Certificado
6834f3422c68bf76bc40ad2f,BSc Ingeniero informático,Otros,Bachiller
6834f3422c68bf76bc40ad2f,Maestría en Gestión de la Innovación,Administración y Negocios,Maestría
683655186b09021557332a1a,Administración y Marketing,Administración y Negocios,Bachiller
68365cf36b09021557332ab3,Certificate,Otros,Certificado
68365cf36b09021557332ab3,Certificate,Otros,Certificado
68365cf36b09021557332ab3,Estudiante de 6to ciclo de Ingeniería de Sistemas,Ingeniería y Tecnología,Estudiante
68365cf36b09021557332ab3,Certificate,Otros,Certificado
68365cf36b09021557332ab3,Certificate,Otros,Certificado
68371eb3525476adb3b8eab8,"Certificación, Anuncios orientados a resultados basados en IA",Otros,Certificado
68371eb3525476adb3b8eab8,Certificación en curso de Meta & Tik Tok Ads,Otros,Certificado
68371eb3525476adb3b8eab8,"Certificación, Brand Identity and Strategy",Otros,Certificado
68371eb3525476adb3b8eab8,Curso Tricky American English Pronunciation and Grammar,Otros,Otros
68371eb3525476adb3b8eab8,"Certificación, Brand to Image: Creating High Impact Campaigns",Otros,Certificado
68371eb3525476adb3b8eab8,ADMINISTRACIÓN Y MARKETING,Administración y Negocios,Bachiller
68371eb3525476adb3b8eab8,"Certificación, MS Excel I para la Gestión Empresarial",Administración y Negocios,Certificado
68374f4f525476adb3b8ebfe,Negocios Internacionales,Administración y Negocios,Estudiante
68389bbce86897e6070dbdbd,Ciencias de la Comunicación,Ciencias Sociales y Humanidades,Bachiller
68389bbce86897e6070dbdbd,Cocina y gastronomía,Otros,Diplomado
68389bbce86897e6070dbdbd,E-commerce y Marketing Digital,Administración y Negocios,Certificado
6838d4a5e86897e6070dbed9,Relaciones Internacionales,Otros,Estudiante
6838d4a5e86897e6070dbed9,Educación Secundaria,Ciencias Sociales y Humanidades,Otros
6838d6d0e86897e6070dbf34,Inglés,Ciencias Sociales y Humanidades,Certificado
6838d6d0e86897e6070dbf34,Aspire Leaders Program,Otros,Certificado
6838d6d0e86897e6070dbf34,Psicología Organizacional y de la Gestión Humana,Administración y Negocios,Estudiante
6838dc7f28b3e9db2dc2d5ac,Ingles,Ciencias Sociales y Humanidades,Certificado
6838dc7f28b3e9db2dc2d5ac,Ingeniera de Sistemas de Informacion,Ingeniería y Tecnología,Bachiller
68389aa5e86897e6070dbda3,"Bachiller en Ingeniería Industrial, mención en Psicología",Ingeniería y Tecnología,Bachiller
68389aa5e86897e6070dbda3,MBA,Otros,Maestría
683a3c69ca90460305e4a6d0,Cisco Certified Network Associate (CCNA),Otros,Certificado
683a3c69ca90460305e4a6d0,Administración de Redes y Comunicaciones,Ingeniería y Tecnología,Bachiller
683a3db3ca90460305e4a7a9,Inglés. Nivel Intermedio.,Ciencias Sociales y Humanidades,Otros
683a3db3ca90460305e4a7a9,Egresado de Administración de Negocios,Administración y Negocios,Bachiller
683a3db3ca90460305e4a7a9,Importancia de las Microfinanzas para el crecimiento del país - Gestión del riesgo de crédito en microfinanzas,Administración y Negocios,Otros
683a3db3ca90460305e4a7a9,Utiliza el mailing en tu negocio,Otros,Otros
683a3db3ca90460305e4a7a9,"Curso de Informática, Especialista en Excel",Ingeniería y Tecnología,Certificado
683a3392ca90460305e4a644,Administración de negocios internacionales,Administración y Negocios,Estudiante
683a3ef5ca90460305e4a8d1,Administración Bancaria y Finanzas,Administración y Negocios,Estudiante
683a3ef5ca90460305e4a8d1,Administración Bancaria y Finanzas,Administración y Negocios,Estudiante
683a3ef5ca90460305e4a8d1,Cajero Bancario y Comercial,Administración y Negocios,Certificado
683a3eb6ca90460305e4a871,Titulada contabilidad técnica,Economía y Finanzas,Otros
683a3eb6ca90460305e4a871,Educación Secundaria,Ciencias Sociales y Humanidades,Otros
683a41ca124cde061287ff76,Educación Secundaria,Ciencias Sociales y Humanidades,Otros
683a41ca124cde061287ff76,Comunicación Audiovisual,Ciencias Sociales y Humanidades,
683a4601124cde061288032d,Diseño Gráfico Técnico,Arquitectura y Diseño,Diplomado
683a462b124cde061288036c,Técnico en Enfermería,Salud,Estudiante
683a462b124cde061288036c,Técnico en Enfermería,Salud,Diplomado
683a466c124cde06128803f6,Bachiller en Diseño Gráfico,Arquitectura y Diseño,Bachiller
683a3d7aca90460305e4a73a,Educación Secundaria,Ciencias Sociales y Humanidades,Otros
683a3d7aca90460305e4a73a,Diseño Grafico,Arquitectura y Diseño,Estudiante
683a55f46b42f76b072228fd,Administración,Administración y Negocios,Estudiante
683a555c6b42f76b07222895,Ingeniería Industrial,Ingeniería y Tecnología,Estudiante
683a555c6b42f76b07222895,Inglés A2 MCER,Ciencias Sociales y Humanidades,Certificado
683a555c6b42f76b07222895,Power BI – Visualización de datos (nivel intermedio),Otros,Certificado
683a555c6b42f76b07222895,Microsoft Word y Power Point (nivel intermedio),Otros,Certificado
683a42c5124cde061288009b,gastronomia,Otros,Estudiante
683a91214af9d1c3ea3cc593,Administradora logística,Otros,Bachiller
683a91214af9d1c3ea3cc593,Excel,Otros,Certificado
683ab5e24af9d1c3ea3cc8ee,Manejo de Microsoft Word y PowerPoint Intermedio,Otros,Certificado
683ab5e24af9d1c3ea3cc8ee,Power BI - Transformación De Datos a Nivel Intermedio,Otros,Certificado
683ab5e24af9d1c3ea3cc8ee,Inglés A2 MCER,Ciencias Sociales y Humanidades,Certificado
683ab5e24af9d1c3ea3cc8ee,"Manejo de Microsoft Excel, AutoCAD e Inventor a Nivel Intermedio",Otros,Certificado
683ab5e24af9d1c3ea3cc8ee,Ingeniería Industrial,Ingeniería y Tecnología,Estudiante
68311a2d2c68bf76bc409ead,Desarrollo de Sistemas de Información,Ingeniería y Tecnología,Estudiante
683c88754af9d1c3ea3ccb36,Estudios Primarios,Otros,Otros
683c88754af9d1c3ea3ccb36,Asistente en Gestión de Empresas,Administración y Negocios,Certificado
683c88754af9d1c3ea3ccb36,"Microsoft Intermedio (Word, Excel, Power Point)",Otros,Certificado
683c88754af9d1c3ea3ccb36,Estudios Secundarios,Otros,Otros
683c88754af9d1c3ea3ccb36,Certificado Inglés Básico A2,Ciencias Sociales y Humanidades,Certificado
683c88754af9d1c3ea3ccb36,Bachiller de Administración de Empresas,Administración y Negocios,Bachiller
683d00754af9d1c3ea3ccc23,Inglés básico,Ciencias Sociales y Humanidades,Certificado
683d282e4af9d1c3ea3ccd00,Economía y Negocios Internacionales,Administración y Negocios,Bachiller
683d2a954af9d1c3ea3ccd52,Ingeniería Agroindustrial,Ingeniería y Tecnología,Bachiller
683d2a954af9d1c3ea3ccd52,Certificate,Otros,Certificado
683d2a954af9d1c3ea3ccd52,Certificate,Otros,Certificado
683d2a954af9d1c3ea3ccd52,Certificate,Otros,Certificado
683d2a954af9d1c3ea3ccd52,Certificate,Otros,Certificado
683d2a954af9d1c3ea3ccd52,Certificate,Otros,Certificado
683d2a954af9d1c3ea3ccd52,Certificate,Otros,Certificado
681d72cc98135c66ec943416,Excel Avanzado,Otros,Certificado
681d72cc98135c66ec943416,Administración y Finanzas,Administración y Negocios,Estudiante
681d72cc98135c66ec943416,Contabilidad Empresarial,Economía y Finanzas,Certificado
67a55434ccd2082fe4747df1,"Norma ISO 9001, 14001, 45001",Otros,Certificado
67a55434ccd2082fe4747df1,Economía Circular,Economía y Finanzas,Certificado
67a55434ccd2082fe4747df1,Ingeniería Ambiental,Ingeniería y Tecnología,Bachiller
67a55434ccd2082fe4747df1,Gestión Integral de Residuos Sólidos,Administración y Negocios,Certificado
67a55434ccd2082fe4747df1,Voluntariado de Ingeniería Ambiental,Ingeniería y Tecnología,Otros
683f0ede59e7410efbeddfba,Maestría en Filosofía con mención en Ética y Política,Otros,Maestría
683f0ede59e7410efbeddfba,Data Science,Ingeniería y Tecnología,Certificado
683f0ede59e7410efbeddfba,Licenciatura en Psicología con especialidad en Psicología Organizacional,Ciencias Sociales y Humanidades,Bachiller
683f439459e7410efbede0e3,Gestión de proyectos con metodologías ágiles y enfoque lean,Administración y Negocios,Certificado
683f439459e7410efbede0e3,Fundamentos de Gestión de Proyectos bajo el enfoque PMI,Administración y Negocios,Certificado
683f439459e7410efbede0e3,Excel Profesional Plus,Otros,Certificado
683f439459e7410efbede0e3,SQL - Base de Datos 1,Otros,Certificado
683f439459e7410efbede0e3,Ingeniería de Sistemas,Ingeniería y Tecnología,Bachiller
683f439459e7410efbede0e3,SAP S/4 HANA IN: (MM+FI+PP+SD),Otros,Certificado
683f963b59e7410efbede26e,Educación Secundaria,Ciencias Sociales y Humanidades,Otros
683f963b59e7410efbede26e,Administración de Negocios Bancarios y Financieros,Administración y Negocios,Estudiante
683fad1959e7410efbede34c,Diseño Gráfico,Arquitectura y Diseño,Bachiller
683333162c68bf76bc40a277,Python for Everybody,Otros,Certificado
683333162c68bf76bc40a277,Excel para Negocios Básico,Administración y Negocios,Certificado
683333162c68bf76bc40a277,Taller de Liderazgo I y II,Otros,Certificado
683333162c68bf76bc40a277,Ingeniería de Software,Ingeniería y Tecnología,Estudiante
683649c96b090215573329e2,Certificate,Otros,Certificado
683649c96b090215573329e2,Grado en Administración,Administración y Negocios,Bachiller
683649c96b090215573329e2,Certificate,Otros,Certificado
683649c96b090215573329e2,Certificate,Otros,Certificado
68414adfa05fb907c3f23105,Desarrollo de Software,Ingeniería y Tecnología,Otros
6841ed90a05fb907c3f23248,Educación Secundaria,Ciencias Sociales y Humanidades,Otros
6841ed90a05fb907c3f23248,Educación Secundaria,Ciencias Sociales y Humanidades,Otros
6841ec76a05fb907c3f23227,Inglés,Ciencias Sociales y Humanidades,Certificado
68420bad3fee8af6871b860c,Inglés,Ciencias Sociales y Humanidades,Certificado
68420bad3fee8af6871b860c,ASISTENTE DE DISEÑO DIGITAL,Arquitectura y Diseño,Certificado
6841ef54a05fb907c3f232ab,Diseño grafico,Arquitectura y Diseño,Estudiante
68420bad3fee8af6871b860c,ASISTENTE DE DIAGRAMACIÓN Y ANIMACIÓN,Otros,Certificado
68420bad3fee8af6871b860c,ASISTENTE DE DISEÑO PUBLICITARIO,Arquitectura y Diseño,Certificado
68420bad3fee8af6871b860c,DIBUJO ANATÓMICO PARA ILUSTRACIÓN DIGITAL,Otros,Diplomado
684255863fee8af6871b88ec,Supervisor en Medio Ambiente,Otros,Certificado
684255863fee8af6871b88ec,Evaluación de Impacto Ambiental,Ingeniería y Tecnología,Certificado
684255863fee8af6871b88ec,VII Simposio Avances en Biodiversidad y Conservación en el Perú,Otros,Certificado
684255863fee8af6871b88ec,Programa de Inducción a la Investigación Científica,Otros,Certificado
684255863fee8af6871b88ec,II Congreso Nacional Sobre Ciencias de la Vida,Otros,Certificado
684255863fee8af6871b88ec,Introduction to Ecosystem Restoration,Otros,Certificado
684255863fee8af6871b88ec,Redacción y Publicación Científica Biomédica,Otros,Certificado
684255863fee8af6871b88ec,Communicating the Value of Diversity,Otros,Certificado
684255863fee8af6871b88ec,The Aspire Leaders Program,Otros,Certificado
684255863fee8af6871b88ec,Legislación Forestal y de Fauna Silvestre,Otros,Certificado
684255863fee8af6871b88ec,Bachiller en Ciencias Biológicas,Otros,Bachiller
684255863fee8af6871b88ec,"English for Science, Technology, Engineering, and Mathematics (STEM) MOOC",Ingeniería y Tecnología,Certificado
684255863fee8af6871b88ec,Cursos de pre-maestría: Análisis Real y Álgebra Lineal,Otros,Certificado
684255863fee8af6871b88ec,Taller Más allá del Éxito,Otros,Certificado
684255863fee8af6871b88ec,Bases de R para las ciencias de la vida,Otros,Certificado
684255863fee8af6871b88ec,Taller introductorio a R,Otros,Certificado
684255863fee8af6871b88ec,ABC de R,Otros,Certificado
6842c1e43fee8af6871b89d0,Máster: Marketing Digital y E-Commerce,Administración y Negocios,Maestría
6842c1e43fee8af6871b89d0,Licenciatura: Comunicación (Marketing de Medios y Comunicación Política),Administración y Negocios,Bachiller
684357083fee8af6871b8b65,Administración de empresas,Administración y Negocios,Estudiante
68420bad3fee8af6871b860c,ASISTENTE DE DIAGRAMACIÓN DIGITAL,Otros,Certificado
6844f6e63fee8af6871b8dae,Bachiller en Administración de Empresas,Administración y Negocios,Estudiante
68473b523d90bb46cb40473f,Business Analytics,Otros,Certificado
68473b523d90bb46cb40473f,Diplomado en Inteligencia y Análisis de Datos,Otros,Diplomado
68473b523d90bb46cb40473f,Python for Analytics,Otros,Diplomado
68473b523d90bb46cb40473f,SQL Server for Analytics,Otros,Diplomado
68473b523d90bb46cb40473f,Estudiante de pregrado en Economía Pública,Economía y Finanzas,Estudiante
68473b523d90bb46cb40473f,Especialización en Ciencia de Datos e IA con Python,Ingeniería y Tecnología,Otros
68473b523d90bb46cb40473f,Power BI,Otros,Diplomado
68473b523d90bb46cb40473f,Data Analytics,Otros,Certificado
68473b523d90bb46cb40473f,Microsoft SQL Server,Otros,Certificado
68473b523d90bb46cb40473f,Programación con Python,Otros,Certificado
68473b523d90bb46cb40473f,Fundamentos de Finanzas,Economía y Finanzas,Certificado
68473b523d90bb46cb40473f,Especialista en Microsoft Excel,Otros,Certificado
68473b523d90bb46cb40473f,Especialización en Gestión de Riesgos Financieros,Administración y Negocios,Otros
6848a8da3d90bb46cb4049c8,Psicología - BECA 18,Ciencias Sociales y Humanidades,Bachiller
6848d3733d90bb46cb404ab7,Medicina Humana,Salud,Estudiante
681ed78e98135c66ec9436c0,Economía,Economía y Finanzas,Estudiante
681ed78e98135c66ec9436c0,Microfinanzas,Economía y Finanzas,Certificado
681ed78e98135c66ec9436c0,Finanzas de Empresas,Economía y Finanzas,Certificado
681ed78e98135c66ec9436c0,Contabilidad Financiera,Economía y Finanzas,Certificado
681ed78e98135c66ec9436c0,Formulación y Evaluación de Proyectos de Inversión Privada,Otros,Certificado
6849b06d3d90bb46cb404d8e,COCINA,Otros,Bachiller
684a26ad3d90bb46cb404e87,Inglés Nivel Upper Intermediate (B2),Ciencias Sociales y Humanidades,Certificado
684a26ad3d90bb46cb404e87,"Rstudio, Python",Otros,Certificado
684a26ad3d90bb46cb404e87,Economía,Economía y Finanzas,Estudiante
684a26ad3d90bb46cb404e87,PowerBI Fundamentals,Otros,Certificado
684a38518a23ec585d9093ac,Community Management,Administración y Negocios,Certificado
684a38518a23ec585d9093ac,Comunicación y Publicidad,Ciencias Sociales y Humanidades,Estudiante
684a38518a23ec585d9093ac,Power BI para análisis de datos,Otros,Certificado
684d988d9d9a4515392d40c3,INGENIERIA DE SISTEMAS E INFORMATICA,Ingeniería y Tecnología,Bachiller
683f3f2d59e7410efbede0c9,Asistente de RRHH,Otros,Otros
683f3f2d59e7410efbede0c9,"Inglés, Nivel Básico",Ciencias Sociales y Humanidades,Otros
683f3f2d59e7410efbede0c9,Estudiante de psicología,Ciencias Sociales y Humanidades,Estudiante
683f3f2d59e7410efbede0c9,Excel intermedio,Otros,Otros
683f3f2d59e7410efbede0c9,"Inglés, Nivel básico",Ciencias Sociales y Humanidades,Otros
683f3f2d59e7410efbede0c9,Portugués,Otros,Otros
683a555c6b42f76b07222895,Microsoft Excel a Nivel (nivel intermedio),Otros,Certificado
6850c3239d9a4515392d42ee,Programa de Capacitación en Planeamiento y Políticas Públicas con Enfoque Intercultural,Otros,Certificado
6850c3239d9a4515392d42ee,Promoción 2022,Otros,Otros
6850c3239d9a4515392d42ee,Políticas Públicas con Enfoque Intercultural,Otros,Certificado
6850c3239d9a4515392d42ee,Diseño y Evaluación de Políticas Públicas,Arquitectura y Diseño,Certificado
6850c3239d9a4515392d42ee,Ciencia Política,Otros,Estudiante
6850c3239d9a4515392d42ee,Modernización de la gestión pública,Administración y Negocios,Certificado
6850c3239d9a4515392d42ee,Prevención y gestión de conflictos sociales,Administración y Negocios,Certificado
6850c3239d9a4515392d42ee,Integridad en la Función Pública,Otros,Certificado
6850c3239d9a4515392d42ee,"Taller 'Una nueva generación: democracia, gobernabilidad y el futuro del Perú'",Otros,Certificado
6850c3239d9a4515392d42ee,Aspire Leaders Program,Otros,Certificado
6850c3239d9a4515392d42ee,TKT (Teaching Knowledge Test) – Band 3 Overall,Otros,Certificado
6850c3239d9a4515392d42ee,Diploma in Methodology for English Language Teaching,Otros,Certificado
6850c3239d9a4515392d42ee,Pronunciation for Teachers of English – Specialisation Course,Otros,Certificado
6850c3239d9a4515392d42ee,C1 Advanced – Score 194,Otros,Certificado
6850c3239d9a4515392d42ee,Planeamiento Estratégico en el Sector Público,Otros,Certificado
6850c3239d9a4515392d42ee,PARTIDOS POLÍTICOS Y SISTEMA ELECTORAL PERUANO,Otros,Certificado
6851e8efa4efce8a060828c5,Ingeniero en Comunicaciones y Electrónica,Ingeniería y Tecnología,Bachiller
6851e8efa4efce8a060828c5,Producción TV educativa,Otros,Otros
6851e8efa4efce8a060828c5,Seminario Producción Fotográfica,Otros,Otros
6852eb0da4efce8a06082975,Escuela de inglés en Nuevo Chimbote,Ciencias Sociales y Humanidades,Certificado
6852eb0da4efce8a06082975,Administracion de Negocios Internacionales,Administración y Negocios,Estudiante
685342f9a4efce8a060829dc,Economía,Economía y Finanzas,Estudiante
682a85e9be4abab9b7f26104,Economía,Economía y Finanzas,Estudiante
68536995e460c82caef341fb,Agile Project Manager,Otros,Certificado
68536995e460c82caef341fb,Bachelor's Degree in International Business Administration,Otros,Bachiller
6853a5044bb2422d59a6a7b0,Certificación de Publicidad en Display de Google Ads,Otros,Certificado
6853a5044bb2422d59a6a7b0,Curso de Capacitación en Extracción y Procesamiento de Datos,Otros,Certificado
6853a5044bb2422d59a6a7b0,Certificación de Publicidad en Búsqueda de Google Ads,Otros,Certificado
6853a5044bb2422d59a6a7b0,Inbound Marketing,Administración y Negocios,Certificado
6853a5044bb2422d59a6a7b0,Marketing de Contenidos,Administración y Negocios,Certificado
6853a5044bb2422d59a6a7b0,Carrera de Publicidad,Otros,Estudiante
6828c1601e920694e9dec309,Especialización en POWER BI,Otros,Certificado
6828c1601e920694e9dec309,Excel Skills for Business: Intermediate I,Otros,Certificado
6828c1601e920694e9dec309,"Diplomado ""Acelera Tu Futuro LATAM""",Otros,Certificado
681ed59398135c66ec9435f6,Asistente de marketing,Administración y Negocios,Certificado
681ed59398135c66ec9435f6,Renueva tu imagen,Otros,Certificado
681ed59398135c66ec9435f6,Diseño gráfico digital,Arquitectura y Diseño,Certificado
681ed59398135c66ec9435f6,Asistente administrativo,Otros,Certificado
681ed59398135c66ec9435f6,Marketing digital,Administración y Negocios,Certificado
681ed59398135c66ec9435f6,Marketing de contenido,Administración y Negocios,Certificado
681ed59398135c66ec9435f6,Estudiante de Administración y Marketing,Administración y Negocios,Estudiante
681ed59398135c66ec9435f6,Gestor en temas empresariales,Otros,Certificado
6855bef14bb2422d59a6aa56,Carrera de Control de Calidad y Procesos en la Industria Alimentaria,Otros,Estudiante
6855be894bb2422d59a6aa3e,Community Manager,Otros,Certificado
6855be894bb2422d59a6aa3e,Gestor en temas empresariales,Otros,Certificado
6855be894bb2422d59a6aa3e,Growth Hacking,Otros,Certificado
6855be894bb2422d59a6aa3e,Administración y Marketing,Administración y Negocios,Bachiller
6855be894bb2422d59a6aa3e,Inbound Marketing,Administración y Negocios,Certificado
685756ce4bb2422d59a6ad95,Growth Marketing,Administración y Negocios,Certificado
685756ce4bb2422d59a6ad95,Becado en el Programa de aceleración para Startups - HubUDEP,Otros,Certificado
685756ce4bb2422d59a6ad95,Ingeniería de Computación y Sistemas,Ingeniería y Tecnología,Bachiller
683399232c68bf76bc40a792,Idioma inglés,Ciencias Sociales y Humanidades,Otros
683399232c68bf76bc40a792,Administración de Empresas,Administración y Negocios,Estudiante
683399232c68bf76bc40a792,Idioma italiano,Otros,Otros
681ed59398135c66ec9435f6,Estudiante de Administración y Marketing,Administración y Negocios,Estudiante
681ed59398135c66ec9435f6,Diseño gráfico digital,Arquitectura y Diseño,Certificado
681ed59398135c66ec9435f6,Gestor en temas empresariales,Otros,Certificado
681ed59398135c66ec9435f6,Marketing de contenido,Administración y Negocios,Certificado
681ed59398135c66ec9435f6,Renueva tu imagen,Otros,Certificado
681ed59398135c66ec9435f6,Asistente administrativo,Otros,Certificado
681ed59398135c66ec9435f6,Marketing digital,Administración y Negocios,Certificado
681ed59398135c66ec9435f6,Asistente de marketing,Administración y Negocios,Certificado
6859cf491e7c21e08bd9971e,ENFERMERÍA,Salud,Bachiller
685b593e1e7c21e08bd997d3,Psicología,Ciencias Sociales y Humanidades,Estudiante
6850a4849d9a4515392d42ae,INGENIERIA INDUSTRIAL,Ingeniería y Tecnología,Estudiante
685c6be31e7c21e08bd99a00,Curso de Inglés,Ciencias Sociales y Humanidades,Certificado
685c6be31e7c21e08bd99a00,Educación Secundaria,Ciencias Sociales y Humanidades,Diplomado
685c6be31e7c21e08bd99a00,Negocios Internacionales,Administración y Negocios,Estudiante
685c6be31e7c21e08bd99a00,Ingeniería Industrial y Comercial,Ingeniería y Tecnología,Estudiante
685384ad4bb2422d59a6a78f,Administración de empresas,Administración y Negocios,Estudiante
67a40d190ad0eb1b9d91c673,"Excel Básico, Intermedio y Avanzado",Otros,Certificado
685f2544fa3637d9d0fdba46,Ingeniería de Sistemas e Informática,Ingeniería y Tecnología,Bachiller
685f2661fa3637d9d0fdba6d,Ingeniería de Sistemas,Ingeniería y Tecnología,Estudiante
685f2547fa3637d9d0fdba4c,Ruta de Aprendizaje en Startup con MVP,Otros,Otros
685f2547fa3637d9d0fdba4c,Maestría en Gerencia de Servicios de la Salud,Salud,Maestría
685f2547fa3637d9d0fdba4c,Asistente Tributario,Otros,Certificado
685f2547fa3637d9d0fdba4c,Bachiller en Tecnología Médica en Terapia Física y Rehabilitación,Ingeniería y Tecnología,Bachiller
685f2c9cfa3637d9d0fdbbee,Microsoft Excel Skill Capacitaciones,Otros,Certificado
685f2c9cfa3637d9d0fdbbee,Inteligencia Artificial Salud - Introducción - Intermedio,Salud,Certificado
685f2c9cfa3637d9d0fdbbee,Taller de oratoria y comunicación efectiva profesional,Ciencias Sociales y Humanidades,Certificado
685f2c9cfa3637d9d0fdbbee,Procesamiento de imágenes con OpenCV,Otros,Certificado
685f2c9cfa3637d9d0fdbbee,Ingeniería Mecatrónica,Ingeniería y Tecnología,Bachiller
685f2c9cfa3637d9d0fdbbee,Machine Learning con Python,Otros,Certificado
685f5f64fa3637d9d0fdbea0,Ingeniería Informática,Ingeniería y Tecnología,Otros
685f5f64fa3637d9d0fdbea0,SEMINARIO DE INVESTIGACIÓN EN INTELIGENCIA ARTIFICIAL Y VISIÓN POR COMPUTADORA,Otros,Certificado
685f5f64fa3637d9d0fdbea0,II SEMINARIO DE INVESTIGACIÓN EN INTELIGENCIA ARTIFICIAL Y VISIÓN POR COMPUTADORA,Otros,Certificado
67eb341c4cf5ce7985898733,LEAN MANUFACTURING,Otros,Certificado
67eb341c4cf5ce7985898733,Project Management Fundamentals,Administración y Negocios,Certificado
67b9197fae69bca471707bec,Administración y Dirección de Tecnologías de la Información,Ingeniería y Tecnología,Maestría
6863238cfa3637d9d0fdc3d9,Maestría en Ciberseguridad y Ciberdefensa con Mención en transformación digital,Otros,Maestría
68636bb4373ce5a093022cf1,Digital Product Management,Administración y Negocios,Certificado
68636bb4373ce5a093022cf1,Bachelor of Business Administration (BBA),Otros,Bachiller
68636bb4373ce5a093022cf1,Administración y Negocios Internacionales,Administración y Negocios,
68655d8bbc40f083ac0c77b6,Excel,Otros,Certificado
68655d8bbc40f083ac0c77b6,Administración de Empresas,Administración y Negocios,Estudiante
68655d8bbc40f083ac0c77b6,Dirección Ejecutiva y Realidad Nacional,Otros,Certificado
68655d8bbc40f083ac0c77b6,Inglés- Intermedio II,Ciencias Sociales y Humanidades,Diplomado
68655d8bbc40f083ac0c77b6,Gestión de Operaciones,Administración y Negocios,Certificado
68655d8bbc40f083ac0c77b6,Análisis Financiero,Otros,Certificado
6865948dbc40f083ac0c7903,Beca Continuidad de estudios,Otros,Certificado
6865948dbc40f083ac0c7903,Derecho,Ciencias Sociales y Humanidades,Bachiller
6865948dbc40f083ac0c7903,Inglés,Ciencias Sociales y Humanidades,Certificado
6865a844bc40f083ac0c79ae,Bachiller en Derecho,Ciencias Sociales y Humanidades,Bachiller
6865a844bc40f083ac0c79ae,Inglés,Ciencias Sociales y Humanidades,Otros
6865a844bc40f083ac0c79ae,Beca Continuidad de estudios,Otros,Certificado
6865b65ebc40f083ac0c7a4e,Maestría,Otros,Maestría
6865b65ebc40f083ac0c7a4e,Maestría,Otros,Maestría
6865b65ebc40f083ac0c7a4e,Diplomado Internacional en Gestión Comercial,Administración y Negocios,Diplomado
6865b65ebc40f083ac0c7a4e,Diplomado en Gestión Comercial y Marketing,Administración y Negocios,Diplomado
6865b65ebc40f083ac0c7a4e,Programa de Especialización en Metodologías Ágiles,Otros,Certificado
6865b65ebc40f083ac0c7a4e,Programa de Especialización Lean Six Sigma Black Belt,Otros,Certificado
6865b65ebc40f083ac0c7a4e,Ingeniero Industrial,Ingeniería y Tecnología,Bachiller
6865b65ebc40f083ac0c7a4e,SQL Avanzado,Otros,Certificado
6865b65ebc40f083ac0c7a4e,PADE en Finanzas Corporativas,Economía y Finanzas,Diplomado
6865b65ebc40f083ac0c7a4e,Diplomado en Coaching Neurolingüístico,Otros,Diplomado
6865b65ebc40f083ac0c7a4e,Scrum Master & Fundamentals,Otros,Certificado
6865b65ebc40f083ac0c7a4e,Online Agility,Otros,Certificado
6865b65ebc40f083ac0c7a4e,Innovación y Transformación de Servicios Financieros,Otros,Certificado
6865b65ebc40f083ac0c7a4e,Inglés Avanzado,Ciencias Sociales y Humanidades,Certificado
6865b65ebc40f083ac0c7a4e,Gerencia de Proyectos PMBOK,Otros,Certificado
6865b65ebc40f083ac0c7a4e,Análisis de Costos y MPS – MRP,Otros,Certificado
6865b65ebc40f083ac0c7a4e,Gestión de PMO,Administración y Negocios,Certificado
6865b65ebc40f083ac0c7a4e,VSM – Value Stream Mapping,Otros,Certificado
6865b65ebc40f083ac0c7a4e,"Gestión de la Calidad, Alcance y Costos",Administración y Negocios,Certificado
6865b65ebc40f083ac0c7a4e,Oratoria y Storytelling,Otros,Certificado
6865b65ebc40f083ac0c7a4e,Power BI Avanzado,Otros,Certificado
6865e3abbc40f083ac0c7c0b,Educación Secundaria,Ciencias Sociales y Humanidades,Otros
6865e3abbc40f083ac0c7c0b,Programa de Inglés Nivel Básico,Ciencias Sociales y Humanidades,Certificado
6865e3abbc40f083ac0c7c0b,Educación Primaria,Ciencias Sociales y Humanidades,Otros
6865e3abbc40f083ac0c7c0b,Bachiller en Ciencias Biológicas,Otros,Bachiller
686c7a7fa220cbfd0f2a780f,Administración de Empresas,Administración y Negocios,Estudiante
686c8b7ea220cbfd0f2a78e7,COACHING EJECUTIVO,Otros,Certificado
686c8b7ea220cbfd0f2a78e7,MECÁNICA AUTOMOTRIZ,Otros,Certificado
686c8b7ea220cbfd0f2a78e7,CARRERA - INGENIERÍA INDUSTRIAL,Ingeniería y Tecnología,Bachiller
686c8b7ea220cbfd0f2a78e7,GESTIÓN DE VENTAS Y MKT,Administración y Negocios,Certificado
686c8b7ea220cbfd0f2a78e7,FINANZAS CORPORATIVAS,Economía y Finanzas,Certificado
686c8b7ea220cbfd0f2a78e7,SIX SIGMA,Otros,Certificado
686c8b7ea220cbfd0f2a78e7,METODOLOGÍAS ÁGILES,Otros,Certificado
686c8b7ea220cbfd0f2a78e7,BLACK BELT SIX SIGMA,Otros,Certificado
686c8b7ea220cbfd0f2a78e7,GERENCIA COMERCIAL,Administración y Negocios,Certificado
686c8b7ea220cbfd0f2a78e7,MÁSTER EN ADMINISTRACIÓN,Administración y Negocios,Maestría
686c8b7ea220cbfd0f2a78e7,SERVICIOS FINANCIEROS,Otros,Certificado
686c8b7ea220cbfd0f2a78e7,MBA BUSINESS ANALYTICS,Otros,Maestría
686c8b7ea220cbfd0f2a78e7,PROYECTOS PMBOK,Otros,Certificado
686d3f53a220cbfd0f2a79d8,Master of Global Business,Otros,Maestría
686d3f53a220cbfd0f2a79d8,BSc,Otros,Bachiller
686d3f53a220cbfd0f2a79d8,Microsoft Office Specialist Diploma,Otros,Diplomado
686d3f53a220cbfd0f2a79d8,MBA,Otros,Maestría
686d3f64a220cbfd0f2a79de,"Master of Global Business, M.Sc.",Otros,Maestría
686d3f64a220cbfd0f2a79de,"Business Administration, B.Sc.",Otros,Bachiller
686ef7f50fa52b300df26a67,Administración,Administración y Negocios,Estudiante
686ef7f50fa52b300df26a67,Excel Intermedio,Otros,Certificado
68704dfd0fa52b300df26c8d,Certificado de Inglés Nivel C1,Ciencias Sociales y Humanidades,Certificado
68704dfd0fa52b300df26c8d,Diploma en Sostenibilidad,Otros,Diplomado
68704dfd0fa52b300df26c8d,Curso de Inversiones en Deep Tech,Otros,Certificado
68704dfd0fa52b300df26c8d,Ingeniería Civil Industrial,Ingeniería y Tecnología,Bachiller
68704dfd0fa52b300df26c8d,Data & Full Stack Engineer Career Path,Otros,Certificado
68704dfd0fa52b300df26c8d,Magíster en Innovación y Emprendimiento Tecnológico,Otros,Maestría
68704dfd0fa52b300df26c8d,Diplomado en Emprendimientos,Otros,Diplomado
68704dfd0fa52b300df26c8d,Programa de Certificación de Mentores Red IU,Otros,Certificado
68704dfd0fa52b300df26c8d,Formación en Capital de Riesgo y Sostenibilidad,Otros,Certificado
687049c50fa52b300df26c11,Programa en Excel Profesional,Otros,Certificado
687049c50fa52b300df26c11,Bachiller en Ciencias e Ingeniería con mención en Ingeniería Mecatrónica,Ingeniería y Tecnología,Bachiller
687049c50fa52b300df26c11,Programa de Inglés para Adultos - Nivel avanzado C1,Ciencias Sociales y Humanidades,Certificado
68704c670fa52b300df26c37,Ingeniería Agroindustrial,Ingeniería y Tecnología,Bachiller
68704c670fa52b300df26c37,Estudiante de Educación Inicial,Ciencias Sociales y Humanidades,Estudiante
687064070fa52b300df26e88,Ingeniería Empresarial,Ingeniería y Tecnología,Estudiante
687066c449fccafa690547f0,Programa Diploma,Otros,Diplomado
687066c449fccafa690547f0,Pregrado - Ingeniería Industrial,Ingeniería y Tecnología,Bachiller
67e8b3bf4cf5ce79858983fb,Ciencias da Computação (Intercambio),Otros,Estudiante
67e8b3bf4cf5ce79858983fb,Ing. Informática,Ingeniería y Tecnología,Estudiante
6872db2049fccafa69054b69,Ingeniería de Gestión Empresarial,Ingeniería y Tecnología,Estudiante
6872db2049fccafa69054b69,Curso de Marketing Digital,Administración y Negocios,Certificado
6872ebe549fccafa69054ba8,Marketing,Administración y Negocios,Estudiante
6872f3b449fccafa69054c41,Bachillerato Internacional y Programa Bilingüe,Otros,Otros
6872f3b449fccafa69054c41,Ingeniería Empresarial,Ingeniería y Tecnología,Bachiller
6874094449fccafa69054e23,Educación Superior,Ciencias Sociales y Humanidades,Estudiante
6874094449fccafa69054e23,Educación Secundaria,Ciencias Sociales y Humanidades,Otros
6874094449fccafa69054e23,Especialización en inglés,Ciencias Sociales y Humanidades,Certificado
6875404449fccafa690552f7,Derecho,Ciencias Sociales y Humanidades,Estudiante
6875404449fccafa690552f7,"""Gestión de Programas Sociales"" de la iniciativa ""Agentes de Cambio""",Administración y Negocios,Otros
6875404449fccafa690552f7,"""VARIACIÓN DEL MONTO DE LA PENSIÓN DE ALIMENTOS: AUMENTO Y REDUCCIÓN"",",Otros,Certificado
6823c023a9a28ee00f4843b2,Administración,Administración y Negocios,Estudiante
6823c023a9a28ee00f4843b2,Excel intermedio,Otros,Certificado
6823c023a9a28ee00f4843b2,Inglés Avanzado,Ciencias Sociales y Humanidades,Certificado
6875a1b949fccafa690554ce,Ingeniería Empresarial,Ingeniería y Tecnología,Estudiante
68766d5a49fccafa690555b1,Beca,Otros,Certificado
68766d5a49fccafa690555b1,Gestión y Alta Dirección,Administración y Negocios,Estudiante
6876750e49fccafa69055676,Programa de Empleabilidad “Impulsando Talento con Valores”,Otros,Certificado
6876750e49fccafa69055676,Contabilidad y Finanzas,Economía y Finanzas,Estudiante
6876750e49fccafa69055676,"Formación en Marca personal, Comunicación efectiva, Proactividad y Trabajo en equipo",Ciencias Sociales y Humanidades,Certificado
66b9837f1f38bd5f50205598,"Programa de Especialización: Análisis Predictivo, Pronósticos y Forecasting para Finanzas con Software",Ingeniería y Tecnología,Certificado
66b9837f1f38bd5f50205598,"Programa de Especialización: Bolsa de Valores, Gestión de Inversiones y Finanzas Cuantitativas con Software",Ingeniería y Tecnología,Certificado
66b9837f1f38bd5f50205598,Power BI intermedio,Otros,Certificado
66b9837f1f38bd5f50205598,Power BI: transformación de datos,Otros,Certificado
66b9837f1f38bd5f50205598,Programación en PYTHON intermedio,Otros,Certificado
66b9837f1f38bd5f50205598,Curso de Programación Optimización de Datos con SQL,Otros,Certificado
66b9837f1f38bd5f50205598,Estudiante de 4to ciclo de Big Data y Ciencia de Datos,Ingeniería y Tecnología,Estudiante
66b9837f1f38bd5f50205598,Excel intermedio 2019,Otros,Certificado
66b9837f1f38bd5f50205598,Machine Learning con PYTHON,Otros,Certificado
66b9837f1f38bd5f50205598,Programa de Especialización: Econometría Aplicada y Análisis de Datos con Software,Ingeniería y Tecnología,Certificado
66b9837f1f38bd5f50205598,Curso de Automatización y Eficiencia en la Educación con Inteligencia Artificial,Ciencias Sociales y Humanidades,Certificado
6876a7a949fccafa690557e9,Java con Spring Boot,Otros,Certificado
6876a7a949fccafa690557e9,Kotlin,Otros,Certificado
6876a7a949fccafa690557e9,Git y GitHub,Otros,Certificado
6876a7a949fccafa690557e9,Diseño y Desarrollo de Software,Ingeniería y Tecnología,Estudiante
6876a7a949fccafa690557e9,Inglés,Ciencias Sociales y Humanidades,Certificado
6876b0f749fccafa690558e4,Certificaciones y Estándares de Sostenibilidad Corporativa,Otros,Certificado
6876b0f749fccafa690558e4,Excel Avanzado,Otros,Certificado
6876b0f749fccafa690558e4,Seminario de Emprendedoras con A,Otros,Certificado
6876b0f749fccafa690558e4,Investment Risk Management,Administración y Negocios,Certificado
6876b0f749fccafa690558e4,ISO 31000 – Gestión Integral de Riesgos,Administración y Negocios,Certificado
6876b0f749fccafa690558e4,Ingeniería Industrial y Comercial,Ingeniería y Tecnología,Bachiller
6876b0f749fccafa690558e4,Marketing Digital para Emprendedores,Administración y Negocios,Certificado
6876b0f749fccafa690558e4,Power BI,Otros,Certificado
6876eb1d49fccafa690559e5,Inventor,Otros,Certificado
6876eb1d49fccafa690559e5,Diseño y Desarrollo de Software,Ingeniería y Tecnología,Estudiante
6876eb1d49fccafa690559e5,Cálculo,Otros,Certificado
6877095249fccafa69055bb0,Diseño industrial,Ingeniería y Tecnología,Bachiller
68769e8f49fccafa6905579b,Nivel intermedio de Laravel,Otros,Certificado
68769e8f49fccafa6905579b,Nivel básico de React JS,Otros,Certificado
68769e8f49fccafa6905579b,Nivel básico de Django,Otros,Certificado
68769e8f49fccafa6905579b,Nivel básico de Python,Otros,Certificado
68769e8f49fccafa6905579b,Nivel intermedio de CSS,Otros,Certificado
68769e8f49fccafa6905579b,Nivel intermedio de SQL,Otros,Certificado
68769e8f49fccafa6905579b,Diseño y Desarrollo de Software,Ingeniería y Tecnología,Estudiante
68769e8f49fccafa6905579b,Nivel intermedio de JavaScript,Otros,Certificado
68769e8f49fccafa6905579b,Nivel básico de Tailwind CSS,Otros,Certificado
687767a949fccafa6905626a,Bachiller en Contabilidad,Economía y Finanzas,Diplomado
687767a949fccafa6905626a,Licenciatura en Ingeniería Electromecánica,Ingeniería y Tecnología,Estudiante
6877d7da49fccafa690563a7,Educación Secundaria,Ciencias Sociales y Humanidades,Otros
6877d7da49fccafa690563a7,Administración y Finanzas,Administración y Negocios,Estudiante
682be1e96624490acdbfe626,Semillero de Investigación,Otros,Otros
682be1e96624490acdbfe626,Programa de Liderazgo,Otros,Certificado
682be1e96624490acdbfe626,Bootcamp de emprendimiento,Otros,Otros
682be1e96624490acdbfe626,Administración de Empresas,Administración y Negocios,Bachiller
682be1e96624490acdbfe626,Programa de Futuros Líderes,Otros,Otros
68780e7e49fccafa690564a8,Ingeniería Industrial,Ingeniería y Tecnología,Bachiller
68780e7e49fccafa690564a8,Inglés intermedio,Ciencias Sociales y Humanidades,Certificado
6872a30349fccafa69054b63,CIENCIAS DE LA COMPUTACIÓN,Ingeniería y Tecnología,Estudiante
687858a749fccafa6905657f,Programación en PYTHON intermedio,Otros,Certificado
687858a749fccafa6905657f,Machine Learning con PYTHON,Otros,Certificado
687858a749fccafa6905657f,"Análisis predictivo, pronósticos y forecasting para finanzas con software",Ingeniería y Tecnología,Certificado
687858a749fccafa6905657f,Curso de programación optimización de datos con SQL,Otros,Certificado
687858a749fccafa6905657f,Curso de automatización y eficiencia en la educación con inteligencia artificial,Ciencias Sociales y Humanidades,Certificado
687858a749fccafa6905657f,"Bolsa de valores, gestión de inversiones y finanzas cuantitativas con softwares",Ingeniería y Tecnología,Certificado
687858a749fccafa6905657f,Econometría aplicada y análisis de datos con software,Ingeniería y Tecnología,Certificado
687858a749fccafa6905657f,Power BI intermedio,Otros,Certificado
687858a749fccafa6905657f,Excel intermedio 2019,Otros,Certificado
687858a749fccafa6905657f,Big Data y Ciencia de Datos,Ingeniería y Tecnología,Estudiante
687858a749fccafa6905657f,Power BI: transformación de datos,Otros,Certificado
6848a8da3d90bb46cb4049c8,- Inteligencia emocional,Otros,
6878faca36b9dcf971e47183,Educación Superior Técnica en Ciberseguridad,Ciencias Sociales y Humanidades,Otros
6878faca36b9dcf971e47183,Programación Web Full Stack,Otros,Otros
6878faca36b9dcf971e47183,Desarrollo de Sistemas de Información,Ingeniería y Tecnología,Estudiante
6878faca36b9dcf971e47183,Especialización en Ciberseguridad,Otros,Otros
687946dc36b9dcf971e47293,Administración,Administración y Negocios,Bachiller
687946dc36b9dcf971e47293,Área de operaciones y logistica,Otros,Otros
6879b49a36b9dcf971e47331,Economics,Economía y Finanzas,Bachiller
6879b49a36b9dcf971e47331,"Business Administration, Corporate Finance, and Economics",Economía y Finanzas,Otros
685f2cb5fa3637d9d0fdbbf5,estimulación temprana,Otros,Certificado
685f2cb5fa3637d9d0fdbbf5,inyectable y venoclisis,Otros,Certificado
685f2cb5fa3637d9d0fdbbf5,taller de inyectoterapia,Otros,Certificado
685f2cb5fa3637d9d0fdbbf5,Enfermería Técnica,Salud,Diplomado
687a7e624d4cc2a8b8d0b559,Economía,Economía y Finanzas,Estudiante
687a84704d4cc2a8b8d0b622,Especialista en Applied Data Science with Python,Ingeniería y Tecnología,Certificado
687a84704d4cc2a8b8d0b622,Scrum Esencial,Otros,Otros
687a84704d4cc2a8b8d0b622,Bachiller en Ingeniería Electrónica,Ingeniería y Tecnología,Bachiller
687a84704d4cc2a8b8d0b622,Intro to SQL for Data Science Course,Ingeniería y Tecnología,Otros
687a84704d4cc2a8b8d0b622,Scrum Avanzado,Otros,Otros
687a84704d4cc2a8b8d0b622,Diseño de Redes FTTH,Ingeniería y Tecnología,Otros
687a84704d4cc2a8b8d0b622,Intro to Python for Data Science Course,Ingeniería y Tecnología,Otros
687a84704d4cc2a8b8d0b622,Instalador de fibra óptica,Otros,Otros
687a84704d4cc2a8b8d0b622,Especialista en Ingeniería de Telecomunicaciones,Ingeniería y Tecnología,Certificado
687a84704d4cc2a8b8d0b622,Especialista en Comunicaciones Ópticas,Ciencias Sociales y Humanidades,Certificado
687a84704d4cc2a8b8d0b622,Especialista en Lenguaje de Programación Python,Otros,Certificado
687a84704d4cc2a8b8d0b622,SCRUM: Roles,Otros,Otros
687a84704d4cc2a8b8d0b622,Análisis de datos en Excel,Otros,Otros
687a84704d4cc2a8b8d0b622,Domina Python: Nivel 2,Otros,Otros
687a84704d4cc2a8b8d0b622,Python Avanzado 2,Otros,Otros
687a84704d4cc2a8b8d0b622,Python Avanzado,Otros,Otros
687a84704d4cc2a8b8d0b622,Domina Python,Otros,Otros
687a84704d4cc2a8b8d0b622,Desafío de Programación: Python,Otros,Otros
687a84704d4cc2a8b8d0b622,Scrum Fundamentals Certified (SFC™),Otros,Certificado
687a84704d4cc2a8b8d0b622,Scrum Master Certification,Otros,Certificado
687a84704d4cc2a8b8d0b622,Using MongoDB with Python,Otros,Certificado
687a84704d4cc2a8b8d0b622,Python Esencial,Otros,Otros
687a84704d4cc2a8b8d0b622,Características de un gran Scrum Master,Otros,Otros
687af1d20db83f5acbb23aaa,Certificate,Otros,Certificado
687af1d20db83f5acbb23aaa,Comunicación Corporativa,Ciencias Sociales y Humanidades,Bachiller
687b0c2c0db83f5acbb23cdb,Administración y Finanzas,Administración y Negocios,Estudiante
687b0c2c0db83f5acbb23cdb,Valuation Trainee,Otros,Certificado
687baa350db83f5acbb23dfb,Ingeniería Electrónica,Ingeniería y Tecnología,Estudiante
687baa350db83f5acbb23dfb,Especialización en CAD 2D,Otros,Certificado
687baa350db83f5acbb23dfb,Técnico en Ingeniería Electrónica,Ingeniería y Tecnología,Diplomado
687cd10ba50da0d72139a2e6,Ingeniería en Gestión Empresarial,Ingeniería y Tecnología,Bachiller
687cd10ba50da0d72139a2e6,Educación Escolar,Ciencias Sociales y Humanidades,Otros
681d72e398135c66ec94341c,Programa de Especialización en Auditor de Seguridad y Salud en el Trabajo,Salud,Certificado
687f1f99a50da0d72139a4be,Ingeniería Mecánica,Ingeniería y Tecnología,
68802ffca50da0d72139a63a,Inglés niveles I-II-III-IV-V-VI,Ciencias Sociales y Humanidades,Certificado
68802ffca50da0d72139a63a,Educación Secundaria,Ciencias Sociales y Humanidades,Otros
68802ffca50da0d72139a63a,Educación Inicial,Ciencias Sociales y Humanidades,Otros
68802ffca50da0d72139a63a,Educación Primaria,Ciencias Sociales y Humanidades,Otros
68802ffca50da0d72139a63a,Informática,Ingeniería y Tecnología,Certificado
68802ffca50da0d72139a63a,Licenciada en Ciencias de la Comunicación,Ciencias Sociales y Humanidades,Bachiller
68811af8d4b91698ebcf5e31,"Ingeniería de Sistemas con mención en Base de Datos, Redes y Programación",Ingeniería y Tecnología,Bachiller
687af0e10db83f5acbb23a7a,Diseño industrial,Ingeniería y Tecnología,Estudiante
67dc326b4cf5ce7985897a1c,Ingeniería de Sistemas,Ingeniería y Tecnología,Bachiller
6883fc0e62f67e216542ca23,International Business Administration,Otros,Maestría
6883fc0e62f67e216542ca23,Ingeniería Industrial y Comercial,Ingeniería y Tecnología,Bachiller
6883fc0e62f67e216542ca23,Certificación en Dirección de proyectos,Otros,Certificado
68853f6662f67e216542cb99,Idioma Inglés,Ciencias Sociales y Humanidades,
68853f6662f67e216542cb99,Diploma Alumno Destacado,Otros,Diplomado
68853f6662f67e216542cb99,Bach. en Ingeniería Ambiental,Ingeniería y Tecnología,Bachiller
6885884c62f67e216542cd81,Educación Secundaria,Ciencias Sociales y Humanidades,Otros
6885884c62f67e216542cd81,Ingeniería en Gestión Empresarial,Ingeniería y Tecnología,Estudiante
6885884c62f67e216542cd81,Excel - Avanzado,Otros,Certificado
6885884c62f67e216542cd81,Inglés Básico,Ciencias Sociales y Humanidades,Certificado
685f2544fa3637d9d0fdba46,Seguridad de la Información,Otros,Diplomado
6885a8e762f67e216542d02d,Administración y marketing,Administración y Negocios,Bachiller
6885a8e762f67e216542d02d,Inglés avanzado,Ciencias Sociales y Humanidades,Certificado
6886fe133130ffc3073abec8,"Curso de Chino Mandarín, Intermedio 3",Otros,Certificado
6886fe133130ffc3073abec8,Administración y Negocios Internacionales,Administración y Negocios,Estudiante
6886fe133130ffc3073abec8,Programa intensivo de idioma y cultura china,Otros,Otros
6884392a62f67e216542cb3e,Ingenieria Informática,Ingeniería y Tecnología,Estudiante
6884392a62f67e216542cb3e,Ciência da Computação,Otros,Otros
688850b9c9b3008eedd3d3ff,Licenciado de la carrera de Economía y Negocios Internacionales,Administración y Negocios,Bachiller
688ad3680fec22c9dc3f961c,IX Congreso Internacional de Derecho Civil Patrimonial,Ingeniería y Tecnología,Certificado
688ad3680fec22c9dc3f961c,Certificación de idioma inglés en nivel avanzado,Ciencias Sociales y Humanidades,Certificado
688ad3680fec22c9dc3f961c,III Curso de Redacción Jurídica de Contratos,Otros,Certificado
688ad3680fec22c9dc3f961c,X Curso de Actualización de Derecho Laboral,Ciencias Sociales y Humanidades,Certificado
688ad3680fec22c9dc3f961c,Curso de Introducción a la Propiedad Intelectual,Otros,Certificado
688ad3680fec22c9dc3f961c,Derecho,Ciencias Sociales y Humanidades,Estudiante
688ad3680fec22c9dc3f961c,Derecho Penal Básico,Ciencias Sociales y Humanidades,Certificado
688ad3680fec22c9dc3f961c,El control judicial del Parlamento en la experiencia de España y de Perú,Otros,Certificado
688ad3680fec22c9dc3f961c,Delitos Económicos en el Derecho Internacional,Ciencias Sociales y Humanidades,Certificado
688ad3680fec22c9dc3f961c,Jornadas Nacionales de Derecho Civil,Ingeniería y Tecnología,Certificado
688ae4630fec22c9dc3f9725,Inglés Avanzado,Ciencias Sociales y Humanidades,Certificado
688ae4630fec22c9dc3f9725,Bachillerato Internacional,Otros,Diplomado
688ae4630fec22c9dc3f9725,Ciencia de la Computación,Ingeniería y Tecnología,Estudiante
68894f5dc9b3008eedd3d5a3,Educación Secundaria,Ciencias Sociales y Humanidades,Otros
68894f5dc9b3008eedd3d5a3,Psicología,Ciencias Sociales y Humanidades,Bachiller
688b7b2e0fec22c9dc3f9931,Ingeniería industrial,Ingeniería y Tecnología,Estudiante
6823e33da9a28ee00f484652,REPARACIÓN DE LINEA BLANCA,Otros,Diplomado
688b95110fec22c9dc3f9a07,Ingeniería Industrial,Ingeniería y Tecnología,Bachiller
688b97c90fec22c9dc3f9aec,Curso de AutoCAD Básico,Otros,Certificado
688b97c90fec22c9dc3f9aec,Educación Secundaria,Ciencias Sociales y Humanidades,Otros
688b97c90fec22c9dc3f9aec,Ingeniería Industrial,Ingeniería y Tecnología,Estudiante
688b97c90fec22c9dc3f9aec,Curso de Microsoft Excel Intermedio,Otros,Certificado
688c1e2c0fec22c9dc3f9c34,"Bachelor in Philosophy, with special diploma in Politics",Otros,Bachiller
688c1e2c0fec22c9dc3f9c34,High School Diploma,Otros,Otros
688c1e2c0fec22c9dc3f9c34,"Global Current Affairs, Law, Economy, Diplomacy, History, Geography, etc.",Otros,Otros
6823b253a9a28ee00f4843a6,Educación Secundaria,Ciencias Sociales y Humanidades,Otros
6823b253a9a28ee00f4843a6,Ingeniería en Gestión Empresarial,Ingeniería y Tecnología,
688d34d531cfb7af211fd6db,Administración de Empresas,Administración y Negocios,Bachiller
688d34d531cfb7af211fd6db,Programa de Futuros Líderes,Otros,Otros
688d34d531cfb7af211fd6db,Programa de Liderazgo,Otros,Certificado
688d34d531cfb7af211fd6db,Bootcamp de emprendimiento,Otros,Otros
688d34d531cfb7af211fd6db,Semillero de Investigación,Otros,Otros
688e66b631cfb7af211fd9cf,Educación Secundaria,Ciencias Sociales y Humanidades,Otros
688e66b631cfb7af211fd9cf,Ed. Sec. Ciencias Sociales y Turismo,Otros,Bachiller
688e66b631cfb7af211fd9cf,Primaria,Otros,Otros
688ef32131cfb7af211fda43,Administración,Administración y Negocios,Bachiller
688ef32131cfb7af211fda43,Educación Secundaria,Ciencias Sociales y Humanidades,Otros
688ef32131cfb7af211fda43,Inglés avanzado,Ciencias Sociales y Humanidades,Certificado
688ff33931cfb7af211fdb0c,Curso “Microsoft Office Intermedio”,Otros,Certificado
688ff33931cfb7af211fdb0c,Curso “Lean Supply Chain”,Otros,Certificado
688ff33931cfb7af211fdb0c,Curso “Excel Avanzado”,Otros,Certificado
688ff33931cfb7af211fdb0c,Curso “Inglés Intermedio”,Ciencias Sociales y Humanidades,Certificado
688ff33931cfb7af211fdb0c,Curso “Power BI”,Otros,Certificado
688ff33931cfb7af211fdb0c,Ingeniería Industrial,Ingeniería y Tecnología,Estudiante
688ff33931cfb7af211fdb0c,Curso “Bizagi”,Otros,Certificado
688ff33931cfb7af211fdb0c,Curso “SAP MM”,Otros,Certificado
689031ca31cfb7af211fdb81,Ingenieria Civil,Ingeniería y Tecnología,Estudiante
6890260031cfb7af211fdb60,Derecho,Ciencias Sociales y Humanidades,Estudiante
6894a8592e0f5c8ce976d7bf,Bachiller en Administración y Finanzas,Administración y Negocios,Bachiller
6894db662ff0c11e9817eb69,Customer Experience Sales Training,Otros,Otros
6894db662ff0c11e9817eb69,Inglés - Nivel avanzado,Ciencias Sociales y Humanidades,Otros
6894db662ff0c11e9817eb69,Excel - Nivel Avanzado,Otros,Otros
6894db662ff0c11e9817eb69,Bachiller en Ingeniería Industrial,Ingeniería y Tecnología,Bachiller
6875346b49fccafa690552b6,Inventor Professional,Otros,Certificado
6875346b49fccafa690552b6,Fusion 360,Otros,Certificado
6875346b49fccafa690552b6,3ds Max,Otros,Certificado
6875346b49fccafa690552b6,Da Vinci Resolve,Otros,Certificado
6875346b49fccafa690552b6,Ultimaker Cura,Otros,Certificado
6875346b49fccafa690552b6,Diseño Industrial,Ingeniería y Tecnología,Estudiante
6875346b49fccafa690552b6,Photoshop,Otros,Certificado
6875346b49fccafa690552b6,AutoCAD,Otros,Certificado
6875346b49fccafa690552b6,Inglés,Ciencias Sociales y Humanidades,Certificado
6875346b49fccafa690552b6,Illustrator,Otros,Certificado
689b797077f1ba86edd5f25c,Ingeniería Forestal y Ambiental,Ingeniería y Tecnología,Bachiller
67b78e62ae69bca4717070ac,Especialización en Gerencia de Producción,Otros,Otros
689c0ffa77f1ba86edd5f49d,Programa Especializado en Diseño Instruccional: Aprendizaje activo y Pedagogía Digital,Arquitectura y Diseño,Certificado
689c0ffa77f1ba86edd5f49d,Bachiller en Derecho y Ciencias Políticas,Ciencias Sociales y Humanidades,Bachiller
689c0ffa77f1ba86edd5f49d,Estudios de Pregrado de VII ciclo en Educación con especialidad en Inglés-Francés,Ciencias Sociales y Humanidades,Bachiller
689c0ffa77f1ba86edd5f49d,Programa de especialización en Métodos de Educación Efectiva,Ciencias Sociales y Humanidades,Certificado
689c0ffa77f1ba86edd5f49d,Curso: Implementando la Inclusión en Instituciones Educativas,Otros,Certificado
689c0ffa77f1ba86edd5f49d,Curso: Herramientas Multiplataforma de Google,Otros,Certificado
689c0ffa77f1ba86edd5f49d,XXVII Programa de Especialización del Agente Inmobiliario,Otros,Certificado
689c0ffa77f1ba86edd5f49d,CURSO: De la Clase Presencial a la enseñanza Remota,Otros,Certificado
689c0ffa77f1ba86edd5f49d,CURSO: Comunicación de Evidencias de Monitoreo y Evaluación,Ciencias Sociales y Humanidades,Certificado
689c0ffa77f1ba86edd5f49d,CURSO: Gestión Pública con Enfoque Intercultural,Administración y Negocios,Certificado
689c0ffa77f1ba86edd5f49d,CURSO: Gestión Pública con Énfasis en Desarrollo Infantil Temprano,Administración y Negocios,Certificado
689c0ffa77f1ba86edd5f49d,"CURSO: Gobernanza, Innovación y Liderazgo del siglo XXI",Otros,Certificado
689c0ffa77f1ba86edd5f49d,Diploma de Especialización en Gestión Pública,Administración y Negocios,Diplomado
689c0ffa77f1ba86edd5f49d,Egresada del Programa de Inglés,Ciencias Sociales y Humanidades,Certificado
689c0ffa77f1ba86edd5f49d,Estudiante de Francés,Otros,Estudiante
689c0ffa77f1ba86edd5f49d,Curso: Gestión para directores de Instituciones Educativas,Administración y Negocios,Certificado
689c0ffa77f1ba86edd5f49d,Curso: Evaluación del y para el aprendizaje en educación universitaria,Ciencias Sociales y Humanidades,Certificado
689c263e77f1ba86edd5f547,Bachiller en Derecho y Ciencias Políticas,Ciencias Sociales y Humanidades,Bachiller
689c263e77f1ba86edd5f547,VII ciclo en Educación con especialidad en Inglés-Francés,Ciencias Sociales y Humanidades,Estudiante
6894ee952ff0c11e9817ec94,Ingeniería Industrial,Ingeniería y Tecnología,Estudiante
689cbcc277f1ba86edd5f910,Comunicación Audio Visual,Ciencias Sociales y Humanidades,Estudiante
689cbcc277f1ba86edd5f910,Comunicación y Publicidad,Ciencias Sociales y Humanidades,Estudiante
689d48d477f1ba86edd5fb4b,Administración y Ciencia de Datos,Ingeniería y Tecnología,Estudiante
689d48d477f1ba86edd5fb4b,Marketing Digital,Administración y Negocios,Certificado
689d48d477f1ba86edd5fb4b,Excel Avanzado,Otros,Certificado
689d48d477f1ba86edd5fb4b,Cajero Financiero y Comercial,Administración y Negocios,Certificado
689d48d477f1ba86edd5fb4b,Marketing,Administración y Negocios,Estudiante
689d48d477f1ba86edd5fb4b,Introducción a Data Science,Ingeniería y Tecnología,Certificado
689d607b77f1ba86edd5fc28,Ingeniería Industrial,Ingeniería y Tecnología,Estudiante
689e76ab77f1ba86edd60051,Ingeniería Industrial,Ingeniería y Tecnología,Bachiller
689e76ab77f1ba86edd60051,Intercambio Internacional,Otros,Otros
689e76ab77f1ba86edd60051,Inglés,Ciencias Sociales y Humanidades,Certificado
689e76ab77f1ba86edd60051,Viaje Académico,Otros,Otros
689e76ab77f1ba86edd60051,Alemán,Otros,Certificado
689e76ab77f1ba86edd60051,Conferencia,Otros,Certificado
689e76ab77f1ba86edd60051,Congreso,Otros,Otros
689e76ab77f1ba86edd60051,Charla,Otros,Certificado
689e76ab77f1ba86edd60051,Curso,Otros,Certificado
683340c82c68bf76bc40a64d,Mención en Negocios,Administración y Negocios,Estudiante
683340c82c68bf76bc40a64d,Ingeniería mecatrónica,Ingeniería y Tecnología,Estudiante
683340c82c68bf76bc40a64d,Educación Secundaria,Ciencias Sociales y Humanidades,Otros
689e783577f1ba86edd60132,Cloud Computing: AWS - AZURE - GOOGLE CLOUD,Otros,Certificado
689e783577f1ba86edd60132,Gestión por proceso,Administración y Negocios,Certificado
689e783577f1ba86edd60132,Exploración de datos,Otros,Certificado
689e783577f1ba86edd60132,"Power BI, Excel Avanzado",Otros,Certificado
689e783577f1ba86edd60132,Excel BI,Otros,Certificado
689e783577f1ba86edd60132,Ingeniería Industrial,Ingeniería y Tecnología,Bachiller
689e783577f1ba86edd60132,"SAP MÓDULO FI, CO Y PP",Otros,Certificado
689e783577f1ba86edd60132,Programa de Competencias Digitales,Otros,Certificado
689e736377f1ba86edd5ffdb,"Power BI, SQL",Otros,Certificado
689e736377f1ba86edd5ffdb,Ingeniería Industrial,Ingeniería y Tecnología,Estudiante
689e736377f1ba86edd5ffdb,Inglés,Ciencias Sociales y Humanidades,Certificado
689e736377f1ba86edd5ffdb,Ofimática Profesional,Otros,Certificado
689e788a77f1ba86edd601f3,Estudiante de la carrera de Ing. Industrial,Ingeniería y Tecnología,Estudiante
689e788a77f1ba86edd601f3,Certificado de curso de especialización en Ofimática Profesional,Otros,Certificado
689e788a77f1ba86edd601f3,Estudiante de la carrera de Ing. Industrial,Ingeniería y Tecnología,Estudiante
689e788a77f1ba86edd601f3,Estudiante del curso SAC MM,Otros,Estudiante
689e788a77f1ba86edd601f3,Certificado en POWER BI,Otros,Certificado
689e798877f1ba86edd602ea,Ofimática,Otros,Certificado
689e798877f1ba86edd602ea,Inglés Intermedio V,Ciencias Sociales y Humanidades,Certificado
689e798877f1ba86edd602ea,Ingeniería Industrial,Ingeniería y Tecnología,Bachiller
689e7b1677f1ba86edd60350,Ingeniería de Software,Ingeniería y Tecnología,Bachiller
689e7b1677f1ba86edd60350,Introducción a las Ciencias de la Computación,Ingeniería y Tecnología,Certificado
689e762377f1ba86edd60028,Ingenieria Industrial,Ingeniería y Tecnología,Estudiante
689e798877f1ba86edd602ea,Gestión de Proyectos,Administración y Negocios,Certificado
689e798877f1ba86edd602ea,Gestión de Proyectos,Administración y Negocios,Certificado
6898e00177d76101f3e00c13,Diploma,Otros,Otros
6898e00177d76101f3e00c13,Diploma,Otros,Otros
6898e00177d76101f3e00c13,Diploma,Otros,Otros
6898e00177d76101f3e00c13,Ingeniería Industrial,Ingeniería y Tecnología,Estudiante
689e765977f1ba86edd6002e,Administración de Turismo,Administración y Negocios,Estudiante
689e765977f1ba86edd6002e,Educación Secundaria,Ciencias Sociales y Humanidades,Estudiante
689eaef277f1ba86edd608ce,Excel,Otros,Otros
689eaef277f1ba86edd608ce,Educación Secundaria,Ciencias Sociales y Humanidades,Otros
689eaef277f1ba86edd608ce,Ingeniería Industrial,Ingeniería y Tecnología,Estudiante
689eaef277f1ba86edd608ce,Power BI,Otros,Certificado
689eaef277f1ba86edd608ce,Logística y Almacenes,Otros,Estudiante
689ecb1577f1ba86edd60a40,Ingeniería Industrial,Ingeniería y Tecnología,Estudiante
689f709d77f1ba86edd60b2b,Ingeniería Industrial,Ingeniería y Tecnología,Estudiante
689f709d77f1ba86edd60b2b,Curso de Simulación,Otros,Certificado
689f709d77f1ba86edd60b2b,Educación Secundaria,Ciencias Sociales y Humanidades,Otros
689f709d77f1ba86edd60b2b,Inglés,Ciencias Sociales y Humanidades,Estudiante
689fc65677f1ba86edd6118f,,,Certificado
689fc65677f1ba86edd6118f,Ingeniería Industrial,Ingeniería y Tecnología,Estudiante
689fd36c77f1ba86edd61326,Ingeniería en Mecatrónica,Ingeniería y Tecnología,Bachiller
689fd3f677f1ba86edd61372,Licenciatura en Administración,Administración y Negocios,Bachiller
689fd3f677f1ba86edd61372,Carrera técnica en Contabilidad con Informática,Ingeniería y Tecnología,Diplomado
689fd3f677f1ba86edd61372,Presidenta Mesa Directiva Local,Otros,Otros
689fd41977f1ba86edd61385,Inglés C1,Ciencias Sociales y Humanidades,Certificado
689fd41977f1ba86edd61385,Negociación de Impacto,Otros,Certificado
689fd41977f1ba86edd61385,Licenciatura en Negocios Internacionales,Administración y Negocios,Bachiller
689fd41977f1ba86edd61385,Power BI,Otros,Certificado
689fdda377f1ba86edd614bc,Ingeniería Industrial,Ingeniería y Tecnología,Estudiante
689fdda377f1ba86edd614bc,Educación Secundaria,Ciencias Sociales y Humanidades,Estudiante
689fdda377f1ba86edd614bc,CONGRESO NACIONAL DE ESTUDIANTES DE INGENIERÍA INDUSTRIAL – CONEII,Ingeniería y Tecnología,Certificado
689fdda377f1ba86edd614bc,Excel Intermedio,Otros,
688b95110fec22c9dc3f9a07,CONGRESO NACIONAL DE ESTUDIANTES DE INGENIERÍA INDUSTRIAL – CONEII,Ingeniería y Tecnología,Certificado
689a39e977d76101f3e00cac,Microsoft Excel – Nivel Intermedio,Otros,Certificado
689a39e977d76101f3e00cac,Asistente de docencia en Física,Ciencias,Certificado
689a39e977d76101f3e00cac,Asistente de docencia en Química,Ciencias,Certificado
689a39e977d76101f3e00cac,Inglés – Nivel Intermedio,Ciencias Sociales y Humanidades,Certificado
689a39e977d76101f3e00cac,AutoCAD – Nivel Avanzado,Otros,Certificado
689a39e977d76101f3e00cac,Bachiller en Ingeniería Industrial,Ingeniería y Tecnología,Bachiller
689a39e977d76101f3e00cac,Autodesk Inventor – Nivel Intermedio,Otros,Certificado
688b95110fec22c9dc3f9a07,Taller: Las 5s,Otros,Certificado
689e788277f1ba86edd60183,Maestría en Supply Chain Management,Administración y Negocios,Maestría
689e788277f1ba86edd60183,Ingeniería de Sistemas,Ingeniería y Tecnología,Bachiller
689e788277f1ba86edd60183,Inglés Nivel Avanzado,Ciencias Sociales y Humanidades,Certificado
689e788277f1ba86edd60183,LEAN SIX SIGMA – BLACK BELT – Análisis Estadístico y Optimización de Procesos,Otros,Certificado
689e788277f1ba86edd60183,Project Management Professional,Administración y Negocios,Certificado
689e788277f1ba86edd60183,Inglés Speaking,Ciencias Sociales y Humanidades,Certificado
689e788277f1ba86edd60183,Curso Internacional Project Management,Administración y Negocios,Certificado
689e788277f1ba86edd60183,Ley de Seguridad y Salud en el Trabajo,Salud,Certificado
689e788277f1ba86edd60183,Formación de Auditor Interno BASC,Otros,Certificado
689e788277f1ba86edd60183,Interpretación de la Norma y Estándares BASC,Otros,Certificado
689e788277f1ba86edd60183,Seguridad de la Información,Otros,Certificado
689e788277f1ba86edd60183,Curso Internacional Project Management,Administración y Negocios,Certificado
689e788277f1ba86edd60183,LEAN SIX SIGMA – GREEN BELT – Aplicado a la mejora continua,Otros,Certificado
689e788277f1ba86edd60183,Inglés Avanzado,Ciencias Sociales y Humanidades,Certificado
68a284c0cbc08dafe3c2721d,Maestría en Supply Chain Management,Administración y Negocios,Maestría
68a284c0cbc08dafe3c2721d,Ingeniería de Sistemas,Ingeniería y Tecnología,Bachiller
68a284c0cbc08dafe3c2721d,Project Management Professional,Administración y Negocios,Certificado
68a284c0cbc08dafe3c2721d,LEAN SIX SIGMA – BLACK BELT – Análisis Estadístico y Optimización de Procesos,Otros,
68a284c0cbc08dafe3c2721d,Inglés,Ciencias Sociales y Humanidades,Otros
68a284c0cbc08dafe3c2721d,LEAN SIX SIGMA – GREEN BELT – Aplicado a la mejora continua,Otros,Estudiante
679825f3ec31cdeab30acfc7,Administración,Administración y Negocios,Bachiller
689fbc5377f1ba86edd60fdf,Técnico Electrónico,Otros,Bachiller
689fbc5377f1ba86edd60fdf,ESTUDIO DE COMPUTACIÓN Y ENSAMBLAJE,Ingeniería y Tecnología,Certificado
689fbc5377f1ba86edd60fdf,ESTUDIO DE EQUIPOS DE COMPUTO,Otros,Certificado
689fbc5377f1ba86edd60fdf,ESTUDIO DE PREINSTALACIÓN MICROSOFT WINDOWS 2000 PROFESSIONAL,Otros,Certificado
689fbc5377f1ba86edd60fdf,ENTRENAMIENTO DE BIG IMPRESSIÓN,Otros,Certificado
68a33ba3cbc08dafe3c27572,Ciencias de la comunicación especialidad Relaciones Públicas,Ciencias Sociales y Humanidades,Bachiller
68a33ba3cbc08dafe3c27572,Especialista en Nails Art,Otros,Certificado
68a33d7dcbc08dafe3c275f4,Ingeniería Económica y de Negocios,Ingeniería y Tecnología,Estudiante
68a33d9ccbc08dafe3c2765f,Certificate,Otros,Certificado
68a33d85cbc08dafe3c27612,Psicología,Ciencias Sociales y Humanidades,Estudiante
68a33d85cbc08dafe3c27612,Power BI y Excel,Otros,Certificado
68a33d85cbc08dafe3c27612,Técnica en Marketing,Administración y Negocios,Diplomado
68a33d85cbc08dafe3c27612,Digital Content Manager,Otros,Certificado
68a33dd6cbc08dafe3c276c7,Máster en Alta Dirección Empresarial,Otros,Maestría
68a33dd6cbc08dafe3c276c7,Técnico en Computación e Informática,Ingeniería y Tecnología,Diplomado
68a33dd6cbc08dafe3c276c7,Ingeniería de Sistemas Empresariales,Ingeniería y Tecnología,Bachiller
68a33aa4cbc08dafe3c27553,Administración de negocios internacionales,Administración y Negocios,Bachiller
68a33aa4cbc08dafe3c27553,Educación Secundaria,Ciencias Sociales y Humanidades,Otros
68a33d53cbc08dafe3c275dd,Ingenieria Empresarial y de Sistemas,Ingeniería y Tecnología,Certificado
68a4b5e6cbc08dafe3c27d50,Educación Secundaria,Ciencias Sociales y Humanidades,Otros
68a4b5e6cbc08dafe3c27d50,CAJERO FINANCIERO Y COMERCIAL,Administración y Negocios,Certificado
68a4b5e6cbc08dafe3c27d50,CONTABILIDAD,Economía y Finanzas,Maestría
68a4b5e6cbc08dafe3c27d50,CONTABILIDAD,Economía y Finanzas,Otros
68a5046ecbc08dafe3c27f0d,Administración de Empresas,Administración y Negocios,Bachiller
68a5046ecbc08dafe3c27f0d,Técnica en Administración de Empresas,Administración y Negocios,Diplomado
68a5046ecbc08dafe3c27f0d,Gestión del Talento Humano,Administración y Negocios,Certificado
68a5046ecbc08dafe3c27f0d,"Scrum, Kanban y análisis de métricas",Otros,Certificado
68a5046ecbc08dafe3c27f0d,Storytelling en el Marketing Digital,Administración y Negocios,Certificado
68a51f83cbc08dafe3c27ffa,Psicología,Ciencias Sociales y Humanidades,Bachiller
68a51f83cbc08dafe3c27ffa,Certificación en Pruebas Psicométricas,Otros,Certificado
68a53dcdcbc08dafe3c280ce,Ingeniería de sistemas,Ingeniería y Tecnología,Bachiller
68a53dcdcbc08dafe3c280ce,Idioma Inglés,Ciencias Sociales y Humanidades,Certificado
68a6342ccbc08dafe3c281e9,Administración y Marketing,Administración y Negocios,Bachiller
68a6342ccbc08dafe3c281e9,Diseño Gráfico con Inteligencia Artificial,Arquitectura y Diseño,Certificado
68a6342ccbc08dafe3c281e9,Competencias Digitales - Herramientas de Ofimática,Otros,Certificado
68a6342ccbc08dafe3c281e9,English for Career Development,Otros,Certificado
68a6342ccbc08dafe3c281e9,Marketing - Conecta Empleo,Administración y Negocios,Certificado
68a6342ccbc08dafe3c281e9,Plan de Marketing y Estrategia Digital,Administración y Negocios,Certificado
68a6342ccbc08dafe3c281e9,Powerskills Sessions de Empleabilidad,Otros,Certificado
68a6342ccbc08dafe3c281e9,Programa Inglés Intermedio,Ciencias Sociales y Humanidades,Certificado
68a6342ccbc08dafe3c281e9,Diplomado en Transformación Digital y Gobierno Digital,Otros,Diplomado
68a6342ccbc08dafe3c281e9,Programa Inglés Básico - Intermedio,Ciencias Sociales y Humanidades,Certificado
68a6342ccbc08dafe3c281e9,Herramientas Informáticas Excel Básico - Intermedio,Ingeniería y Tecnología,Certificado
68a6342ccbc08dafe3c281e9,Programa Inglés Básico - Intermedio - Avanzado,Ciencias Sociales y Humanidades,Certificado
68a6342ccbc08dafe3c281e9,Programa Inglés Básico - Intermedio,Ciencias Sociales y Humanidades,Certificado
6863238cfa3637d9d0fdc3d9,Segunda Especialidad en Ingeniería de Sistemas,Ingeniería y Tecnología,Otros
6863238cfa3637d9d0fdc3d9,Licenciado en Ciencias Marítimas Navales,Otros,Bachiller
68a6a625199c74e140dd066f,Investigación de Accidentes - Metodología 4P,Otros,Certificado
68a6a625199c74e140dd066f,Ingeniería de Higiene y Seguridad Industrial,Ingeniería y Tecnología,Estudiante
68a6a625199c74e140dd066f,"Curso de Agentes Contaminantes Físicos, Químicos y Biológicos",Otros,Certificado
68a6a625199c74e140dd066f,Seguridad Basada en el Comportamiento,Otros,Certificado
68a6a625199c74e140dd066f,Herramientas de Gestión en el Trabajo,Administración y Negocios,Certificado
68a7c9bf199c74e140dd09a3,Uso de AutoCAD Nivel Básico y Lectura de Planos,Otros,Certificado
68a7c9bf199c74e140dd09a3,Ingeniería de Higiene y Seguridad Industrial,Ingeniería y Tecnología,Bachiller
68a7c9bf199c74e140dd09a3,Interpretación de la Norma ISO 45001,Otros,Certificado
68a7c9bf199c74e140dd09a3,Inglés Básico,Ciencias Sociales y Humanidades,Certificado
68a7c9bf199c74e140dd09a3,Formación de Brigadistas en Gestión del Riesgo de Desastres,Administración y Negocios,Certificado
68a8cdeb97cf1a4f7a755948,Ingeniería Industrial,Ingeniería y Tecnología,Estudiante
68a8cdeb97cf1a4f7a755948,Educación Secundaria,Ciencias Sociales y Humanidades,Otros
68a8cdeb97cf1a4f7a755948,Certificado,Otros,Certificado
68a8cdeb97cf1a4f7a755948,Certificado,Otros,Certificado
68a9fc6b97cf1a4f7a755b59,Ingenieria Industrial,Ingeniería y Tecnología,Estudiante
68a9fe8b97cf1a4f7a755b81,Ingeniería Industrial,Ingeniería y Tecnología,Estudiante
68aa1f4597cf1a4f7a755cae,Administración y marketing,Administración y Negocios,Estudiante
68aa3d1197cf1a4f7a755d1e,Secretariado,Otros,Estudiante
68aa3d1197cf1a4f7a755d1e,Inicial,Otros,Estudiante
68aa3d1197cf1a4f7a755d1e,Primaria,Otros,Estudiante
68aa3d1197cf1a4f7a755d1e,Primaria,Otros,Estudiante
68aa3d1197cf1a4f7a755d1e,Primaria,Otros,Estudiante
68aa3d1197cf1a4f7a755d1e,Estudiante de Administración de Negocios Internacionales,Administración y Negocios,Estudiante
68aa3d1197cf1a4f7a755d1e,Inicial,Otros,Estudiante
68aa3d1197cf1a4f7a755d1e,Primaria,Otros,Estudiante
68aa3d1197cf1a4f7a755d1e,Ofimática,Otros,Estudiante
68aa3d1197cf1a4f7a755d1e,Educación Secundaria,Ciencias Sociales y Humanidades,Estudiante
68ab8bb397cf1a4f7a7560c4,Recursos Humanos - Quinto Superior,Administración y Negocios,Otros
68ab8bb397cf1a4f7a7560c4,Especialización HR Business Partner,Otros,Certificado
68a6a71a199c74e140dd06c9,Ingeniería de Higiene y Seguridad Industrial,Ingeniería y Tecnología,Estudiante
68a6a71a199c74e140dd06c9,Seminario de Especialización,Otros,Certificado
68a6a71a199c74e140dd06c9,Webinar,Otros,Certificado
68a6a71a199c74e140dd06c9,Seminario,Otros,Certificado
68a6a71a199c74e140dd06c9,Seminario,Otros,Certificado
68a6a71a199c74e140dd06c9,Curso de Capacitación,Otros,Certificado
68a6a71a199c74e140dd06c9,Certificado,Otros,Certificado
68a6a71a199c74e140dd06c9,Webinar,Otros,Certificado
68a6a71a199c74e140dd06c9,Certificado,Otros,Certificado
68acf40497cf1a4f7a756653,,,Otros
68acf40497cf1a4f7a756653,Cursos,Otros,Certificado
68acf40497cf1a4f7a756653,Cursos,Otros,Certificado
68acf40497cf1a4f7a756653,Facultad de Psicología y Humanidades,Ciencias Sociales y Humanidades,Otros
68acf40497cf1a4f7a756653,Cursos,Otros,Certificado
68acf40497cf1a4f7a756653,Cursos,Otros,Certificado
68acf40497cf1a4f7a756653,Cursos,Otros,Certificado
68acf40497cf1a4f7a756653,Maestra Sombra formación,Otros,Certificado
68ad12c297cf1a4f7a7567d0,Ingeniería Informática,Ingeniería y Tecnología,Estudiante
68ad12c297cf1a4f7a7567d0,Prácticas Pre-profesionales,Otros,Estudiante
68ad12c297cf1a4f7a7567d0,Idioma Inglés,Ciencias Sociales y Humanidades,Certificado
687f1f99a50da0d72139a4be,Diplomado en Project Management aplicando Inteligencia Artificial,Administración y Negocios,Diplomado
68afb65b1ebe171f43b89d4d,Marketing,Administración y Negocios,Estudiante
68afbbf11ebe171f43b89de8,Marketing,Administración y Negocios,Bachiller
68abe21397cf1a4f7a7563e7,Educación Secundaria,Ciencias Sociales y Humanidades,Diplomado
68abe21397cf1a4f7a7563e7,Ingeniería de Higiene y Seguridad Industrial,Ingeniería y Tecnología,Bachiller
68b02b63e4bed41bb6de7827,INTELIGENCIA DE NEGOCIOS CON EXCEL,Administración y Negocios,Certificado
68b02b63e4bed41bb6de7827,ANÁLISIS DE DATOS CON EXCEL,Otros,Certificado
68b02b63e4bed41bb6de7827,PROGRAMA DE ACTUALIZACIÓN EN DISEÑO GRÁFICO,Arquitectura y Diseño,Certificado
68b03a7be4bed41bb6de788e,Beca de estudio,Otros,Otros
68b03a7be4bed41bb6de788e,Power BI Data Analyst - Nivel Básico,Otros,Certificado
68b03a7be4bed41bb6de788e,Programación en Python - Nivel Básico,Otros,Certificado
68b03a7be4bed41bb6de788e,Ingeniería Industrial,Ingeniería y Tecnología,Estudiante
68b03a7be4bed41bb6de788e,Certificado de Recomendación,Otros,Certificado
68b03a7be4bed41bb6de788e,SQL Ciencia de Datos 1 - Nivel Básico,Ingeniería y Tecnología,Certificado
68b03a7be4bed41bb6de788e,Power BI - Nivel Básico,Otros,Certificado
68b03a7be4bed41bb6de788e,Excel Fundamentals – Nivel AVANZADO,Otros,Certificado
68b07b6ce4bed41bb6de794a,SQL – Bases de Datos 2,Otros,Certificado
68b07b6ce4bed41bb6de794a,Python,Otros,Certificado
68b07b6ce4bed41bb6de794a,Excel,Otros,Certificado
68b07b6ce4bed41bb6de794a,Introducción a la ciencia de datos,Ingeniería y Tecnología,Certificado
68b07b6ce4bed41bb6de794a,Ingeniería de Sistemas,Ingeniería y Tecnología,Bachiller
68b07b6ce4bed41bb6de794a,Fundamentos de programación con R,Otros,Certificado
68b07b6ce4bed41bb6de794a,Power BI,Otros,Certificado
68b07b6ce4bed41bb6de794a,SQL – Bases de Datos 2,Otros,Certificado
68b0a1c9e4bed41bb6de7aa5,Diseño Industrial,Ingeniería y Tecnología,Bachiller
68b0a1c9e4bed41bb6de7aa5,Analista en Diseño Industrial,Ingeniería y Tecnología,Otros
68b11e95e4bed41bb6de7d8b,Data Analytics Essentials,Otros,Certificado
68b11e95e4bed41bb6de7d8b,Nivel Intermedio de Inglés,Ciencias Sociales y Humanidades,Certificado
68b11e95e4bed41bb6de7d8b,Diseño y Desarrollo de Software,Ingeniería y Tecnología,Estudiante
68b1fdd3e4bed41bb6de7ee5,Excel Experto,Otros,Certificado
68b1fdd3e4bed41bb6de7ee5,Administración y Negocios Internacionales,Administración y Negocios,Estudiante
68b1fdd3e4bed41bb6de7ee5,Auxiliar de Despacho Aduanero,Otros,Certificado
68b1fdd3e4bed41bb6de7ee5,Inglés,Ciencias Sociales y Humanidades,Certificado
68b252e0a556419bdbd216a1,English Language Program,Otros,Otros
68b252e0a556419bdbd216a1,Ingeniería Geológica,Ingeniería y Tecnología,Estudiante
68b252e0a556419bdbd216a1,Mecánica de Rocas en la Ingeniería Geotécnica,Ingeniería y Tecnología,Otros
68b252e0a556419bdbd216a1,ArcGIS aplicado a la geología,Otros,Otros
68b252e0a556419bdbd216a1,SIG con ArcGIS,Otros,Otros
68b252e0a556419bdbd216a1,Análisis de estabilidad de túneles y taludes con software especializado,Ingeniería y Tecnología,Otros
68b252e0a556419bdbd216a1,"Análisis de datos con software especializado, aplicado a la Mecánica de Rocas",Ingeniería y Tecnología,Otros
68b252e0a556419bdbd216a1,Cartografiado Geológico con ArcGIS,Otros,Otros
68b252e0a556419bdbd216a1,Seminario “Plan de respuesta ante emergencias”,Otros,Otros
68b252e0a556419bdbd216a1,"FUNDAMENTOS DE SEGURIDAD, SALUD OCUPACIONAL Y MEDIO AMBIENTE (SSOMA)",Salud,Otros
68b252e0a556419bdbd216a1,Geoinformática y teledetección aplicada,Ingeniería y Tecnología,Otros
68b252e0a556419bdbd216a1,Programación en Python básico,Otros,Otros
68b252e0a556419bdbd216a1,AutoCAD 2,Otros,Otros
68b252e0a556419bdbd216a1,AutoCAD 1,Otros,Otros
68b252e0a556419bdbd216a1,Computación básica,Ingeniería y Tecnología,Otros
68b252e0a556419bdbd216a1,Computación básica,Ingeniería y Tecnología,Otros
68b28112a556419bdbd217a0,Técnico Electrónico,Otros,Diplomado
68b28112a556419bdbd217a0,Estudio de Equipos de Cómputo,Otros,Certificado
68b28112a556419bdbd217a0,Estudio de Preinstalación Microsoft Windows 2000 Professional,Otros,Certificado
68b28112a556419bdbd217a0,Entrenamiento de Big Impresión,Otros,Certificado
68b28112a556419bdbd217a0,Estudio de Computación y Ensamblaje,Ingeniería y Tecnología,Certificado
68b38340a556419bdbd218cc,Ingeniería Industrial,Ingeniería y Tecnología,Estudiante
68b38a33a556419bdbd218de,Ingeniería de Seguridad y Salud en el trabajo,Ingeniería y Tecnología,Estudiante
68b38a33a556419bdbd218de,FUNDAMENTOS ISO 45001:2018 - SISTEMA DE GESTIÓN DE LA SEGURIDAD Y SALUD EN EL TRABAJO,Administración y Negocios,Certificado
68b48dcda556419bdbd21a96,Inglés Básico,Ciencias Sociales y Humanidades,Certificado
68b48dcda556419bdbd21a96,Ingeniería Geológica,Ingeniería y Tecnología,Estudiante
68b645a0a556419bdbd21c37,Ingeniería de Seguridad y Salud en el Trabajo,Ingeniería y Tecnología,Estudiante
68b66ea1a556419bdbd21d38,Ingeniería Industrial,Ingeniería y Tecnología,Estudiante
68b66ea1a556419bdbd21d38,Educación Secundaria,Ciencias Sociales y Humanidades,Otros
68a33da3cbc08dafe3c2766f,Marketing y Administración,Administración y Negocios,Estudiante
68a33da3cbc08dafe3c2766f,Formación en Ventas,Administración y Negocios,Certificado
68a33da3cbc08dafe3c2766f,Microsoft Excel + Herramientas avanzadas,Otros,Certificado
68a33da3cbc08dafe3c2766f,SQL Server,Otros,Certificado
68b7455ca556419bdbd21e97,Administración de Empresas,Administración y Negocios,Estudiante
68b7455ca556419bdbd21e97,Excel,Otros,Certificado
68b7455ca556419bdbd21e97,Power BI,Otros,Certificado
68b7455ca556419bdbd21e97,Finanzas y Negocios Internacionales,Administración y Negocios,Certificado
68b7455ca556419bdbd21e97,Análisis e Interpretación de Datos,Otros,Certificado
68b7455ca556419bdbd21e97,Mercadeo Nacional e Internacional,Administración y Negocios,Certificado
68b7455ca556419bdbd21e97,Gestión de Temas Empresariales,Administración y Negocios,Certificado
68b7455ca556419bdbd21e97,Inglés Nivel A2,Ciencias Sociales y Humanidades,Certificado
68b7455ca556419bdbd21e97,Liderazgo Organizacional,Otros,Certificado
68b774994b73ec8bd7ea741e,Ingeniería Industrial,Ingeniería y Tecnología,Estudiante
68a33da3cbc08dafe3c2766f,Italiano,Otros,Diplomado
68a33da3cbc08dafe3c2766f,Ingles,Ciencias Sociales y Humanidades,Estudiante
689fad3877f1ba86edd60ddd,Excel Skills for Business: Intermediate I,Otros,Certificado
689fad3877f1ba86edd60ddd,Administración y Marketing,Administración y Negocios,Bachiller
689fad3877f1ba86edd60ddd,Especialización en Power BI,Otros,Certificado
689fad3877f1ba86edd60ddd,Diplomado “Acelera Tu Futuro”,Otros,Diplomado
68b856bf3208d64567910aa2,Administración y Marketing,Administración y Negocios,Estudiante
68b85ab43208d64567910ba6,Ingenieria Informatica,Ingeniería y Tecnología,Estudiante
68b8bc9e4353aae1b19c824d,Ingeniero Metalurgista (Quinto Superior),Otros,Bachiller
68b8bc9e4353aae1b19c824d,Diplomado Internacional en Procesamiento de Minerales y Balance de Aguas en Minería,Otros,Diplomado
68b8bc9e4353aae1b19c824d,Microsoft Excel y Excel Empresarial,Otros,Certificado
68b8bc9e4353aae1b19c824d,Maestría en Ciencias: Con Mención Ingeniería Metalúrgica,Ingeniería y Tecnología,Maestría
68b8ca164353aae1b19c82f1,Contaduría Pública,Otros,Bachiller
68b8ca164353aae1b19c82f1,Académico,Otros,Otros
68b8bfc44353aae1b19c8293,Ingeniería Informática,Ingeniería y Tecnología,Estudiante
68b9a2c1b2f4c0b8f9ffb0f2,Ingeniería de software,Ingeniería y Tecnología,Bachiller
68b9a2c1b2f4c0b8f9ffb0f2,Curso de diseño UX/UI avanzado,Arquitectura y Diseño,Certificado
68b9b8c8b2f4c0b8f9ffb27a,Ingeniería de Sistemas de Información,Ingeniería y Tecnología,Bachiller
68b9cdefb2f4c0b8f9ffb38c,Excel Avanzado,Otros,Otros
68b9cdefb2f4c0b8f9ffb38c,Power BI Básico,Otros,Otros
68b9cdefb2f4c0b8f9ffb38c,Contabilidad General,Economía y Finanzas,Certificado
68b9cdefb2f4c0b8f9ffb38c,Ingeniería Industrial y Comercial,Ingeniería y Tecnología,Estudiante
68b9cdefb2f4c0b8f9ffb38c,International Business,Otros,Estudiante
68b9cdefb2f4c0b8f9ffb38c,Canvas Avanzado,Otros,Otros
68b9cdefb2f4c0b8f9ffb38c,Marketing Digital,Administración y Negocios,Certificado
68b98c35b2f4c0b8f9ffb097,ArcGIS,Otros,Certificado
68b98c35b2f4c0b8f9ffb097,Ingeniería Sanitaria,Ingeniería y Tecnología,Estudiante
68b98c35b2f4c0b8f9ffb097,AutoCAD,Otros,Certificado
68b98c35b2f4c0b8f9ffb097,Entrenamiento Presencial TRATAMIENTO DE AGUAS RESIDUALES MEDIANTE COAGULACIÓN Y FLOCULACIÓN,Otros,Certificado
68b98c35b2f4c0b8f9ffb097,METRADOS EN EDIFICACIONES,Otros,Certificado
689e736377f1ba86edd5ffdb,Python: Programación y Análisis de Datos,Otros,Certificado
68ba5540b2f4c0b8f9ffbb86,Ingeniería en Sistemas Computacionales,Ingeniería y Tecnología,Bachiller
68bb15f4b2f4c0b8f9ffbfb4,Bachiller en Gestión y Alta Dirección,Administración y Negocios,Bachiller
68bb15f4b2f4c0b8f9ffbfb4,Educación Secundaria,Ciencias Sociales y Humanidades,Otros
68bb15f4b2f4c0b8f9ffbfb4,Curso de Marketing y Publicidad Digital,Administración y Negocios,Certificado
68bb15f4b2f4c0b8f9ffbfb4,Administración de Recursos Humanos,Administración y Negocios,Certificado
68bb15f4b2f4c0b8f9ffbfb4,Gestión de la Innovación,Administración y Negocios,Certificado
68bb15f4b2f4c0b8f9ffbfb4,Liderazgo con Impacto,Otros,Certificado
68b85ab43208d64567910ba6,CCNA: Introducción a las redes,Ingeniería y Tecnología,Certificado
67f8427b4cf5ce7985899ee2,Ingeniería Informática,Ingeniería y Tecnología,Estudiante
67f8427b4cf5ce7985899ee2,Seguridad para PyMEs,Otros,Certificado
67f8427b4cf5ce7985899ee2,CCNA: Introducción a las Redes,Ingeniería y Tecnología,Certificado
67f8427b4cf5ce7985899ee2,Introducción a Ciberseguridad,Otros,Certificado
68b8fcda4353aae1b19c842f,Excel Intermedio,Otros,Certificado
68b8fcda4353aae1b19c842f,Programa Impulsando Talento con Valores,Otros,Certificado
68b8fcda4353aae1b19c842f,Power BI Intermedio,Otros,Certificado
68b8fcda4353aae1b19c842f,Administración y Gerencia del Emprendimiento,Administración y Negocios,Bachiller
68b85ab43208d64567910ba6,Técnico en Soporte Electrónico e Informático,Otros,Certificado
68bc463bb2f4c0b8f9ffc6d6,Excel Avanzado,Otros,Certificado
68bc463bb2f4c0b8f9ffc6d6,Data Science con Python,Ingeniería y Tecnología,Certificado
68bc463bb2f4c0b8f9ffc6d6,Ingeniería Industrial,Ingeniería y Tecnología,Bachiller
68bc463bb2f4c0b8f9ffc6d6,Power BI – Avanzado,Otros,Certificado
68bc463bb2f4c0b8f9ffc6d6,Power Apps & Automate,Otros,Certificado
68bc463bb2f4c0b8f9ffc6d6,Master Dax,Otros,Certificado
68bc463bb2f4c0b8f9ffc6d6,Taller de Habilidades Blandas,Otros,Certificado
68bc463bb2f4c0b8f9ffc6d6,SAP MM (Material Management),Administración y Negocios,Certificado
68bcc9e3b2f4c0b8f9ffc914,"Diplomado en Compras, Control de Inventarios y Almacenes",Otros,Diplomado
68bcc9e3b2f4c0b8f9ffc914,Especialización en Gerencia de Logística y Gestión de Contratos,Administración y Negocios,Certificado
68bcc9e3b2f4c0b8f9ffc914,Especialización en Cadena de Abastecimiento y Gestión Logística,Administración y Negocios,Certificado
68bcc9e3b2f4c0b8f9ffc914,Especialización en Comercio Exterior y Aduanas,Otros,Certificado
68bcc9e3b2f4c0b8f9ffc914,Bachelor’s Degree Certificate,Otros,Certificado
68bcc9e3b2f4c0b8f9ffc914,Especialización en SAP S/4 HANA MM,Otros,Certificado
68bcc9e3b2f4c0b8f9ffc914,Ingeniero Industrial,Ingeniería y Tecnología,Bachiller
68bcc9e3b2f4c0b8f9ffc914,Especialización en Compras Estratégicas,Otros,Certificado
68bcc9e3b2f4c0b8f9ffc914,Excel Avanzado / Power BI,Otros,Certificado
68bdbf8ab2f4c0b8f9ffcd9d,Ciencias de la Comunicación,Ciencias Sociales y Humanidades,Estudiante
68bdbf8ab2f4c0b8f9ffcd9d,Creadores de contenido digital y periodistas: como ser una voz confiable en internet,Otros,Certificado
68be0663b2f4c0b8f9ffcec7,Curso Auxiliar de Despacho Aduanero,Otros,Certificado
68be0663b2f4c0b8f9ffcec7,Hacer negocios en China,Administración y Negocios,Certificado
68be0663b2f4c0b8f9ffcec7,"Business English, Part 1",Otros,Certificado
68be0663b2f4c0b8f9ffcec7,Administración y Negocios Internacionales,Administración y Negocios,Estudiante
68be0964b2f4c0b8f9ffcf77,Administración de Negocios Internacionales,Administración y Negocios,Estudiante
68be0964b2f4c0b8f9ffcf77,Secretariado,Otros,Certificado
68be0964b2f4c0b8f9ffcf77,Inglés,Ciencias Sociales y Humanidades,Certificado
68be0964b2f4c0b8f9ffcf77,Educación Secundaria,Ciencias Sociales y Humanidades,Otros
68be0964b2f4c0b8f9ffcf77,Ofimática,Otros,Certificado
68be4b29b2f4c0b8f9ffd263,NIVEL AVANZADO IDIOMA INGLÉS,Ciencias Sociales y Humanidades,Certificado
68be4b29b2f4c0b8f9ffd263,ESTUDIANTE DEL V CICLO ADMINISTRACIÓN DE REDES Y COMUNICACIONES,Ingeniería y Tecnología,Estudiante
68be4b29b2f4c0b8f9ffd263,LICENCIADA CIENCIAS DE LA COMUNICACIÓN,Ciencias Sociales y Humanidades,Bachiller
68be958db2f4c0b8f9ffd478,Master’s in Computer Science and Business Technology,Otros,Maestría
68be958db2f4c0b8f9ffd478,"Bachelor of Science, Interactive Media Arts",Otros,Bachiller
68bf5afc17de33e9770fdc16,Ingeniería Industrial - Tercio Superior,Ingeniería y Tecnología,Bachiller
68bf5afc17de33e9770fdc16,Programa Diploma,Otros,Diplomado
68bf6e3017de33e9770fdcaa,Ingeniería Química,Ingeniería y Tecnología,Bachiller
68bf6e3017de33e9770fdcaa,Colaborador (como ganador) del concurso proyectos de investigación 2023,Otros,Otros
68bf6e3017de33e9770fdcaa,"Curso Básico, Inmersión en Procesos Industriales y Petroquímicos",Ingeniería y Tecnología,Certificado
68bf6e3017de33e9770fdcaa,Diseño y Operación de Plantas de Licuefacción Gas Natural (GNL),Arquitectura y Diseño,Certificado
68bf6e3017de33e9770fdcaa,Simulación de Procesos con Aspen Hysys V.11,Otros,Certificado
68bf6e3017de33e9770fdcaa,Tratamiento de Aguas Residuales mediante Floculación y Coagulación,Otros,Certificado
68bf6e3017de33e9770fdcaa,Instalador de Gas Natural IG-1 / IG-2,Otros,Certificado
68bf695d17de33e9770fdc7f,Ingeniería de sistemas,Ingeniería y Tecnología,Estudiante
68bf8a0817de33e9770fddd2,Ingeniería Mecatrónica,Ingeniería y Tecnología,Bachiller
68bf97aa17de33e9770fde16,Fusion 360,Otros,Certificado
68bf97aa17de33e9770fde16,Illustrator,Otros,Certificado
68bf97aa17de33e9770fde16,Photoshop,Otros,Certificado
68bf97aa17de33e9770fde16,Ultimaker Cura,Otros,Certificado
68bf97aa17de33e9770fde16,3ds Max,Otros,Certificado
68bf97aa17de33e9770fde16,Inglés,Ciencias Sociales y Humanidades,Otros
68bf97aa17de33e9770fde16,Da Vinci Resolve,Otros,Certificado
68bf97aa17de33e9770fde16,Inventor Professional,Otros,Certificado
68bf97aa17de33e9770fde16,AutoCAD,Otros,Certificado
68bf97aa17de33e9770fde16,Diseño Industrial,Ingeniería y Tecnología,Estudiante
68bf9a1417de33e9770fde37,Administración de Negocios Internacionales: Gestión y Negocios  (Proceso de titulación),Administración y Negocios,Otros
68c0883017de33e9770fdf80,Licenciada en Psicología,Ciencias Sociales y Humanidades,Bachiller
68c0883017de33e9770fdf80,Título de Bachiller en Ciencias,Otros,Otros
68c0a19617de33e9770fdfda,Auxiliar de Despacho Aduanero,Otros,Certificado
68c0a19617de33e9770fdfda,Administración y Negocios Internacionales,Administración y Negocios,Bachiller
68c0a19617de33e9770fdfda,Metodología Inbound,Otros,Certificado
68c0c3ba17de33e9770fe212,Ingeniería Empresarial,Ingeniería y Tecnología,Bachiller
68c0c3ba17de33e9770fe212,Curso de Análisis de Datos con Excel,Otros,Certificado
68c0c3ba17de33e9770fe212,Curso Business for All 2024,Otros,Certificado
68c0c3ba17de33e9770fe212,Seminario “Transformación digital en las empresas”,Otros,Certificado
68c0c3ba17de33e9770fe212,Curso de capacitación “Valor Compartido Con R Estudio”,Otros,Certificado
68c0c3ba17de33e9770fe212,Curso de Fundamentos de Scrum,Otros,Certificado
68c0c3ba17de33e9770fe212,Webinar Internacional: Desafiando mi futuro profesional,Otros,Otros
68c0c3ba17de33e9770fe212,Curso de Cajero Bancario,Otros,Certificado
68c0c3ba17de33e9770fe212,Curso de Entrepreneurship,Otros,Certificado
68c0c3ba17de33e9770fe212,Curso de Introducción a las IOT,Otros,Certificado
68c0c3ba17de33e9770fe212,Curso de Introducción a la Seguridad Cibernética,Otros,Certificado
68c0d02f17de33e9770fe3fe,Diplomado en terapia cognitiva conductual,Otros,Diplomado
68c0d02f17de33e9770fe3fe,Idioma inglés,Ciencias Sociales y Humanidades,Otros
68c0d02f17de33e9770fe3fe,Bachiller en Psicología,Ciencias Sociales y Humanidades,Bachiller
68c0d02f17de33e9770fe3fe,Idioma portugués,Otros,Otros
68c0d02f17de33e9770fe3fe,Curso primeros auxilios,Otros,Otros
68c0d02f17de33e9770fe3fe,Soporte técnico de computadoras,Otros,Otros
68c0d02f17de33e9770fe3fe,Curso Orientación Vocacional,Otros,Otros
68c0e26a17de33e9770fe49c,Gestión de Innovación,Administración y Negocios,Otros
68c0e26a17de33e9770fe49c,Voluntariado Social,Otros,Otros
68c0e26a17de33e9770fe49c,Administración de Empresas,Administración y Negocios,Estudiante
68c0e26a17de33e9770fe49c,Coloquio de estudiantes: 'Perspectivas en torno al bien común',Otros,Otros
68c0e26a17de33e9770fe49c,Líderes en tiempos de cambio,Otros,Otros
68c0e26a17de33e9770fe49c,Voluntariado Social,Otros,Otros
68c0e26a17de33e9770fe49c,Herramientas de adaptación en el nuevo Marco Empresarial,Otros,Otros
68c0e38317de33e9770fe512,"I Congreso Internacional de Investigación en Metalurgia, Materiales, Medio Ambiente y Seguridad",Otros,Otros
68c0e38317de33e9770fe512,"XVI Congreso Internacional de Ingeniería Metalúrgica, Materiales y Medio Ambiente",Ingeniería y Tecnología,Otros
68c0e38317de33e9770fe512,I Congreso Internacional de Innovaciones Tecnológicas en Procesos Industriales Mineralúrgicos,Ingeniería y Tecnología,Otros
68c0e38317de33e9770fe512,Programa 'Impulsando Talento con Valores',Otros,Otros
68c0e38317de33e9770fe512,Capacitación e Implementación del Laboratorio de Química,Ciencias,Otros
68c0e38317de33e9770fe512,Bachiller en Ingeniería Metalúrgica y de Materiales,Ingeniería y Tecnología,Bachiller
68c0e38317de33e9770fe512,Sistema de Gestión Integrado ISO 45001:2018 – ISO 9001:2015 – ISO 26000:2021,Administración y Negocios,Certificado
68c0e38317de33e9770fe512,I Congreso Internacional de Minería 4.0,Otros,Otros
68c0e38317de33e9770fe512,I Congreso Metalúrgico del Sur,Otros,Otros
68c0f9a417de33e9770fe579,Ingeniería Industrial,Ingeniería y Tecnología,Bachiller
68c1869a17de33e9770fe68e,Ingenieria de sistemas,Ingeniería y Tecnología,Estudiante
68c1939317de33e9770fe6fc,Ingeniera Ambiental,Ingeniería y Tecnología,Bachiller
68c1939317de33e9770fe6fc,Bachiller Técnico - Administración de Sistemas,Ingeniería y Tecnología,Otros
68c1939317de33e9770fe6fc,Beca por excelencia académica,Otros,Certificado
68c1939317de33e9770fe6fc,Beca por excelencia académica,Otros,Certificado
68c1962617de33e9770fe7af,Ciencias Contables y Financieras,Otros,Bachiller
68c1962617de33e9770fe7af,"Beca - English Access Microscholarship Program - Formación en habilidades comunicativas en inglés, desarrollo personal y conciencia intercultural.",Ciencias Sociales y Humanidades,Otros
68c1b59a17de33e9770fe8f3,Derecho,Ciencias Sociales y Humanidades,Estudiante
68c1b59a17de33e9770fe8f3,Educación Secundaria,Ciencias Sociales y Humanidades,Otros
68c1b59a17de33e9770fe8f3,Inglés,Ciencias Sociales y Humanidades,Estudiante
68c1b92317de33e9770fe941,Especialización en Power BI y Tableau,Otros,Certificado
68c1b92317de33e9770fe941,Especialización en Potenciar la Experiencia del Cliente,Otros,Certificado
68c1b92317de33e9770fe941,Especialista en Ofimática Profesional,Otros,Certificado
68c1b92317de33e9770fe941,Administración,Administración y Negocios,Estudiante
68c1b92317de33e9770fe941,Especialización en Facebook Ads y Google Ads,Otros,Certificado
68c1b92317de33e9770fe941,The Aspire Leaders Program,Otros,Certificado
68befab317de33e9770fdb2e,Estudiante de derecho,Ciencias Sociales y Humanidades,Estudiante
68befab317de33e9770fdb2e,Educación Secundaria,Ciencias Sociales y Humanidades,Estudiante
68c1d93017de33e9770feba7,Lógica de programación con JavaScript,Otros,Otros
68c1d93017de33e9770feba7,Ing. en Sistemas y Computación,Ingeniería y Tecnología,Bachiller
68c1d93017de33e9770feba7,HTML y CSS para proyectos Web,Otros,Otros
68c2379917de33e9770fef62,Psicología,Ciencias Sociales y Humanidades,Estudiante
68c2379917de33e9770fef62,Inglés,Ciencias Sociales y Humanidades,Certificado
68c23d6717de33e9770fefb1,Economía,Economía y Finanzas,Estudiante
68c23d6717de33e9770fefb1,Curso: Evaluación de Impacto para la Gestión Pública,Administración y Negocios,Certificado
68c23d6717de33e9770fefb1,Curso: Economía Ambiental y Finanzas Sostenibles,Ingeniería y Tecnología,Certificado
68c23d6717de33e9770fefb1,Curso: Gestión de Proyectos Aplicada al Sector Público y Privado de América Latina,Administración y Negocios,Certificado
68c23fa717de33e9770ff001,Campaña de segregación de residuos sólidos,Otros,Otros
68c23fa717de33e9770ff001,"Seguridad, Salud Ocupacional y Medio Ambiente",Salud,Certificado
68c23fa717de33e9770ff001,ARCGIS básico e intermedio,Otros,Certificado
68c23fa717de33e9770ff001,Seguridad y salud en el trabajo,Salud,Certificado
68c23fa717de33e9770ff001,Taller virtual de capacitación integral en cuota familiar,Otros,Otros
68c23fa717de33e9770ff001,Bachiller en Ingeniería Ambiental,Ingeniería y Tecnología,Bachiller
68c23fa717de33e9770ff001,Estudio de impacto ambiental con ARCGIS,Ingeniería y Tecnología,Certificado
68c23fa717de33e9770ff001,Curso práctico de uso de equipos para monitoreo ambiental,Ingeniería y Tecnología,Certificado
68c2572b17de33e9770ff166,Primera Jornada – Semana Nacional de la Ciencia 2024 – CONCYTEC: “Congreso Internacional Prospectivas Estratégicas en Investigación Científica 2024”,Otros,Certificado
68c2572b17de33e9770ff166,"IV Congreso Internacional de Administración, Emprendimiento e Investigación",Administración y Negocios,Certificado
68c2572b17de33e9770ff166,Grado en Administración,Administración y Negocios,Bachiller
68c2572b17de33e9770ff166,"II Semana Empresarial – Formalización, Marketing y Gestión para la Competitividad Empresarial",Administración y Negocios,Certificado
68c2572b17de33e9770ff166,Curso: “Encuentro Universitario Tributario y Aduanero”,Otros,Certificado
68c2572b17de33e9770ff166,III Seminario Profesional “Marketing 2023”,Administración y Negocios,Certificado
68c303fb17de33e9770ff371,Power BI - Básico,Otros,Certificado
68c303fb17de33e9770ff371,Ingeniería de Sistemas e Informática,Ingeniería y Tecnología,Estudiante
68c303fb17de33e9770ff371,Inmersión IA_,Otros,Certificado
68c303fb17de33e9770ff371,CIBERSEGURIDAD: CYBERSOC (C|CS),Otros,Certificado
68c303fb17de33e9770ff371,Análisis de datos con Excel,Otros,Certificado
68c303fb17de33e9770ff371,SQL base de datos relacionales,Otros,Certificado
68c303fb17de33e9770ff371,Java 17 Fundamentals Developer,Otros,Certificado
68c303fb17de33e9770ff371,Desarrollo de videojuegos Indie,Otros,Certificado
68c303fb17de33e9770ff371,"CCNA: Switching, Routing, and Wireless Essentials course",Otros,Certificado
68c303fb17de33e9770ff371,CCNA: Introduction to Networks,Otros,Certificado
68c303fb17de33e9770ff371,Especialista en Excel,Otros,Certificado
68c303fb17de33e9770ff371,Certificación en Metodología de inglés como lengua extranjera,Ciencias Sociales y Humanidades,Certificado
68c303fb17de33e9770ff371,Asistente de docencia en Matemática,Ciencias,Certificado
68c303fb17de33e9770ff371,Asistente de docencia en Física,Ciencias,Certificado
68c303fb17de33e9770ff371,"Certificación en Inglés básico, intermedio y avanzado",Ciencias Sociales y Humanidades,Certificado
68c303fb17de33e9770ff371,Asistente de docencia en Algorítmica,Otros,Certificado
68c303fb17de33e9770ff371,Asesor en Excel Intermedio,Otros,Certificado
68c303fb17de33e9770ff371,"Diseño Gráfico (Corel Draw, Photoshop e Illustrator)",Arquitectura y Diseño,Certificado
68c3126217de33e9770ff4db,Ciencia Política,Otros,Bachiller
68c3126217de33e9770ff4db,Bachiller Académico,Otros,Diplomado
68c3126217de33e9770ff4db,Técnico en Sistemas,Ingeniería y Tecnología,Diplomado
68c3126217de33e9770ff4db,Curso de Economía,Economía y Finanzas,Certificado
68c3148d17de33e9770ff528,Primaria,Otros,Otros
68c3148d17de33e9770ff528,Ingeniería Civil,Ingeniería y Tecnología,Bachiller
68c3148d17de33e9770ff528,Educación Secundaria,Ciencias Sociales y Humanidades,Otros
68c3148d17de33e9770ff528,Programa de Inglés Regular,Ciencias Sociales y Humanidades,Certificado
68c3148d17de33e9770ff528,Business Analytics con Excel y Power BI,Otros,Certificado
68c2d14a17de33e9770ff20f,Derecho,Ciencias Sociales y Humanidades,Estudiante
68c2d14a17de33e9770ff20f,Bachiller en Matemática y Tecnología,Ingeniería y Tecnología,Bachiller
68c2d14a17de33e9770ff20f,Administración de Empresas,Administración y Negocios,Estudiante
68c30e5f17de33e9770ff49c,Arquitectura,Arquitectura y Diseño,Bachiller
68c3469617de33e9770ff75f,Programa Generación TOP- UTP,Otros,Otros
68c3469617de33e9770ff75f,Administración de Negocios Internacionales,Administración y Negocios,Bachiller
68c3784a17de33e9770ff848,Bachillerato Internacional (IB) – Programa Diploma,Otros,Otros
68c3784a17de33e9770ff848,Curso Importación de China,Otros,Certificado
68c3784a17de33e9770ff848,Especialización en Data Science,Ingeniería y Tecnología,Certificado
68c3784a17de33e9770ff848,Skill for Work,Otros,Certificado
68c3784a17de33e9770ff848,Certificación Google Analytics,Otros,Certificado
68c3784a17de33e9770ff848,Bachiller en Economía,Economía y Finanzas,Bachiller
68c3784a17de33e9770ff848,Certificación en Machine Learning con Python,Otros,Certificado
68c44ba0448bb540da2b0e78,Bachiller en Psicología,Ciencias Sociales y Humanidades,Bachiller
68c44ba0448bb540da2b0e78,Psicología Organizacional y Test de Wartegg,Ciencias Sociales y Humanidades,Certificado
68c44ba0448bb540da2b0e78,Asistente de Evaluación de Pruebas Psicológicas,Otros,Certificado
68c44ba0448bb540da2b0e78,Consultoría en Organizaciones,Otros,Certificado
68c44ba0448bb540da2b0e78,Analista de Selección de Personal,Otros,Certificado
68c44ba0448bb540da2b0e78,Gestión Humana en las Organizaciones,Administración y Negocios,Certificado
68c49bcd448bb540da2b0f1a,Administración de empresas,Administración y Negocios,Estudiante
689031ca31cfb7af211fdb81,CIVIL 3D,Ingeniería y Tecnología,Certificado
689031ca31cfb7af211fdb81,Metrados en edificaciones,Otros,Certificado
689031ca31cfb7af211fdb81,REVIT,Otros,Certificado
68c4dfe7448bb540da2b109f,Diseño y Desarrollo Web,Arquitectura y Diseño,Certificado
68c4dfe7448bb540da2b109f,Actualización en Microsoft Power BI,Otros,Certificado
68c4dfe7448bb540da2b109f,Ingeniería de Sistemas e Informática,Ingeniería y Tecnología,Bachiller
68c4df7e448bb540da2b109a,Educación Secundaria,Ciencias Sociales y Humanidades,Otros
68c4df7e448bb540da2b109a,Inglés Avanzado,Ciencias Sociales y Humanidades,Certificado
68c4df7e448bb540da2b109a,Excel Intermedio,Otros,Certificado
68c4df7e448bb540da2b109a,Administración Bancaria,Administración y Negocios,Bachiller
68c4efe8448bb540da2b11ca,Licenciatura en psicología,Ciencias Sociales y Humanidades,Bachiller
68c49bcd448bb540da2b0f1a,Liderazgo,Otros,Diplomado
68c62fa558913242969ed2be,Ciencias Políticas y Relaciones Internacionales,Otros,Maestría
68c62fa558913242969ed2be,Ingeniería Económica y de Negocios,Ingeniería y Tecnología,Bachiller
68c62fa558913242969ed2be,Ciencias Económicas,Otros,Otros
68c6eac658913242969ed382,Ingeniería de Telecomunicaciones,Ingeniería y Tecnología,Estudiante
68c7771858913242969ed3e7,Storytelling en el Marketing Digital,Administración y Negocios,Certificado
68c7771858913242969ed3e7,Microsoft Excel Nivel Intermedio,Otros,Certificado
68c7771858913242969ed3e7,SEO y content marketing,Administración y Negocios,Certificado
68c7771858913242969ed3e7,Especialista en realización audiovisual,Otros,Certificado
68c7771858913242969ed3e7,Estudiante de ciencias de la comunicación,Ciencias Sociales y Humanidades,Estudiante
68c76be258913242969ed3cd,Ciencias de la comunicación social,Ciencias Sociales y Humanidades,Bachiller
68573d9b4bb2422d59a6ad8f,Especialización en Microsoft Excel y gestión de Datos,Administración y Negocios,Certificado
68573d9b4bb2422d59a6ad8f,"Atracción, selección y retención del talento en el nuevo contexto",Otros,Certificado
68573d9b4bb2422d59a6ad8f,Asistencia de Gerencia,Otros,Certificado
68573d9b4bb2422d59a6ad8f,Introducción a Power Bi,Otros,Certificado
68573d9b4bb2422d59a6ad8f,Bachiller de la carrera de psicología,Ciencias Sociales y Humanidades,Bachiller
68573d9b4bb2422d59a6ad8f,Diplomado en terapias contextuales en infantojuveniles,Otros,Certificado
68573d9b4bb2422d59a6ad8f,Estudios en inglés,Ciencias Sociales y Humanidades,Otros
68c8891958913242969ed7ef,Ingeniería Empresarial y de Sistemas,Ingeniería y Tecnología,Bachiller
68c8891958913242969ed7ef,Taller Python Básico,Otros,Otros
68c8891958913242969ed7ef,FCE Certificado B1 (Intermedio),Otros,Certificado
68c8891958913242969ed7ef,Nivel Avanzado,Otros,Certificado
68c8891958913242969ed7ef,Excel Intermedio,Otros,Otros
68c89d9458913242969ed851,"Bachelor's Degree in Arts, Major in Graphic Design",Arquitectura y Diseño,Bachiller
68c8b1cb58913242969ed8ac,Ing. de Sistemas e Informática,Ingeniería y Tecnología,Bachiller
68c8b1cb58913242969ed8ac,AI Fundamentals,Otros,Certificado
68c8b1cb58913242969ed8ac,Copilot for M365,Otros,Certificado
68c8b1cb58913242969ed8ac,Generative AI,Otros,Certificado
68c8b1cb58913242969ed8ac,Diplomado en Transformación Digital,Otros,Diplomado
68c8b1cb58913242969ed8ac,Gobierno Digital,Otros,Certificado
68c8b1cb58913242969ed8ac,Transformación Digital,Otros,Certificado
68c8c3fa58913242969ed960,Intercambio Académico,Otros,Otros
68c8c3fa58913242969ed960,Manejo Integrado de Plagas en Cultivos de Arándanos,Otros,Certificado
68c8c3fa58913242969ed960,Fundamentos ISO 9001 – Sistema de Gestión de Calidad,Administración y Negocios,Certificado
68c8c3fa58913242969ed960,Ingeniería Agroindustrial,Ingeniería y Tecnología,Bachiller
68c8c3fa58913242969ed960,"Auditor Interno en Sistemas Integrados de Gestión ISO 9001, ISO 14001 e ISO 45001",Ingeniería y Tecnología,Certificado
68c8cfb658913242969ed9ed,Bachiller,Otros,Bachiller
68c8cfb658913242969ed9ed,Técnico en Gastronomía y Arte Culinario,Otros,Diplomado
68c8cfb658913242969ed9ed,Curso de ARGIS BÁSICO- INTERMEDIO-AVANZADO,Otros,Certificado
68c8cfb658913242969ed9ed,Inglés nivel intermedio,Ciencias Sociales y Humanidades,Otros
68c8d1f058913242969eda55,Inglés,Ciencias Sociales y Humanidades,Certificado
68c8d1f058913242969eda55,Auxiliar de Despacho Aduanero,Otros,Certificado
68c8d1f058913242969eda55,Administración y Negocios Internacionales,Administración y Negocios,Estudiante
68c8d1f058913242969eda55,Excel Experto,Otros,Certificado
68c8d5d458913242969edae1,Gestión de proyectos,Administración y Negocios,Certificado
68c8d5d458913242969edae1,Power BI,Otros,Certificado
68c8d5d458913242969edae1,negociación y mediación de conflictos,Otros,Certificado
68c8d5d458913242969edae1,Bootcamp Data máster,Otros,Certificado
68c8d5d458913242969edae1,Ingeniería en Gestión Empresarial,Ingeniería y Tecnología,Bachiller
68c8d5d458913242969edae1,Prompt Engineering,Ingeniería y Tecnología,Certificado
68befad217de33e9770fdb33,Bachiller en Marketing y Publicidad,Administración y Negocios,Bachiller
68c9c61a58913242969edd82,Diplomado en humanidades,Ciencias Sociales y Humanidades,Diplomado
68c9c61a58913242969edd82,Educación Secundaria,Ciencias Sociales y Humanidades,Otros
68c9c61a58913242969edd82,"Técnico Universitario Superior en Gestión y Emprendimiento, especialidad en Servicios Financieros y Bancarios",Administración y Negocios,Otros
68cb1fe258913242969ee19b,Administración de Empresas,Administración y Negocios,Bachiller
68cc1aa9f4822753cacc5745,Certificación en Inglés Avanzado,Ciencias Sociales y Humanidades,Certificado
68cc1aa9f4822753cacc5745,Certificación en Excel básico,Otros,Certificado
68cc1aa9f4822753cacc5745,Bachiller en Gestión y Alta Dirección,Administración y Negocios,Bachiller
68cc9a78f4822753cacc5a2c,Estudiante de Administración y Finanzas,Administración y Negocios,Estudiante
68cc9a78f4822753cacc5a2c,First Certificate in English - B2,Otros,Certificado
68cc9a78f4822753cacc5a2c,Programación Básica con Python,Otros,Certificado
68cc9a78f4822753cacc5a2c,Educación Secundaria,Ciencias Sociales y Humanidades,Otros
68cd4e20f4822753cacc5bda,Taller de Preparación para la Certificación Internacional CAPM®,Otros,Certificado
68cd4e20f4822753cacc5bda,Hands on Sigfox,Otros,Certificado
68cd4e20f4822753cacc5bda,Técnico Titulado,Otros,Otros
68cd4e20f4822753cacc5bda,Programa Integral Comunicaciones Inalámbricas,Ciencias Sociales y Humanidades,Certificado
68cdf254f4822753cacc5e22,Curso: Power BI Primer Nivel,Otros,Certificado
68cdf254f4822753cacc5e22,Curso: Manejo de Hojas de Cálculo: Nivel Intermedio,Otros,Certificado
68cdf254f4822753cacc5e22,Curso: Power BI Segundo Nivel,Otros,Certificado
68cdf254f4822753cacc5e22,Alumna de 8 Ciclo en Gestión y Alta Dirección,Administración y Negocios,Estudiante
68cdf254f4822753cacc5e22,Curso: Automatización y Programación en Hojas de Cálculo: Nivel Avanzado,Otros,Certificado
68cedd57f4822753cacc6110,Bachiller en Arquitectura y Urbanismo,Arquitectura y Diseño,Bachiller
68cedd57f4822753cacc6110,Metrados en Edificaciones,Otros,Certificado
68cedd57f4822753cacc6110,Photoshop Arquitectónico + Illustrator,Otros,Certificado
68cedd57f4822753cacc6110,AutoCAD - Dibujo Técnico,Otros,Certificado
68cedd57f4822753cacc6110,Coordinador BIM,Otros,Certificado
68cedd57f4822753cacc6110,Visualización 3D SketchUp + Lumion + Vray,Otros,Certificado
68cedd57f4822753cacc6110,Diseño de Instalaciones Eléctricas y Sanitarias,Arquitectura y Diseño,Certificado
68cef576f4822753cacc61fa,Alumno de 8 Ciclo DE GESTIÓN Y ALTA DIRECCIÓN,Administración y Negocios,Estudiante
68ceff4ff4822753cacc62e9,Especialidad Ing. de Sistemas,Ingeniería y Tecnología,Otros
68cfa43df4822753cacc66bb,Ingeniería de Software,Ingeniería y Tecnología,Bachiller
68cfa43df4822753cacc66bb,Other,Otros,Otros
68cfa43df4822753cacc66bb,Data Platform Foundations Associate,Otros,Certificado
68cfa43df4822753cacc66bb,Python Developer,Otros,Certificado
68c2ef9b17de33e9770ff2c1,Psicología,Ciencias Sociales y Humanidades,Bachiller
68c2ef9b17de33e9770ff2c1,Educación Secundaria,Ciencias Sociales y Humanidades,Estudiante
685ea075fa3637d9d0fdb902,Ingeniería Informática,Ingeniería y Tecnología,Bachiller
685ea075fa3637d9d0fdb902,Ciências de Computação,Otros,Estudiante
68d30411877d51b83458032f,Comunicación Audiovisual,Ciencias Sociales y Humanidades,Estudiante
68d30411877d51b83458032f,Inglés Intermedio,Ciencias Sociales y Humanidades,Certificado
68d30411877d51b83458032f,Curso de Edición de Video Profesional,Otros,Certificado
68d3ed7b877d51b8345804b3,Licenciado en Gestión Empresarial,Administración y Negocios,Bachiller
68d3ed7b877d51b8345804b3,Full Stack Developer,Otros,Certificado
68d3ed7b877d51b8345804b3,Metodologías Ágiles,Otros,Certificado
68d3ed7b877d51b8345804b3,Power BI para Gestión,Administración y Negocios,Otros
68d3ed7b877d51b8345804b3,Programa de importaciones,Otros,Otros
68d3ed7b877d51b8345804b3,Bachillerato internacional,Otros,Diplomado
68a88c9397cf1a4f7a755746,"Formación académica de alto nivel con énfasis en liderazgo, investigación y ciudadanía global.  Miembro del Ensamble Sinfónico del colegio (guitarra), participando en presentaciones y actividades culturales.",Otros,Estudiante
68d4aebc877d51b8345805eb,Formación en Desarrollo de Software y Ciencia de Datos,Ingeniería y Tecnología,Otros
68d4aebc877d51b8345805eb,Ingeniería de Sistemas,Ingeniería y Tecnología,Bachiller
68d552e8877d51b834580729,Bachiller en Ciencias,Otros,Otros
68d55ded877d51b834580798,Bachiller en Derecho,Ciencias Sociales y Humanidades,Bachiller
68d55ded877d51b834580798,Inglés,Ciencias Sociales y Humanidades,Certificado
68d55ded877d51b834580798,Beca Continuidad de estudios,Otros,Otros
68d577c2877d51b834580870,Administración,Administración y Negocios,Bachiller
68d56531877d51b834580835,MECÁNICA DE PRODUCCIÓN,Otros,Bachiller
68d7f1b4864ac0f80005bc4a,Inyectología y sueroterapia,Otros,Certificado
68d7f1b4864ac0f80005bc4a,LICENCIATURA EN NUTRICIÓN Y DIETÉTICA,Salud,Bachiller
68d7f1b4864ac0f80005bc4a,Primeros Auxilios Básicos,Otros,Certificado
68d7f1b4864ac0f80005bc4a,Nutrición Infantil,Salud,Certificado
68d7f1b4864ac0f80005bc4a,"XIX Seminario Internacional Salud, Alimentación y Nutrición Humana",Salud,Certificado
68d7f1b4864ac0f80005bc4a,Curso de Bioseguridad,Otros,Certificado
68d7f1b4864ac0f80005bc4a,Nutrición y Obesidad: control del sobrepeso,Salud,Certificado
68d7f1b4864ac0f80005bc4a,Voluntario (Primeros Auxilios Básicos),Otros,Otros
68d7f1b4864ac0f80005bc4a,,,Otros
68d7f537864ac0f80005bca5,Bachiller técnico en servicios y aplicaciones informáticas,Ingeniería y Tecnología,Otros
68d7f537864ac0f80005bca5,Licenciada en Psicología,Ciencias Sociales y Humanidades,Bachiller
68d7f537864ac0f80005bca5,Diplomado internacional en psicoterapia basada en evidencia y psicoterapia contextual,Otros,Diplomado
68d7f537864ac0f80005bca5,Diplomado en Psicología Educativa,Ciencias Sociales y Humanidades,Diplomado
68d7f537864ac0f80005bca5,Diplomado internacional en Psicología Clínica Infantil: Técnicas y Herramientas de prevención e intervención,Ciencias Sociales y Humanidades,Diplomado
68d7f537864ac0f80005bca5,Diplomado internacional en Neuropsicología: Trastornos del neurodesarrollo y neurodegenerativos en el proceso vital,Ciencias Sociales y Humanidades,Diplomado
68d7f537864ac0f80005bca5,Diplomado en Psicología Clínica y de la Salud en el ámbito Hospitalario,Ciencias Sociales y Humanidades,Diplomado
689031ca31cfb7af211fdb81,Manejo de estacion total y GPS diferencial,Otros,Certificado
68d8673f864ac0f80005bd90,Ingeniería Metalúrgica,Ingeniería y Tecnología,Bachiller
68d8673f864ac0f80005bd90,Co-líder de Proyectos Mineros,Otros,Otros
68d8673f864ac0f80005bd90,Certificación en Autocad,Otros,Certificado
68d8673f864ac0f80005bd90,Certificación en Python,Otros,Certificado
68d866db864ac0f80005bd8a,Ingeniería metalúrgica,Ingeniería y Tecnología,Estudiante
68d867f5864ac0f80005be1d,Manejo de residuos sólidos urbanos,Otros,Certificado
68d867f5864ac0f80005be1d,Microsoft nivel intermedio,Otros,Certificado
68d867f5864ac0f80005be1d,Prevención de Riesgos Laborales,Otros,Certificado
68d867f5864ac0f80005be1d,Cálculo de huella hídrica,Otros,Certificado
68d867f5864ac0f80005be1d,Cálculo de huella de carbono,Otros,Certificado
68d867f5864ac0f80005be1d,Introducción a la Gestión Ambiental en el Perú,Ingeniería y Tecnología,Certificado
68d867f5864ac0f80005be1d,Introducción a la gestión interna de seguridad y salud en el trabajo,Administración y Negocios,Certificado
68d867f5864ac0f80005be1d,Actualización en derecho ambiental y minero,Ingeniería y Tecnología,Certificado
68d867f5864ac0f80005be1d,Economía circular,Economía y Finanzas,Certificado
68d867f5864ac0f80005be1d,Estudiante de Ingeniería Ambiental y de Recursos Naturales,Ingeniería y Tecnología,Estudiante
68d8683a864ac0f80005be2b,Bachiller en Ingeniería Ambiental,Ingeniería y Tecnología,Bachiller
68d8683a864ac0f80005be2b,Técnico en Contabilidad,Economía y Finanzas,Diplomado
68d9e7d093b609195da3f028,Técnico Egresado en Administración de Empresas,Administración y Negocios,Diplomado
68d9fb2c93b609195da3f0d0,Bachelor of Philosophy,Otros,Bachiller
68d9fb2c93b609195da3f0d0,Global Current Affairs,Otros,Otros
68d9fb2c93b609195da3f0d0,High School Diploma,Otros,Otros
68d9fb2c93b609195da3f0d0,Applied Research Methodology course,Otros,Otros
68d9fb2c93b609195da3f0d0,Certificate,Otros,Certificado
685f2544fa3637d9d0fdba46,Hacking Ético,Otros,Estudiante
68d79265864ac0f80005bbfa,Inglés A2 MCER,Ciencias Sociales y Humanidades,Certificado
68d79265864ac0f80005bbfa,Ingeniería Industrial,Ingeniería y Tecnología,Bachiller
68d79265864ac0f80005bbfa,Excel Avanzado,Otros,Certificado
68d79265864ac0f80005bbfa,Introducción a Power BI,Otros,Certificado
68ddb23c93b609195da3f7b8,Diploma,Otros,Diplomado
68ddb11a93b609195da3f7b2,Primaria,Otros,Otros
68ddb11a93b609195da3f7b2,Educación Secundaria,Ciencias Sociales y Humanidades,Otros
68dddfcc93b609195da3f8db,Estudiante de Psicología,Ciencias Sociales y Humanidades,Estudiante
68df1ff609dc6d96d84dab43,Educación Secundaria,Ciencias Sociales y Humanidades,Otros
68df1ff609dc6d96d84dab43,ADMINISTRACIÓN DE NEGOCIOS INTERNACIONALES,Administración y Negocios,Otros
68df231b09dc6d96d84dabdb,JavaScript,Otros,Certificado
68df231b09dc6d96d84dabdb,Python,Otros,Certificado
68df231b09dc6d96d84dabdb,Inglés,Ciencias Sociales y Humanidades,Certificado
68df231b09dc6d96d84dabdb,Diseño y Desarrollo de Software,Ingeniería y Tecnología,Estudiante
68df231b09dc6d96d84dabdb,Bases de datos relacionales,Otros,Certificado
68df231b09dc6d96d84dabdb,Metodología SCRUM,Otros,Certificado
68df408109dc6d96d84dac88,Negocios Internacionales,Administración y Negocios,Estudiante
68df408109dc6d96d84dac88,Educación Secundaria,Ciencias Sociales y Humanidades,Otros
68df408109dc6d96d84dac88,PRIMARIA COMPLETA,Otros,Otros
68dfdf0c09dc6d96d84dadae,Primaria,Otros,Otros
68dfdf0c09dc6d96d84dadae,Ingeniería Civil,Ingeniería y Tecnología,Estudiante
68dfdf0c09dc6d96d84dadae,Topografía,Otros,Diplomado
68dfdf0c09dc6d96d84dadae,Educación Secundaria,Ciencias Sociales y Humanidades,Otros
68e0374209dc6d96d84db070,Licenciatura en Finanzas,Economía y Finanzas,
681ed57098135c66ec9435c9,Estudiante de Economía,Economía y Finanzas,Estudiante
681ed57098135c66ec9435c9,Microfinanzas,Economía y Finanzas,Certificado
681ed57098135c66ec9435c9,Formulación y Evaluación de Proyectos de Inversión Privada,Otros,Certificado
681ed57098135c66ec9435c9,Mercado de Capitales,Otros,Certificado
681ed57098135c66ec9435c9,Finanzas de Empresas,Economía y Finanzas,Certificado
681ed57098135c66ec9435c9,Contabilidad Financiera y Costos,Economía y Finanzas,Certificado
68e1ccf909dc6d96d84db1b8,Ingeniería de Sistemas e Informática,Ingeniería y Tecnología,Bachiller
68e52586e00cebc8d30f1263,Bachiller en Ingeniería Geológica,Ingeniería y Tecnología,Bachiller
68e576046e82460824970737,Programa de Capacitación en Competencias Digitales,Otros,Estudiante
68e576046e82460824970737,Administracion y Gerencia del Emprendimiento,Administración y Negocios,Estudiante
68e576046e82460824970737,Aspire Leaders Program,Otros,Estudiante
68e5b2766e824608249708f5,Bachiller en Matemática y Tecnología,Ingeniería y Tecnología,Bachiller
68e6e4608a1b1db4a7ca3d75,,,Estudiante
68e6e4608a1b1db4a7ca3d75,Bachiller en Auditoria y Contabilidad (Mejor Egresado),Economía y Finanzas,Bachiller
68e6e4608a1b1db4a7ca3d75,Ingeniero Ambiental,Ingeniería y Tecnología,Diplomado
68e8406b445e5904a511e428,Ingeniería Industrial,Ingeniería y Tecnología,Estudiante
68e8406b445e5904a511e428,Importaciones de China,Otros,Certificado
68e8406b445e5904a511e428,Gestión de almacenes e inventarios,Administración y Negocios,Certificado
68e8406b445e5904a511e428,Ingeniería Industrial,Ingeniería y Tecnología,Estudiante
68e8406b445e5904a511e428,Educación Secundaria,Ciencias Sociales y Humanidades,Estudiante
68e8406b445e5904a511e428,Gestión de almacenes e inventarios,Administración y Negocios,Certificado
68e8406b445e5904a511e428,Importaciones de China,Otros,Certificado
68e8406b445e5904a511e428,Educación Secundaria,Ciencias Sociales y Humanidades,Estudiante
68e89c37eef67ae5e05a4860,,,Bachiller
68e969f6825137caa7b4e5b3,Estudiante de Economía,Economía y Finanzas,Estudiante
68eab2a834cfd52e68994a18,Licenciada en Mercadeo,Administración y Negocios,Diplomado
68eab2a834cfd52e68994a18,Programa para Gestor de Negocios,Administración y Negocios,Diplomado
68eab2a834cfd52e68994a18,Vendedor Auxiliar,Otros,Certificado
68eab2a834cfd52e68994a18,Técnico en Mercadeo,Administración y Negocios,Bachiller
68ec481e057cb016620ba110,Psicología,Ciencias Sociales y Humanidades,Estudiante
68ec481e057cb016620ba110,Diseño Gráfico,Arquitectura y Diseño,Estudiante
68ec481e057cb016620ba10e,ING. SISTEMAS E INFORMÁTICA,Ingeniería y Tecnología,Bachiller
68ec4816057cb016620ba107,Técnico en Computación e Informática,Ingeniería y Tecnología,Diplomado
68ec4a2b057cb016620ba26f,Inglés A2 MCER,Ciencias Sociales y Humanidades,Certificado
68ec4a2b057cb016620ba26f,Especialista de Soporte Técnico,Otros,Certificado
68ec4a2b057cb016620ba26f,Ingeniería de Sistemas e Informática,Ingeniería y Tecnología,Bachiller
68ec4a2b057cb016620ba26f,Microsoft Excel Nivel Intermedio,Otros,Certificado
68ec4a2b057cb016620ba26f,Asistente de Docencia Algorítmica,Otros,Certificado
68ec48fd057cb016620ba1ce,Ing. Industrial,Ingeniería y Tecnología,Bachiller
68ec494b057cb016620ba1e4,Técnico en Laboratorio Clínico y Anatomía Patológica,Otros,Diplomado
68ec494b057cb016620ba1e4,Ingeniería Biomédica,Ingeniería y Tecnología,Estudiante
68ec4807057cb016620ba0f5,Inglés Avanzado,Ciencias Sociales y Humanidades,Certificado
68ec4807057cb016620ba0f5,"Enterprise Networking, Security & Automation",Otros,Certificado
68ec4807057cb016620ba0f5,Introduction to Networks,Otros,Certificado
68ec4807057cb016620ba0f5,Excel Básico,Otros,Certificado
68ec4807057cb016620ba0f5,Excel Intermedio,Otros,Certificado
68ec4807057cb016620ba0f5,Inglés Básico,Ciencias Sociales y Humanidades,Certificado
68ec4807057cb016620ba0f5,Inglés Intermedio,Ciencias Sociales y Humanidades,Certificado
68ec4807057cb016620ba0f5,"Switching, Routing & Wireless Essentials",Otros,Certificado
68ec448c057cb016620ba0cd,Microsoft Excel Nivel Avanzado,Otros,Certificado
68ec448c057cb016620ba0cd,Ingeniería Industrial,Ingeniería y Tecnología,Estudiante
68ec448c057cb016620ba0cd,Inglés intermedio,Ciencias Sociales y Humanidades,Certificado
68ec4a46057cb016620ba28d,Certificado de Especialista en Excel,Otros,Certificado
68ec4a46057cb016620ba28d,Programa de Inglés para Jóvenes y Adultos,Ciencias Sociales y Humanidades,Estudiante
68ec4a46057cb016620ba28d,Ingeniería Industrial,Ingeniería y Tecnología,Estudiante
68ec4a26057cb016620ba263,PROGRAMA DE ESPECIALIZACIÓN EN CIENCIA DE DATOS,Ingeniería y Tecnología,Certificado
68ec4a26057cb016620ba263,INGENIERÍA INDUSTRIAL,Ingeniería y Tecnología,Estudiante
68ec4a4c057cb016620ba29c,Dibujo Técnico,Otros,Certificado
68ec4a4c057cb016620ba29c,Física,Ciencias,Certificado
68ec4a4c057cb016620ba29c,Excel Avanzado,Otros,Certificado
68ec4a4c057cb016620ba29c,Inglés A2 MCER,Ciencias Sociales y Humanidades,Certificado
68ec4a4c057cb016620ba29c,Ingeniería Industrial,Ingeniería y Tecnología,Estudiante
68ec4a4c057cb016620ba29c,Certificaciones progresivas,Otros,Certificado
68ec4a4c057cb016620ba29c,Matemática,Ciencias,Certificado
68ec4a59057cb016620ba2bf,CCNA: INTRODUCCIÓN A LAS REDES,Ingeniería y Tecnología,Certificado
68ec4a59057cb016620ba2bf,Ingeniería de Software,Ingeniería y Tecnología,Estudiante
68ec4a59057cb016620ba2bf,Educación Secundaria,Ciencias Sociales y Humanidades,Otros
68ec4a59057cb016620ba2bf,Programación en C++,Otros,Certificado
68ec4aa5057cb016620ba43e,Ingeniería Industrial,Ingeniería y Tecnología,Estudiante
68ec4aa5057cb016620ba43e,Excel - Intermedio y Avanzado,Otros,Certificado
68ec4aa5057cb016620ba43e,Power BI - Básico,Otros,Certificado
68ec4aa5057cb016620ba43e,Dibujo técnico,Otros,Certificado
68ec4aa5057cb016620ba43e,SQL - Básico,Otros,Certificado
68ec4bbe057cb016620ba5d1,Inglés A2 MCER,Ciencias Sociales y Humanidades,Certificado
68ec4bbe057cb016620ba5d1,Power BI – Visualización de datos (nivel intermedio),Otros,Certificado
68ec4bbe057cb016620ba5d1,Microsoft Excel a Nivel (nivel intermedio),Otros,Certificado
68ec4bbe057cb016620ba5d1,Ingeniería Industrial,Ingeniería y Tecnología,Estudiante
68ec4bbe057cb016620ba5d1,Microsoft Word y PowerPoint (nivel intermedio),Otros,Certificado
68ec481e057cb016620ba110,Programa especializado DesignOps,Arquitectura y Diseño,Certificado
68ec481e057cb016620ba110,Product Manager,Otros,Certificado
68ec4816057cb016620ba107,Gestión Pública,Administración y Negocios,Certificado
68ec4816057cb016620ba107,SQL,Otros,Certificado
68ec8e13057cb016620bac46,Excel Avanzado,Otros,Certificado
68ec8e13057cb016620bac46,Ciencias de la Comunicación,Ciencias Sociales y Humanidades,Bachiller
68ec8e13057cb016620bac46,"Marketing, Branding y Retail",Administración y Negocios,Certificado
68eda1ca041386703ca5914d,Educación Secundaria,Ciencias Sociales y Humanidades,Otros
68eda1ca041386703ca5914d,ADMINISTRACIÓN DE NEGOCIOS INTERNACIONALES,Administración y Negocios,Otros
68ee6b2c36df8b564a2b12f1,Ingeniería de sistemas e informática,Ingeniería y Tecnología,Bachiller
68eedf9342a3bab21921ce55,Congreso Internacional de investigación científica,Otros,Otros
68eedf9342a3bab21921ce55,Historias que inspiran,Ciencias Sociales y Humanidades,Otros
68eedf9342a3bab21921ce55,Cómo afrontar exitosamente el proceso de selección de personal,Otros,Otros
68eedf9342a3bab21921ce55,Logística en Transnacionales,Otros,Certificado
68eedf9342a3bab21921ce55,Administración de Empresas,Administración y Negocios,Bachiller
68eedf9342a3bab21921ce55,Microsoft Excel,Otros,Certificado
68eedf9342a3bab21921ce55,Photoshop,Otros,Certificado
68eedf9342a3bab21921ce55,Descubriendo mis Competencias para la búsqueda de empleo,Otros,Otros
68eedf9342a3bab21921ce55,Inglés,Ciencias Sociales y Humanidades,Certificado
68eebd2b42a3bab21921cdf3,Licenciatura en Ingeniería Civil,Ingeniería y Tecnología,
68ef12e142a3bab21921d04d,Administración de Empresas,Administración y Negocios,Estudiante
68ef12d042a3bab21921d047,Certificado en Ensamblaje y Reparación de Computadoras y Laptops,Otros,Certificado
68ef12d042a3bab21921d047,Ingeniería de Sistemas e Informática,Ingeniería y Tecnología,Bachiller
68ef12d042a3bab21921d047,Inglés A2,Ciencias Sociales y Humanidades,Certificado
68ef12d042a3bab21921d047,Especialista en Soporte Técnico,Otros,Certificado
68ef166442a3bab21921d0e6,Administración de Empresas,Administración y Negocios,Otros
68ef166442a3bab21921d0e6,Aviación Comercial,Administración y Negocios,Otros
68eff45f8c6b35fdec775677,Idioma Coreano,Otros,Certificado
68eff45f8c6b35fdec775677,Administración de empresas,Administración y Negocios,Estudiante
68eff45f8c6b35fdec775677,Ing. en Finanzas,Economía y Finanzas,Bachiller
68eff45f8c6b35fdec775677,Recursos Humanos,Administración y Negocios,Certificado
68eff45f8c6b35fdec775677,"Contabilidad, Tributación y Nómina",Economía y Finanzas,Certificado
68eff45f8c6b35fdec775677,Tributación,Otros,Certificado
68eff45f8c6b35fdec775677,Contabilidad,Economía y Finanzas,Certificado
68eff45f8c6b35fdec775677,Suficiencia del idioma coreano,Otros,Certificado
68f071b0a00ae6ec44dab097,Ingeniería de Sistemas e Informática,Ingeniería y Tecnología,Estudiante
68f071b0a00ae6ec44dab097,Base de Datos SQL Server,Otros,Certificado
68f071b0a00ae6ec44dab097,Educación Secundaria,Ciencias Sociales y Humanidades,Estudiante
68f1905c7e714d508e245a72,Bachiller en ciencias,Otros,Bachiller
68f1905c7e714d508e245a72,Ayudante de cátedra,Otros,Otros
68f1905c7e714d508e245a72,Representante estudiantil,Otros,Otros
68f1905c7e714d508e245a72,Ingeniería Ambiental,Ingeniería y Tecnología,Estudiante
68f19f247e714d508e245ae8,Ingeniería Ambiental,Ingeniería y Tecnología,Bachiller
68f19f247e714d508e245ae8,Ayudantía de Cátedra en Auditoría Ambiental,Ingeniería y Tecnología,Certificado
68f2d9a8b03d9637367b0a26,Bachiller en Ingeniería de Software,Ingeniería y Tecnología,Bachiller
68f2d9a8b03d9637367b0a26,Bachiller en Ingeniería de Software,Ingeniería y Tecnología,Bachiller
68f2d9a8b03d9637367b0a26,Python for Everybody,Otros,Certificado
68f2d9a8b03d9637367b0a26,"Competencias digitales. Herramientas de ofimática (Microsoft Word, Excel, Power Point)",Otros,Certificado
68f2d9a8b03d9637367b0a26,Ciberseguridad y Gestión de la Información,Administración y Negocios,Certificado
68f2d9a8b03d9637367b0a26,Good with Words: Writing and Editing,Otros,Certificado
68f2ea9fb03d9637367b0bac,Bachiller Técnico en Contabilidad y Administración,Administración y Negocios,Otros
68f2ea9fb03d9637367b0bac,Licenciatura en Contabilidad y Auditoría,Economía y Finanzas,Bachiller
68f4ecc1af76244bda04091d,Excel Intermedio,Otros,Certificado
68f4ecc1af76244bda04091d,Bachiller en Economía,Economía y Finanzas,Bachiller
68f4ecc1af76244bda04091d,Python Basics for Data Science,Ingeniería y Tecnología,Certificado
68f4ecc1af76244bda04091d,Maestría en Administración de Empresas (MBA) con mención en Gerencia y Tecnología,Ingeniería y Tecnología,Maestría
68f4ecc1af76244bda04091d,Excel Básico,Otros,Certificado
68f4ecc1af76244bda04091d,Curso de Invierno,Otros,Certificado
68f4ecc1af76244bda04091d,Power BI Essential Training: Data analytics,Otros,Certificado
68f4ecc1af76244bda04091d,Power BI Essential Training: Data analytics,Otros,Certificado
68f4ecc1af76244bda04091d,"PRINCIPIANTE EN PROGRAMACIÓN G5 - ONE: Programación en HTML, CSS, JS",Otros,Certificado
68f4ecc1af76244bda04091d,Programa de gestión pública: Gestión pública,Administración y Negocios,Certificado
68f4ecc1af76244bda04091d,Diplomado especializado en Finanzas: Finanzas,Economía y Finanzas,Certificado
68f4ecc1af76244bda04091d,Dirección y Gestión de Proyectos: Gestión de Proyectos,Administración y Negocios,Certificado
68f4ecc1af76244bda04091d,Administración y Gestión Empresarial: Administración Empresarial,Administración y Negocios,Certificado
68f4ecc1af76244bda04091d,Economía y Finanzas: Economía y Finanzas,Economía y Finanzas,Certificado
68f4ecc1af76244bda04091d,Microsoft Excel: Excel,Otros,Certificado
68f4ecc1af76244bda04091d,Proyectos de Inversión Pública: Gestión Pública,Administración y Negocios,Certificado
68f4ecc1af76244bda04091d,ABC de la Bolsa de Valores,Otros,Certificado
68f4ecc1af76244bda04091d,Riesgo de Crédito (Contraste de Probabilidades): Finanzas,Economía y Finanzas,Certificado
68f4ecc1af76244bda04091d,Digitaliza paso a paso tu negocio: Administración,Administración y Negocios,Certificado
68f4ecc1af76244bda04091d,Finanzas Personales del ABC del BCP: Finanzas,Economía y Finanzas,Certificado
68f4ecc1af76244bda04091d,Estrategias y Habilidades Para una Comunicación Efectiva: Desarrollo Personal,Ciencias Sociales y Humanidades,Certificado
68f4ecc1af76244bda04091d,La felicidad y su Rentabilidad en las Empresas: Desarrollo personal,Otros,Certificado
68f4ecc1af76244bda04091d,Formación de Líderes Jóvenes Sociales: Desarrollo Personal,Otros,Certificado
68f4ecc1af76244bda04091d,DESARROLLO PERSONAL G5 - ONE: Gestión del tiempo y organización,Administración y Negocios,Certificado
68f4ecc1af76244bda04091d,Fundamentos profesionales del análisis de datos: Data analytics,Otros,Certificado
689e798877f1ba86edd602ea,Actualización de Microsoft POWER BI,Otros,Certificado
689e798877f1ba86edd602ea,SAP S/4HANA EWM – KEY USER,Otros,Certificado
68f665baba2757cc5ef4f2e4,Educación Secundaria,Ciencias Sociales y Humanidades,Diplomado
68f665baba2757cc5ef4f2e4,2° ciclo culminado,Otros,Otros
68fc0aa76684ee5077e73248,Arquitectura Sostenible,Arquitectura y Diseño,Estudiante
68fc0aa76684ee5077e73248,"Tecnico - Industriales Instalaciones, Equipos y Maquinas Electricas",Ingeniería y Tecnología,Bachiller
66b975bfbf7e18bdfd26381e,Educación Secundaria,Ciencias Sociales y Humanidades,Otros
66b975bfbf7e18bdfd26381e,Ingeniería en Sistemas Computacionales,Ingeniería y Tecnología,Bachiller
68fd0b17a855b4d1e71ff1b7,Ingeniería Electrónica,Ingeniería y Tecnología,Estudiante
68c2d59017de33e9770ff216,Ingeniería Industrial,Ingeniería y Tecnología,Bachiller
68c2d59017de33e9770ff216,Educación Secundaria,Ciencias Sociales y Humanidades,Otros
68fbce717786ced94f9f0d8e,Licenciatura en pedagogía,Otros,Otros
68ff0cf63ca051c01875b73c,Ingeniería de Sistemas,Ingeniería y Tecnología,Estudiante
68ff6a489254abeafe8de2fc,Administración,Administración y Negocios,Estudiante
68ffe50cdb711f0cddea3a49,Inglés,Ciencias Sociales y Humanidades,Otros
68ffe50cdb711f0cddea3a49,Administración,Administración y Negocios,Estudiante
68ffe9ecdb711f0cddea3a9e,Inglés,Ciencias Sociales y Humanidades,Otros
68ffe9ecdb711f0cddea3a9e,Administración,Administración y Negocios,Estudiante
68ffe9ecdb711f0cddea3a9e,Programa contable CONCAR,Otros,Otros
68ffe9ecdb711f0cddea3a9e,Asistente Contable,Otros,
68ffe9ecdb711f0cddea3a9e,Excel,Otros,Otros
68fff6d5db711f0cddea3b62,Ofimática,Otros,Certificado
68fff6d5db711f0cddea3b62,Inglés,Ciencias Sociales y Humanidades,Otros
68fff6d5db711f0cddea3b62,Administración,Administración y Negocios,Estudiante
68fff6d5db711f0cddea3b62,Diseño presentación - Canva,Arquitectura y Diseño,Certificado
69000f53db711f0cddea3c85,Microsoft Office,Otros,Certificado
69000f53db711f0cddea3c85,Administración,Administración y Negocios,Estudiante
69000f53db711f0cddea3c85,Gerencia Financiera,Otros,Diplomado
69000f53db711f0cddea3c85,Gestión Pública,Administración y Negocios,Diplomado
69003163db711f0cddea3cf2,Administración y Marketing,Administración y Negocios,Estudiante
69004137db711f0cddea3d96,IA creación de contenido,Otros,Estudiante
6900bc6099d875de385659e5,Ingeniería de Sistemas e Informática,Ingeniería y Tecnología,Estudiante
6900bc6099d875de385659e5,Educación Secundaria,Ciencias Sociales y Humanidades,Otros
69010ba199d875de38565b36,Microsoft Word y PowerPoint (nivel intermedio),Otros,Certificado
69010ba199d875de38565b36,Ingeniería Industrial,Ingeniería y Tecnología,Bachiller
69010ba199d875de38565b36,Power BI – Visualización de datos (nivel intermedio),Otros,Certificado
69010ba199d875de38565b36,Inglés A2 MCER,Ciencias Sociales y Humanidades,Certificado
69010ba199d875de38565b36,Microsoft Excel a Nivel (nivel avanzado),Otros,Certificado
6901620fb579910e062d813f,Bachiller en Ciencias Biológicas,Otros,Bachiller
6901620fb579910e062d813f,,,Maestría
6901620fb579910e062d813f,,,Maestría
6901777cb579910e062d8298,,,Estudiante
69023e5e8d47789fe1bc10a6,Computación e Informática,Ingeniería y Tecnología,Estudiante
69023e718d47789fe1bc10aa,Scrum Fundamentals Certified (SFC),Otros,Certificado
69023e718d47789fe1bc10aa,Scrum Foundation Professional Certification (SFPC),Otros,Certificado
69023e718d47789fe1bc10aa,Inglés,Ciencias Sociales y Humanidades,Estudiante
69023e718d47789fe1bc10aa,Administración de empresas,Administración y Negocios,Estudiante
69023f368d47789fe1bc1166,Ingeniería de Sistemas e Informática,Ingeniería y Tecnología,Bachiller
69023f3c8d47789fe1bc116e,Ingeniería de Sistemas,Ingeniería y Tecnología,Bachiller
69023ec08d47789fe1bc10c4,Bachillerato de Ingeniería de Sistemas,Ingeniería y Tecnología,Bachiller
69023e588d47789fe1bc1092,Curso: Técnicas de entrevista y observación,Otros,Certificado
69023e588d47789fe1bc1092,Curso: Evaluación proyectiva de la personalidad,Otros,Certificado
69023e588d47789fe1bc1092,Psicología,Ciencias Sociales y Humanidades,Estudiante
69023e588d47789fe1bc1092,Curso: Evaluación psicométrica de la personalidad,Otros,Certificado
69023e588d47789fe1bc1092,Curso: Procesos de recursos humanos y ciclo de vida del colaborador,Administración y Negocios,Certificado
6902465f8d47789fe1bc1386,Bartender,Otros,Certificado
68f554e5db39d912ff511698,Titulado- Ingenieria Industrial,Ingeniería y Tecnología,Bachiller
68f554e5db39d912ff511698,Diplamatura de Especialización en Supply Chain Managment,Otros,Diplomado
69029f3f56db33be382a3b3a,Formulación y Evaluación de Proyectos de Inversión Privada,Otros,Certificado
69029f3f56db33be382a3b3a,Microfinanzas,Economía y Finanzas,Certificado
69029f3f56db33be382a3b3a,Business Intelligence y Analytics,Otros,Certificado
69029f3f56db33be382a3b3a,Contabilidad Financiera y Costos,Economía y Finanzas,Certificado
69029f3f56db33be382a3b3a,Finanzas de Empresas,Economía y Finanzas,Certificado
69029f3f56db33be382a3b3a,Economía,Economía y Finanzas,Bachiller
68b7a73a4b73ec8bd7ea7637,Gestión y Alta Dirección,Administración y Negocios,Estudiante
69016f8ab579910e062d825f,Enfermería,Salud,Estudiante
6904a011eeb18592bb172cbc,Taller sobre las NIIF,Otros,Otros
6904a011eeb18592bb172cbc,Curso de SIAF,Otros,Certificado
6904a011eeb18592bb172cbc,Curso de INGLÉS,Ciencias Sociales y Humanidades,Certificado
6904a011eeb18592bb172cbc,Bachiller en Contabilidad,Economía y Finanzas,Bachiller
6904a011eeb18592bb172cbc,Curso de SIGA,Otros,Certificado
6904a011eeb18592bb172cbc,Curso OFFICE,Otros,Certificado
6904a011eeb18592bb172cbc,Taller Método de investigación aplicada a las ciencias empresariales,Otros,Otros
6904a011eeb18592bb172cbc,Taller Congreso Organización y Funciones,Otros,Otros
6904a011eeb18592bb172cbc,Taller Financiero y Tributario,Otros,Otros
6904a011eeb18592bb172cbc,Taller las NIIF Y PCGE,Otros,Otros
69010ba199d875de38565b36,SQL - BASE DE DATOS 1 + IA,Otros,Estudiante
69010ba199d875de38565b36,Excel con Macros + IA,Otros,Estudiante
69051882daf20c3d55332844,Licenciada en Comercio Internacional,Otros,
69057062adf58d66a7d59b48,Administración de Negocios Internacionales,Administración y Negocios,Estudiante
69057062adf58d66a7d59b48,,,Otros
69057e1801080eb1afd3c0f0,Inglés,Ciencias Sociales y Humanidades,Certificado
69057e1801080eb1afd3c0f0,Enfermería Técnica,Salud,Estudiante
6906af7f4bd55ebfcdcad9f0,Negocios Internacionales,Administración y Negocios,Estudiante
6906af7f4bd55ebfcdcad9f0,Inglés,Ciencias Sociales y Humanidades,
6906ce1b4bd55ebfcdcadabc,Estudiante de la Facultad de Derecho y Ciencia Política,Ciencias Sociales y Humanidades,Estudiante
6906ce1b4bd55ebfcdcadabc,Educación Primaria,Ciencias Sociales y Humanidades,Otros
6906ce1b4bd55ebfcdcadabc,Educación Inicial,Ciencias Sociales y Humanidades,Otros
6906ce1b4bd55ebfcdcadabc,Educación Secundaria,Ciencias Sociales y Humanidades,Otros
6906ce1b4bd55ebfcdcadabc,Certificado,Otros,Certificado
6906ce1b4bd55ebfcdcadabc,Participación,Otros,Otros
69057692adf58d66a7d59bf8,,,Diplomado
69057692adf58d66a7d59bf8,Bachiller en Administración y Negocios Internacionales,Administración y Negocios,Bachiller
69057692adf58d66a7d59bf8,,,Diplomado
6906f4264bd55ebfcdcadbe0,Ingeniería de Sistemas,Ingeniería y Tecnología,Estudiante
6855c35f4bb2422d59a6ab15,Bachelor of Environmental and Natural Reources Engineering,Ingeniería y Tecnología,Bachiller
6855c35f4bb2422d59a6ab15,Community and Civil Development Studies,Ingeniería y Tecnología,Maestría
690801efee026eb5fde641b9,Física,Ciencias,Bachiller
6902c3efe61b41c65f9fcdbc,Gestión y Alta Dirección,Administración y Negocios,Estudiante
68ec4a46057cb016620ba28d,Power Bi e IA para análisis de datos,Otros,Certificado
690a26b99d8bf55845825503,Desarrollo de Software,Ingeniería y Tecnología,Otros
690a26b99d8bf55845825503,Programa de Inglés Norteamericano,Ciencias Sociales y Humanidades,Otros
690a28439d8bf55845825515,Ingeniería de Sistemas,Ingeniería y Tecnología,Bachiller
690a2d439d8bf558458255b1,Computación e Informática,Ingeniería y Tecnología,Otros
690a2f639d8bf5584582568a,Other,Otros,Otros
690a2f639d8bf5584582568a,Other,Otros,Otros
690a2f639d8bf5584582568a,Other,Otros,Otros
690a2f639d8bf5584582568a,Other,Otros,Otros
690a2f639d8bf5584582568a,DESARROLLO DE SOFTWARE,Ingeniería y Tecnología,Otros
690a37699d8bf55845825854,Power BI – Básico,Otros,Certificado
690a37699d8bf55845825854,Programación en Python – Básico,Otros,Certificado
690a37699d8bf55845825854,CCNA: Introduction to Networks,Otros,Certificado
690a37699d8bf55845825854,Ingeniería de Sistemas Computacionales,Ingeniería y Tecnología,Bachiller
690a37699d8bf55845825854,Programación en Python – Intermedio,Otros,Certificado
690a37699d8bf55845825854,Habilidades Blandas,Otros,Certificado
690a37699d8bf55845825854,Scrum Fundamentals Certified (SFC™),Otros,Certificado
690a37699d8bf55845825854,Cloud Computing: AWS – Azure – Google Cloud,Otros,Certificado
690a37699d8bf55845825854,SQL Server – Base de Datos 2,Otros,Certificado
690a919a2ca96e6bbb11455e,Educación Secundaria,Ciencias Sociales y Humanidades,Otros
690a919a2ca96e6bbb11455e,Ingeniería de Sistemas Computacionales,Ingeniería y Tecnología,Estudiante
690b6b440bfa09489ba79b94,Constancia,Otros,Certificado
690b6b440bfa09489ba79b94,Curso,Otros,Certificado
690b6b440bfa09489ba79b94,Curso,Otros,Certificado
690b6b440bfa09489ba79b94,Curso,Otros,Certificado
690b6b440bfa09489ba79b94,Curso,Otros,Certificado
690b6b440bfa09489ba79b94,Curso,Otros,Certificado
690b6b440bfa09489ba79b94,Workshop,Otros,Certificado
690b6b440bfa09489ba79b94,Curso,Otros,Certificado
690b6b440bfa09489ba79b94,Curso,Otros,Certificado
690b6b440bfa09489ba79b94,Curso,Otros,Certificado
690b6b440bfa09489ba79b94,Curso,Otros,Certificado
690b6b440bfa09489ba79b94,Curso,Otros,Certificado
690b6b440bfa09489ba79b94,Curso,Otros,Certificado
690b6b440bfa09489ba79b94,Curso,Otros,Certificado
690bc4827fc6b61898bb8ca9,Curso de iniciación al desarrollo con IA,Otros,Certificado
690bc4827fc6b61898bb8ca9,"Curso completo de HTML, CSS, CSS Flexbox, CSS Grid y BEM",Otros,Certificado
690bc4827fc6b61898bb8ca9,Ingeniería de Sistemas,Ingeniería y Tecnología,Bachiller
690bc4827fc6b61898bb8ca9,JavaScript + PHP + Fuentes de POS,Otros,Certificado
690bc4827fc6b61898bb8ca9,NASA Space Apps Challenge Certification,Otros,Certificado
690bc6ef7fc6b61898bb8d1d,COMPUTACIÓN INFORMATICA,Ingeniería y Tecnología,Otros
690bc6ef7fc6b61898bb8d1d,INGLÉS,Ciencias Sociales y Humanidades,Otros
690bcf087fc6b61898bb8deb,Ingeniería de sistemas e informática,Ingeniería y Tecnología,Bachiller
690bd6407fc6b61898bb8f0b,,,Otros
690bd6407fc6b61898bb8f0b,Ingeniería de Software,Ingeniería y Tecnología,Bachiller
690bd7117fc6b61898bb8f1e,Certificación en Excel Intermedio,Otros,Certificado
690bd7117fc6b61898bb8f1e,Certificación en Desarrollador de Aplicaciones Móviles,Otros,Certificado
690bd7117fc6b61898bb8f1e,Bachiller en Ingeniería de Software,Ingeniería y Tecnología,Bachiller
690be6cf7fc6b61898bb90d5,Ingeniería de Software,Ingeniería y Tecnología,Estudiante
690be6cf7fc6b61898bb90d5,Inglés Nivel Avanzado,Ciencias Sociales y Humanidades,Certificado
690be7647fc6b61898bb90dc,INGENIERÍA DE SISTEMAS Y COMPUTACIÓN,Ingeniería y Tecnología,Bachiller
690be7647fc6b61898bb90dc,HISTORIA DEL ARTE,Ciencias Sociales y Humanidades,Otros
690be7647fc6b61898bb90dc,ASPIRE LEADERS PROGRAM,Otros,Otros
690c7ad1061613a31a2ba95f,Inglés (Intermedio),Ciencias Sociales y Humanidades,Certificado
690c7ad1061613a31a2ba95f,Bachiller en Ingeniería de Sistemas,Ingeniería y Tecnología,Bachiller
690cce6e13e0f8fcd5c2fd12,SQL Server,Otros,Otros
690cce6e13e0f8fcd5c2fd12,Maestría en Ingeniería de Software,Ingeniería y Tecnología,Maestría
690cce6e13e0f8fcd5c2fd12,Power BI,Otros,Otros
690cce6e13e0f8fcd5c2fd12,Ingeniería Textil y Confecciones,Ingeniería y Tecnología,Bachiller
690cce6e13e0f8fcd5c2fd12,Web Developer,Otros,Certificado
690cce6e13e0f8fcd5c2fd12,Web Developer,Otros,Certificado
690cce6e13e0f8fcd5c2fd12,MS Excel,Otros,Otros
690cce6e13e0f8fcd5c2fd12,Python,Otros,Otros
690ccef013e0f8fcd5c2fd27,CLOUD COMPUTING: AWS - AZURE - GOOGLE CLOUD,Otros,Certificado
690ccef013e0f8fcd5c2fd27,Desarrollo de Sistemas de Información,Ingeniería y Tecnología,Diplomado
690ccef013e0f8fcd5c2fd27,Ingeniería en Sistemas,Ingeniería y Tecnología,Bachiller
690ccef013e0f8fcd5c2fd27,Inglés,Ciencias Sociales y Humanidades,Certificado
690ccef013e0f8fcd5c2fd27,CIENCIA DE DATOS 1: Exploratory Data Analysis,Ingeniería y Tecnología,Certificado
690cd03113e0f8fcd5c2fdeb,Bachiller en Ingeniería de Software,Ingeniería y Tecnología,Bachiller
67b1230e37180fd4b8e51ff9,Administración del inventario,Administración y Negocios,Certificado
67b1230e37180fd4b8e51ff9,Inglés AI,Ciencias Sociales y Humanidades,Certificado
67b1230e37180fd4b8e51ff9,Bachiller de Ingeniería de Sistemas,Ingeniería y Tecnología,Bachiller
67b1230e37180fd4b8e51ff9,Ofimática Nivel Avanzado,Otros,Certificado
68f1a4cd7e714d508e245b50,Licenciatura en Psicología,Ciencias Sociales y Humanidades,Bachiller
68f1a4cd7e714d508e245b50,Título de Bachiller en Ciencias,Otros,Otros
690d63cba6360ae78ea6e74c,GRADUADO EN INGENIERÍA DE SISTEMAS E INFORMÁTICA,Ingeniería y Tecnología,Bachiller
690d63cba6360ae78ea6e74c,TÉCNICO EN COMPUTACIÓN E INFORMÁTICA,Ingeniería y Tecnología,Otros
690d63cba6360ae78ea6e74c,ENGLISH LANGUAGE STUDIES,Otros,Certificado
690e289c0dd0f2bf1486a54c,Other,Otros,Otros
690e289c0dd0f2bf1486a54c,Other,Otros,Otros
690e289c0dd0f2bf1486a54c,Other,Otros,Otros
69113a70700d82d8bd2742a4,Microsoft Excel Nivel Experto,Otros,Certificado
69113a70700d82d8bd2742a4,Inglés B1,Ciencias Sociales y Humanidades,Certificado
69113a70700d82d8bd2742a4,Woman in Business,Otros,Certificado
69113a70700d82d8bd2742a4,"Communication, Leadership & Management",Administración y Negocios,Certificado
69113a70700d82d8bd2742a4,Bachiller de Ciencias Económicas,Otros,Bachiller
69113a70700d82d8bd2742a4,Think on your feet,Otros,Certificado
69058f5101080eb1afd3c13b,Ingeniería de Sistemas e Informática,Ingeniería y Tecnología,Estudiante
6913a61740fe1774539e158f,Bachiller en Ingeniería de Sistemas y Computación,Ingeniería y Tecnología,Bachiller
67b78e62ae69bca4717070ac,Especialización en Gestion de Procesos y Calidad,Administración y Negocios,Diplomado
6914a3b77b923e94716faa8a,Ingeniería Civil,Ingeniería y Tecnología,Bachiller
6914a3b77b923e94716faa8a,Diplomado en Transporte 4.0,Otros,Diplomado
6914a3b77b923e94716faa8a,Análisis de marketing de Facebook,Administración y Negocios,Certificado
6914a3b77b923e94716faa8a,Fundamentos de la psicología positiva,Ciencias Sociales y Humanidades,Certificado
6914a3b77b923e94716faa8a,Gestión de marca,Administración y Negocios,Certificado
6914a3b77b923e94716faa8a,Analíticas de marketing digital,Administración y Negocios,Certificado
6914a3b77b923e94716faa8a,Diplomado en construcción 4.0,Otros,Diplomado
6914a3b77b923e94716faa8a,Google for education I,Otros,Certificado
6914a3b77b923e94716faa8a,Explorando respuestas al cambio climático,Otros,Certificado
6914a3b77b923e94716faa8a,Acción por el clima,Otros,Certificado
6914a3b77b923e94716faa8a,Emprendimiento I y II,Otros,Certificado
6914a3b77b923e94716faa8a,Marketing digital,Administración y Negocios,Certificado
6914a3b77b923e94716faa8a,Negociación y mediación de conflictos,Otros,Certificado
6914a3b77b923e94716faa8a,Método Harvard de negociación,Otros,Certificado
6914a3b77b923e94716faa8a,Design thinking,Arquitectura y Diseño,Certificado
6914a3b77b923e94716faa8a,Transformación digital,Otros,Certificado
6914a3b77b923e94716faa8a,Social media marketing,Administración y Negocios,Certificado
6914a3b77b923e94716faa8a,Introducción al modelado BIM con Revit,Otros,Certificado
6914a3b77b923e94716faa8a,Edificación sostenible. La certificación BREEAM,Otros,Certificado
6914a3b77b923e94716faa8a,Introducción a la metodología BIM,Otros,Certificado
6914a3b77b923e94716faa8a,Lean Construction,Otros,Certificado
6914a3b77b923e94716faa8a,Especialista en Microsoft Excel,Otros,Certificado
6914a3b77b923e94716faa8a,Técnico especialista en AutoCAD,Otros,Certificado
6914a3b77b923e94716faa8a,Introducción a la programación con MATLAB,Otros,Certificado
6914a3b77b923e94716faa8a,Power BI,Otros,Certificado
69164a1fcc3ea0dc6d6d7dfe,International Combustion Institute Winter School,Otros,Certificado
69164a1fcc3ea0dc6d6d7dfe,Advanced English Proficiency | Score: 94,Otros,Certificado
69164a1fcc3ea0dc6d6d7dfe,Technological Initiation Program,Otros,Certificado
69164a1fcc3ea0dc6d6d7dfe,International Exchange in Science and Engineering,Ingeniería y Tecnología,Otros
69164a1fcc3ea0dc6d6d7dfe,B.S. in Industrial Engineering,Ingeniería y Tecnología,Bachiller
69023fa28d47789fe1bc11ae,Excel Avanzado,Otros,Certificado
69023fa28d47789fe1bc11ae,Francés básico,Otros,Certificado
69023fa28d47789fe1bc11ae,Bachiller en Psicología,Ciencias Sociales y Humanidades,Bachiller
69023fa28d47789fe1bc11ae,Chino básico,Otros,Certificado
691754050ea7939dbf0c0b67,Bachiller en Psicología Clínica,Ciencias Sociales y Humanidades,Bachiller
69176f530ea7939dbf0c0bd6,Bachiller en Ingeniería Biomédica,Ingeniería y Tecnología,Bachiller
69176f530ea7939dbf0c0bd6,"Maestría en Ciencias, Mención Computación",Ingeniería y Tecnología,Maestría
69176f530ea7939dbf0c0bd6,Bachiller Técnico en Computación e Informática,Ingeniería y Tecnología,Bachiller
69176f530ea7939dbf0c0bd6,Movilidad Internacional,Otros,Otros
69176f530ea7939dbf0c0bd6,Aspire Leaders Program,Otros,Otros
6917c4d8998d66b34dac0590,Programa de Diseño Gráfico Publicitario,Arquitectura y Diseño,Certificado
6917c4d8998d66b34dac0590,Programa de Inglés Académico – Intermedio,Ciencias Sociales y Humanidades,Certificado
6917c4d8998d66b34dac0590,Psicología Organizacional y de la Gestión Humana,Administración y Negocios,Bachiller
6917c03b998d66b34dac054d,Estudiante de Psicología,Ciencias Sociales y Humanidades,Estudiante
6917c03b998d66b34dac054d,Curso,Otros,Certificado
6917c03b998d66b34dac054d,Curso,Otros,Certificado
6917c03b998d66b34dac054d,Curso,Otros,Certificado
6917c03b998d66b34dac054d,Curso,Otros,Certificado
6917c03b998d66b34dac054d,Curso,Otros,Certificado
6917c03b998d66b34dac054d,Entrenamiento Presencial,Otros,Certificado
6917c03b998d66b34dac054d,Entrenamiento,Otros,Certificado
69182197b4e575587936c544,Ingeniería Industrial,Ingeniería y Tecnología,Bachiller
6918902ec2a3a2d6c94445ec,Título en Ingeniería Química,Ingeniería y Tecnología,Bachiller
6918902ec2a3a2d6c94445ec,Bachiller en Ingeniería Química,Ingeniería y Tecnología,Bachiller
6918902ec2a3a2d6c94445ec,Especialización en Gerencia de Operaciones,Otros,Otros
6918902ec2a3a2d6c94445ec,Diplomado en Lean Six Sigma Green Belt,Otros,Diplomado
6918902ec2a3a2d6c94445ec,Master of Business Administration,Otros,Maestría
6918902ec2a3a2d6c94445ec,"Diplomado en Gestión, mejora y rediseño de Procesos",Administración y Negocios,Diplomado
6918902ec2a3a2d6c94445ec,Especialización en Lean Six Sigma Black Belt,Otros,Otros
6918902ec2a3a2d6c94445ec,Curso de Design Thinking,Arquitectura y Diseño,Otros
6918902ec2a3a2d6c94445ec,Scrum SFC,Otros,Certificado
6918902ec2a3a2d6c94445ec,CIP 275115,Otros,Certificado
6918902ec2a3a2d6c94445ec,Six Sigma Green Belt,Otros,Certificado
6918902ec2a3a2d6c94445ec,Certified Quality Process Analyst CQPA,Otros,Certificado
6918902ec2a3a2d6c94445ec,Curso de Auditoría interna Trinorma,Otros,Otros
6918902ec2a3a2d6c94445ec,Diplomado en Sistemas integrados de gestión,Ingeniería y Tecnología,Diplomado
6918f154cc8c55929b9ad28b,Administración de Empresas,Administración y Negocios,Estudiante
6918fcc2cc8c55929b9ad3b2,Estudios secundarios,Otros,Otros
6918fcc2cc8c55929b9ad3b2,Excel empresarial,Otros,Certificado
6918fcc2cc8c55929b9ad3b2,Curso “Finanzas sin estrés”,Economía y Finanzas,Certificado
6918fcc2cc8c55929b9ad3b2,Administración de empresas,Administración y Negocios,Estudiante
6918fcc2cc8c55929b9ad3b2,Inglés,Ciencias Sociales y Humanidades,Certificado
6918f1a0cc8c55929b9ad2ac,Power Point Básico,Otros,Certificado
6918f1a0cc8c55929b9ad2ac,Diseños UX UI,Arquitectura y Diseño,Certificado
6918f1a0cc8c55929b9ad2ac,Excel Básico,Otros,Certificado
6918f1a0cc8c55929b9ad2ac,Diseño Gráfico y Gestión de Marcas,Administración y Negocios,Estudiante
68bcc58cb2f4c0b8f9ffc8c3,Ingeniería Mecánica,Ingeniería y Tecnología,Estudiante
6919c23001bada3aa56e1947,Ingeniería Ambiental,Ingeniería y Tecnología,Bachiller
6919c23001bada3aa56e1947,Curso,Otros,Certificado
6919c23001bada3aa56e1947,Curso,Otros,Certificado
6919c23001bada3aa56e1947,Especialización,Otros,Certificado
6919c23001bada3aa56e1947,Curso,Otros,Certificado
6919c23001bada3aa56e1947,Curso,Otros,Certificado
6919c23001bada3aa56e1947,Curso,Otros,Certificado
6919c23001bada3aa56e1947,Curso,Otros,Certificado
69194ac5b6919ee0fd1ed1a8,Ofimática,Otros,Estudiante
69194ac5b6919ee0fd1ed1a8,Facultad de Ciencias Contables y Financieras,Otros,Bachiller
691a43b925b38b438e5c095c,Inglés Avanzado,Ciencias Sociales y Humanidades,Certificado
691a43b925b38b438e5c095c,Certificate of completion,Otros,Certificado
691a43b925b38b438e5c095c,METODOLOGÍA DE ENSEÑANZA DE INGLÉS,Ciencias Sociales y Humanidades,Certificado
691a43b925b38b438e5c095c,CARRERA DE ADMINISTRACIÓN,Administración y Negocios,Estudiante
691a43b925b38b438e5c095c,Certificate of completion,Otros,Certificado
69192324b6919ee0fd1ed0e6,Power BI Aplicativo,Otros,Certificado
69192324b6919ee0fd1ed0e6,Ingeniería en Telecomunicaciones,Ingeniería y Tecnología,Estudiante
69192324b6919ee0fd1ed0e6,Excel Intermedio,Otros,Certificado
69194ac5b6919ee0fd1ed1a8,Curso Virtual en NICSP,Otros,Estudiante
69194ac5b6919ee0fd1ed1a8,"Evento realizado en el marco del Mes de la Ciencia, Arte y Cultura",Otros,
69194ac5b6919ee0fd1ed1a8,Curso en Auditoría y Control Gubernamental,Otros,Estudiante
69194ac5b6919ee0fd1ed1a8,Impacto de la Inteligencia Artificial en la Contabilidad,Economía y Finanzas,Estudiante
69194ac5b6919ee0fd1ed1a8,Curso de Especialización en Control Gubernamental,Otros,Estudiante
69194ac5b6919ee0fd1ed1a8,Curso de Especialización en Gestión Pública,Administración y Negocios,Estudiante
69194ac5b6919ee0fd1ed1a8,Especialización en Gestión Pública,Administración y Negocios,Certificado
69194ac5b6919ee0fd1ed1a8,Especialización en Control Gubernamenta,Otros,Otros
69194ac5b6919ee0fd1ed1a8,Python Fundamentals,Otros,
691b0219256424f3f902c1aa,Ingeniería en Organización Industrial,Ingeniería y Tecnología,Otros
691b0219256424f3f902c1aa,Máster PRL,Otros,Maestría
691b0219256424f3f902c1aa,Ingeniería Civil,Ingeniería y Tecnología,Otros
69194ac5b6919ee0fd1ed1a8,Intermediate English Program,Otros,Estudiante
69194ac5b6919ee0fd1ed1a8,Análisis de Datos con Power BI,Otros,Estudiante
683335502c68bf76bc40a2f5,Formación por la Facultad de Ciencias Económicas y Empresariales UDEP,Otros,Otros
683335502c68bf76bc40a2f5,Solución para logística inteligente en mercados tradicionales,Otros,Otros
683335502c68bf76bc40a2f5,Bachiller en Administración de Empresas,Administración y Negocios,Bachiller
683335502c68bf76bc40a2f5,Comunicación digital y promoción de sostenibilidad,Ciencias Sociales y Humanidades,Otros
691921afb6919ee0fd1ed0b9,Economía,Economía y Finanzas,Estudiante
691c0cc58abf199b63b835fe,Certificate,Otros,
691c0cc58abf199b63b835fe,Psicología,Ciencias Sociales y Humanidades,Estudiante
691c0cc58abf199b63b835fe,Certificate,Otros,
691c0cc58abf199b63b835fe,Certificate,Otros,
691c0cc58abf199b63b835fe,Certificate,Otros,
691c0cc58abf199b63b835fe,Certificate,Otros,
691c0cc58abf199b63b835fe,Certificate,Otros,
691c0cc58abf199b63b835fe,Certificate,Otros,
691c0cc58abf199b63b835fe,Certificate,Otros,
691c0cc58abf199b63b835fe,Certificate,Otros,
691c0cc58abf199b63b835fe,Psicología,Ciencias Sociales y Humanidades,Estudiante
691c0cc58abf199b63b835fe,Certificate,Otros,
691e270276226718a10f428d,Curso de Extensión en Instrumentación Industrial,Ingeniería y Tecnología,Certificado
691e270276226718a10f428d,Programación de Robots con ROS,Otros,Certificado
691e270276226718a10f428d,Seguridad y Salud en el Trabajo,Salud,Certificado
691e270276226718a10f428d,Bachiller en Ingeniería Mecatrónica,Ingeniería y Tecnología,Bachiller
691e270276226718a10f428d,Certificado en Diseño y Fabricación de PCB’s,Arquitectura y Diseño,Certificado
691e270276226718a10f428d,Power BI Intermedio,Otros,Certificado
691e270276226718a10f428d,Certificado en Machine Learning con Python,Otros,Certificado
691e270276226718a10f428d,Autocad Empresarial Avanzado,Otros,Certificado
691e270276226718a10f428d,Ensamblaje y Mantenimiento de Computadoras,Otros,Certificado
691e270276226718a10f428d,Gestión del Riesgo de Desastres,Administración y Negocios,Certificado
691e270276226718a10f428d,Curso Planner de Mantenimiento,Otros,Certificado
691e270276226718a10f428d,Actualización en Microsoft Power BI,Otros,Certificado
691e270276226718a10f428d,Curso de Microsoft Excel 365,Otros,Certificado
691e270276226718a10f428d,Curso de Microsoft PowerPoint 365,Otros,Certificado
691e270276226718a10f428d,Soporte Técnico Remoto de Computadoras,Otros,Certificado
691e270276226718a10f428d,Curso de Microsoft Word 365,Otros,Certificado
691e270276226718a10f428d,Análisis de Datos con SPSS,Otros,Certificado
691e270276226718a10f428d,Curso de Actualización en Python 3.12,Otros,Certificado
691e270276226718a10f428d,Seguridad y Salud en Minería,Salud,Certificado
691e270276226718a10f428d,Taller de Liderazgo y Comunicación Efectiva,Ciencias Sociales y Humanidades,Certificado
691e270276226718a10f428d,"Diplomado en Gestión Estratégica de Activos Físicos y Mantenimiento (RCM, TPM, ISO 55001)",Administración y Negocios,Diplomado
691fb7f3be5670c5f5cd8613,Pregrado en Carrera de Ingeniería Química (Incompleto),Ingeniería y Tecnología,Estudiante
691fb7f3be5670c5f5cd8613,Pregrado en Ingeniería Ambiental,Ingeniería y Tecnología,Diplomado
691fdcf0be5670c5f5cd8749,Especialización en BI,Otros,Certificado
691fdcf0be5670c5f5cd8749,Gestión de Proyectos (PMI),Administración y Negocios,Certificado
691fdcf0be5670c5f5cd8749,Scrum Foundation,Otros,Certificado
691fdcf0be5670c5f5cd8749,Fundamentos de Gestión de Productos,Administración y Negocios,Certificado
691fdcf0be5670c5f5cd8749,ITIL,Otros,Certificado
691fdcf0be5670c5f5cd8749,Ingeniería de Sistemas,Ingeniería y Tecnología,Bachiller
691fdcf0be5670c5f5cd8749,,,Certificado
691a1d5e25b38b438e5c0949,Ingeniería Electrónica,Ingeniería y Tecnología,Estudiante
691a1d5e25b38b438e5c0949,Educación Secundaria,Ciencias Sociales y Humanidades,Otros
68ec4a21057cb016620ba25b,Ingeniería de Software,Ingeniería y Tecnología,Estudiante
68ec4a21057cb016620ba25b,Técnico en Operador de Computadoras,Otros,Certificado
692282e4ab13260baff96bc5,Ingeniería Industrial,Ingeniería y Tecnología,Bachiller
692282e4ab13260baff96bc5,Estudios de Microsoft Excel,Otros,Otros
692282e4ab13260baff96bc5,Estudios de Microsoft SQL Server,Otros,Otros
692282e4ab13260baff96bc5,Estudios de idioma inglés,Ciencias Sociales y Humanidades,Otros
6900bc6099d875de385659e5,Certificado de Python for Data Analyst,Otros,Certificado
691fb7f3be5670c5f5cd8613,Bachillerato 'Química-Biológicas',Ciencias,Bachiller
6924d52a23da6497c2db9e7e,Ingeniería Industrial,Ingeniería y Tecnología,Estudiante
6924d52a23da6497c2db9e7e,Educación Secundaria,Ciencias Sociales y Humanidades,Otros
6924d52a23da6497c2db9e7e,Congreso Nacional de Estudiantes de Ingenieria Industrial,Ingeniería y Tecnología,Certificado
6924d52a23da6497c2db9e7e,Power BI - Intermedio,Otros,Certificado
6924d52a23da6497c2db9e7e,Asistente de almacen y distribución,Otros,Certificado
6924d52a23da6497c2db9e7e,Lean Manufacturing,Otros,Certificado
67b4c45937180fd4b8e52c7f,Ciencia da computação,Otros,Bachiller
67b4c45937180fd4b8e52c7f,MS. EXCEL (NIVEL BÁSICO),Otros,Certificado
67b4c45937180fd4b8e52c7f,Ingeniería Informática,Ingeniería y Tecnología,Bachiller
67b4c45937180fd4b8e52c7f,Introduction to Cybersecurity,Otros,Certificado
6925bbbfd6eb1d7fdaea4696,Ingeniería Mecatrónica,Ingeniería y Tecnología,Bachiller
6925bbbfd6eb1d7fdaea4696,Ingeniería Industrial y Comercial,Ingeniería y Tecnología,Bachiller
692679a7b5f48d5f1fbfb6a4,Inglés avanzado,Ciencias Sociales y Humanidades,Certificado
692679a7b5f48d5f1fbfb6a4,Administración y Gestión de Empresas,Administración y Negocios,Bachiller
6918f18ccc8c55929b9ad29d,Tecnica en Farmacia,Salud,Estudiante
692b87e0e46eceec1177bd03,Administración de Empresas,Administración y Negocios,Bachiller
69306d5753aa614862331a7f,Business Intelligence Bootcamp,Otros,Certificado
69306d5753aa614862331a7f,Finanzas de Banca y Seguros,Economía y Finanzas,Certificado
69306d5753aa614862331a7f,Curso de Economática – Nivel avanzado,Otros,Certificado
69306d5753aa614862331a7f,Curso de inglés,Ciencias Sociales y Humanidades,Certificado
69306d5753aa614862331a7f,Estudiante de noveno ciclo de Administración de Empresas,Administración y Negocios,Estudiante
69308cf553aa614862331bc3,Bachiller en Administración de Empresas,Administración y Negocios,Bachiller
69308cf553aa614862331bc3,Egresada en Administración de Empresas,Administración y Negocios,Otros
69308cf553aa614862331bc3,Constancia de Taller de Cocina,Otros,Otros
69308cf553aa614862331bc3,Certificado de Ofimática,Otros,Certificado
69308cf553aa614862331bc3,Certificado en Matemática Básica y Cálculo Diferencial,Ciencias,Certificado
69308cf553aa614862331bc3,Certificado de Informática - CINFO,Ingeniería y Tecnología,Certificado
69308e2953aa614862331c32,Diseño Gráfico,Arquitectura y Diseño,Certificado
69308e2953aa614862331c32,"Administración, especialización en Marketing y Gestión del Talento Humano",Administración y Negocios,Bachiller
69308e2953aa614862331c32,Inglés,Ciencias Sociales y Humanidades,Certificado
6930965e53aa614862331de4,Word Proficient,Otros,Certificado
6930965e53aa614862331de4,PowerPoint,Otros,Certificado
6930965e53aa614862331de4,Adobe Illustrator,Otros,Certificado
6930965e53aa614862331de4,Corel Draw & Photopaint,Otros,Certificado
6930965e53aa614862331de4,Inglés Elementary I,Ciencias Sociales y Humanidades,Certificado
6930965e53aa614862331de4,Adobe Photoshop,Otros,Certificado
6930965e53aa614862331de4,Excel Proficient,Otros,Certificado
6930965e53aa614862331de4,Scratch,Otros,Certificado
6930965e53aa614862331de4,Inglés Elementary II,Ciencias Sociales y Humanidades,Certificado
6930965e53aa614862331de4,Adobe InDesign,Arquitectura y Diseño,Certificado
6930965e53aa614862331de4,Comunicación y diseño gráfico,Ciencias Sociales y Humanidades,Estudiante
693096e853aa614862331dee,Educación primaria,Ciencias Sociales y Humanidades,Diplomado
693096e853aa614862331dee,Comunicaciones,Ciencias Sociales y Humanidades,Bachiller
693096e853aa614862331dee,Educación Secundaria,Ciencias Sociales y Humanidades,Diplomado
6930ef0453aa614862332208,Inglés,Ciencias Sociales y Humanidades,Certificado
6930ef0453aa614862332208,Biotecnologia,Ingeniería y Tecnología,Bachiller
6930ef0453aa614862332208,Ofimática Empresarial,Otros,Certificado
6930fe4e53aa614862332303,Design Thinking,Arquitectura y Diseño,Certificado
6930fe4e53aa614862332303,Administración,Administración y Negocios,Estudiante
6930fe4e53aa614862332303,Herramientas Informáticas,Ingeniería y Tecnología,Certificado
6930fe4e53aa614862332303,"Gerencia, Planeamiento y Pronóstico de la Demanda",Otros,Certificado
6931b2bdbe3e8d01ca25d703,Responsabilidad Ambiental Empresarial,Ingeniería y Tecnología,Otros
6931b3f4be3e8d01ca25d75e,"Creation & Branding, Retail & Customer Experience",Otros,Certificado
6931b3f4be3e8d01ca25d75e,10mo ciclo de Marketing y Administración,Administración y Negocios,Estudiante
6931b3f4be3e8d01ca25d75e,Google Ads Display,Otros,Certificado
6931b3f4be3e8d01ca25d75e,Marketing Digital,Administración y Negocios,Certificado
6931b418be3e8d01ca25d765,Comunicación y Publicidad,Ciencias Sociales y Humanidades,Estudiante
6931dbe1be3e8d01ca25da46,Administración y marketing,Administración y Negocios,Otros
6931dbe1be3e8d01ca25da46,Curso especializado en e-commerce,Otros,Certificado
6931dbe1be3e8d01ca25da46,Intercambio estudiantil,Otros,Otros
6931f2bbbe3e8d01ca25dae6,,,Otros
69323160be3e8d01ca25dc28,Administración y Marketing,Administración y Negocios,Estudiante
69312bb4365e00f1c13a7ec1,FISICA,Ciencias,Estudiante
6934bd575f46e17fc2979dc1,Ingenieria En Telecomunicaciones,Ingeniería y Tecnología,Estudiante
6934bd575f46e17fc2979dc1,Gerencia de Operaciones y Logistica,Otros,Certificado
6935c1f89533802c4ded4ad5,Other,Otros,Otros
6935c1f89533802c4ded4ad5,Other,Otros,Otros
69367921a46e8a4dc969797c,Inbound Marketing,Administración y Negocios,Certificado
69367921a46e8a4dc969797c,Marketing digital,Administración y Negocios,Certificado
69367921a46e8a4dc969797c,Taller de Habilidades Blandas,Otros,Certificado
69367921a46e8a4dc969797c,Licenciatura en Administración y Marketing,Administración y Negocios,Bachiller
6936dac65173f7b913ca66e8,Certificación en Machine Learning e IA,Otros,Certificado
6936dac65173f7b913ca66e8,Certificación en Sustainable Supply Chain Management,Administración y Negocios,Certificado
6936dac65173f7b913ca66e8,Estudiante de ingeniería civil,Ingeniería y Tecnología,Estudiante
693724cb415ea2a4aa859c2a,Microsoft en Excel Avanzado 2019,Otros,Certificado
693724cb415ea2a4aa859c2a,Sesión de investigación de mercados,Otros,Otros
693724cb415ea2a4aa859c2a,Proyecto de investigación “Imagen percibida de los países sudamericanos por parte de los turistas extranjeros”,Otros,Otros
693724cb415ea2a4aa859c2a,Curso de Marketing Digital,Administración y Negocios,Certificado
693724cb415ea2a4aa859c2a,Administración y Marketing,Administración y Negocios,Estudiante
693766118eb4294c699ce7fd,Administración de empresas,Administración y Negocios,Bachiller
69377e098eb4294c699ce8d7,Ingeniería de Sistemas e Informática,Ingeniería y Tecnología,Bachiller
69377e098eb4294c699ce8d7,Ofimática Empresarial Nivel Avanzado,Otros,Certificado
69377e098eb4294c699ce8d7,Power BI Nivel Básico,Otros,Certificado
69377e098eb4294c699ce8d7,Educación Secundaria,Ciencias Sociales y Humanidades,Otros
69377e098eb4294c699ce8d7,Inglés Básico Regular,Ciencias Sociales y Humanidades,Certificado
69377e098eb4294c699ce8d7,Ofimática Empresarial Nivel Básico,Otros,Certificado
69377e098eb4294c699ce8d7,Ofimática Empresarial Nivel Intermedio,Otros,Certificado
693781688eb4294c699ce99c,Power BI Nivel Básico,Otros,Certificado
693781688eb4294c699ce99c,Ofimática Empresarial Nivel Avanzado,Otros,Certificado
693781688eb4294c699ce99c,Ingeniería de Sistemas e Informática,Ingeniería y Tecnología,Bachiller
693781688eb4294c699ce99c,Educación Secundaria,Ciencias Sociales y Humanidades,Otros
693781688eb4294c699ce99c,Inglés Básico Regular,Ciencias Sociales y Humanidades,Certificado
693781688eb4294c699ce99c,Ofimática Empresarial Nivel Básico,Otros,Certificado
693781688eb4294c699ce99c,Ofimática Empresarial Nivel Intermedio,Otros,Certificado
69386290a87b784f63e30a3e,Educación Secundaria,Ciencias Sociales y Humanidades,Otros
69386290a87b784f63e30a3e,Finanzas,Economía y Finanzas,Estudiante
69386290a87b784f63e30a3e,Secretariado informático ejecutivo,Otros,Estudiante
6938a2d75d13ccc024946ac6,Bachillerato,Otros,Bachiller
6938a2d75d13ccc024946ac6,Bachillerato,Otros,Bachiller
693995ba2e0173794c843f6c,Diplomado de Marketing Digital & Estrategias de Contenido Online,Administración y Negocios,Otros
693995ba2e0173794c843f6c,Inglés,Ciencias Sociales y Humanidades,Otros
693995ba2e0173794c843f6c,Carrera de Marketing,Administración y Negocios,Bachiller
693a2a792e0173794c844263,Diplomado de Especialización en Marketing,Administración y Negocios,Otros
693a2a792e0173794c844263,Trafficker Digital,Otros,Certificado
693a2a792e0173794c844263,Programa Especializado en Growth Marketing,Administración y Negocios,Certificado
693a2a792e0173794c844263,Ingeniería Industrial,Ingeniería y Tecnología,Bachiller
693a2a792e0173794c844263,Trade Marketing Manager,Administración y Negocios,Certificado
693a2a792e0173794c844263,Introducción al Growth Marketing,Administración y Negocios,Certificado
693a5df5d9f5777815840003,Administración y Marketing – Mención en Marketing Estratégico,Administración y Negocios,Estudiante
693a5df5d9f5777815840003,Diplomado en Diseño Gráfico Digital,Arquitectura y Diseño,Diplomado
693abf4b9f77b75ce725a576,Ingeniería Empresarial,Ingeniería y Tecnología,Bachiller
693abf4b9f77b75ce725a576,Educación Secundaria,Ciencias Sociales y Humanidades,Otros
693b55b96594fdd9ab4f1ca5,Bachiller en Educación Inicial,Ciencias Sociales y Humanidades,Bachiller
693b6e2d6594fdd9ab4f1db4,"Machine Learning, redes neuronales y sistemas fuzzy",Ingeniería y Tecnología,Certificado
693b6e2d6594fdd9ab4f1db4,Ingeniería Informática,Ingeniería y Tecnología,Estudiante
693b6e2d6594fdd9ab4f1db4,CCNAv7: Introduction to Networks,Otros,Certificado
693b6e2d6594fdd9ab4f1db4,CyberOps Associate,Otros,Certificado
693b6e2d6594fdd9ab4f1db4,IDCL Certificate: Computer essentials,Otros,Certificado
693c5f989b5b16da9a6a5b74,Ing. Mecatrónica,Ingeniería y Tecnología,Estudiante
693c747b9b5b16da9a6a5bee,Programa Profesional de Inversiones (PPI),Otros,
693c747b9b5b16da9a6a5bee,Finance Analyst,Economía y Finanzas,Certificado
693c747b9b5b16da9a6a5bee,BMC,Otros,Certificado
693c747b9b5b16da9a6a5bee,McKinsey Forward Program,Otros,Certificado
693c747b9b5b16da9a6a5bee,Estudiante de Economía,Economía y Finanzas,Estudiante
693c747b9b5b16da9a6a5bee,Modelización Financiera y Valorización de Empresas (MFVE),Otros,Certificado
6936dac65173f7b913ca66e8,Modelado BIM con Revit Estructuras,Otros,Certificado
6936dac65173f7b913ca66e8,Análisis y Diseño Estructural con Robot Structural Analisys,Arquitectura y Diseño,Certificado
6936dac65173f7b913ca66e8,BIM Edificaciones,Otros,Certificado
6936dac65173f7b913ca66e8,Excel Profesional,Otros,Certificado
694073dfc3a38b5aa2b79d6f,Administración de Empresas,Administración y Negocios,Bachiller
694073dfc3a38b5aa2b79d6f,Especialidad en Matemática e Informática,Ingeniería y Tecnología,Otros
694073dfc3a38b5aa2b79d6f,Ingeniería Industrial,Ingeniería y Tecnología,Estudiante
694073dfc3a38b5aa2b79d6f,Ingeniería Industrial,Ingeniería y Tecnología,Estudiante
694073dfc3a38b5aa2b79d6f,Especialidad en Matemática e Informática,Ingeniería y Tecnología,Otros
694073dfc3a38b5aa2b79d6f,Administración de Empresas,Administración y Negocios,Bachiller
69407bcdc3a38b5aa2b79dd8,Curso-taller: IA aplicada a la educación,Ciencias Sociales y Humanidades,Certificado
69407bcdc3a38b5aa2b79dd8,Curso: Uso estratégico de las TICS para el aprendizaje,Otros,Certificado
69407bcdc3a38b5aa2b79dd8,Administración,Administración y Negocios,Estudiante
6936fef5415ea2a4aa859b51,Ingeniería Civil,Ingeniería y Tecnología,Estudiante
6936fef5415ea2a4aa859b51,Sustainable Supply Chain Manage ment,Otros,Certificado
694351c39ca5116b82cd4dac,Programa Listos para el Éxito,Otros,Certificado
694351c39ca5116b82cd4dac,Impulsando Talento con valores,Otros,Certificado
694351c39ca5116b82cd4dac,Administración y Marketing,Administración y Negocios,Estudiante
6944bc9f46e6dbf30c4a2ddb,Ingeniería Civil,Ingeniería y Tecnología,Estudiante
6944bc9f46e6dbf30c4a2ddb,Modelamiento BIM en Revit,Otros,Certificado
69455941c8f58b252bb6baa7,Comunicación,Ciencias Sociales y Humanidades,Bachiller
69455941c8f58b252bb6baa7,Especialización en Gestión de Datos (Excel Avanzado y Power BI),Administración y Negocios,Certificado
6944b67d46e6dbf30c4a2dc7,Diseño y Desarrollo de Software,Ingeniería y Tecnología,Estudiante
69455ddfc8f58b252bb6bbbf,DISEÑO Y DESARROLLO DE SOFTWARE,Ingeniería y Tecnología,Estudiante
6945cddac8f58b252bb6c6ea,Fundamentos Básicos de Metrados en la Construcción,Otros,Certificado
6945cddac8f58b252bb6c6ea,Inducción SSOMA,Otros,Certificado
6945cddac8f58b252bb6c6ea,Gestión de Seguridad y Prevención de Riesgos,Administración y Negocios,Certificado
6945cddac8f58b252bb6c6ea,Gestión de Calidad de Proyectos de Construcción y Minería,Administración y Negocios,Certificado
6945cddac8f58b252bb6c6ea,Certificación en Autocad 3D,Otros,Certificado
6945cddac8f58b252bb6c6ea,Ingeniería Civil,Ingeniería y Tecnología,Estudiante
6945cddac8f58b252bb6c6ea,Microsoft Office,Otros,Certificado
6945cfecc8f58b252bb6c751,Finanzas personales,Economía y Finanzas,Certificado
6945cfecc8f58b252bb6c751,Excel intermedio,Otros,Certificado
6945cfecc8f58b252bb6c751,Administración de empresas,Administración y Negocios,Estudiante
6945cfecc8f58b252bb6c751,Gestión de proyectos,Administración y Negocios,Certificado
6945cfecc8f58b252bb6c751,Storytelling,Otros,Certificado
6945cfecc8f58b252bb6c751,Gestor en temas empresariales,Otros,Certificado
6945cfecc8f58b252bb6c751,Asistente contable,Otros,Certificado
6945cfecc8f58b252bb6c751,Administración 360°,Administración y Negocios,Certificado
6945fe73c8f58b252bb6c871,Ingeniería Industrial,Ingeniería y Tecnología,Bachiller
69470aae1bbcac95cc041ea4,Inglés Intermedio,Ciencias Sociales y Humanidades,Certificado
69470aae1bbcac95cc041ea4,Comunicación y Publicidad,Ciencias Sociales y Humanidades,Estudiante
6948b6d88761e6f5eeec3b38,Ciencias de la Comunicación,Ciencias Sociales y Humanidades,
6949fafdac5e8d48dc22de49,Scrum Master Certification,Otros,Certificado
6949fafdac5e8d48dc22de49,Ingeniería Mecatrónica,Ingeniería y Tecnología,Bachiller
6949fafdac5e8d48dc22de49,Gestión de Mantenimiento en Plantas de Producción,Administración y Negocios,Certificado
6949fafdac5e8d48dc22de49,Good with Words: Writing and Editing,Otros,Certificado
6949fafdac5e8d48dc22de49,Inglés Intermedio,Ciencias Sociales y Humanidades,Otros
6949fafdac5e8d48dc22de49,Graphic Design,Arquitectura y Diseño,Certificado
6949fafdac5e8d48dc22de49,Python for Everybody,Otros,Certificado
6949fafdac5e8d48dc22de49,Branding: The Creative Journey,Otros,Certificado
6949fafdac5e8d48dc22de49,Good with Words: Writing and Editing,Otros,Certificado
6949fafdac5e8d48dc22de49,Branding: The Creative Journey,Otros,Certificado
6949fafdac5e8d48dc22de49,Graphic Design,Arquitectura y Diseño,Certificado
6949fafdac5e8d48dc22de49,Ingeniería Mecatrónica,Ingeniería y Tecnología,Bachiller
6949fafdac5e8d48dc22de49,Scrum Master Certification,Otros,Certificado
6949fafdac5e8d48dc22de49,Python for Everybody,Otros,Certificado
6949fafdac5e8d48dc22de49,Inglés Intermedio,Ciencias Sociales y Humanidades,Certificado
6949fafdac5e8d48dc22de49,Gestión de Mantenimiento en Plantas de Producción,Administración y Negocios,Certificado
694ab52bbc9d706db2d175b9,Estudiante de Marketing y Administración,Administración y Negocios,Estudiante
694ab52bbc9d706db2d175b9,Participante del programa de fortalecimiento de habilidades blandas y competencias de empleabilidad,Otros,Certificado
694ab6e3bc9d706db2d17602,Taller de Inteligencia Comercial,Administración y Negocios,Certificado
694ab6e3bc9d706db2d17602,Taller de Manejo de Redes Sociales,Ingeniería y Tecnología,Certificado
694ab6e3bc9d706db2d17602,Adm. de Negocios Globales,Administración y Negocios,Bachiller
694ab6e3bc9d706db2d17602,Taller de Gestión de Importaciones,Administración y Negocios,Certificado
694ab6e3bc9d706db2d17602,Ingeniería de Sistemas,Ingeniería y Tecnología,Bachiller
694ae0c0bc9d706db2d17785,Cursos de Especialización,Otros,Certificado
694ae0c0bc9d706db2d17785,Big Data y Ciencia de Datos,Ingeniería y Tecnología,Estudiante
694ae0c0bc9d706db2d17785,Inglés,Ciencias Sociales y Humanidades,Certificado
68a33d71cbc08dafe3c275ee,Base de datos y Big data,Otros,Estudiante
68a33d71cbc08dafe3c275ee,Data Science,Ingeniería y Tecnología,Estudiante
68a33d71cbc08dafe3c275ee,Ingeniería de Requerimientos,Ingeniería y Tecnología,Estudiante
68a33d71cbc08dafe3c275ee,Building Talent,Otros,Certificado
68a33d71cbc08dafe3c275ee,Lenguajes de programación 1,Otros,Estudiante
68a33d71cbc08dafe3c275ee,Sistemas Operativos,Ingeniería y Tecnología,Estudiante
694ef220398d3d8864b30a81,Diseño Industrial,Ingeniería y Tecnología,Estudiante
694ef220398d3d8864b30a81,Inglés,Ciencias Sociales y Humanidades,Certificado
694ef220398d3d8864b30a81,Primeros Auxilios/Formación para paramédicos,Otros,Certificado
694cf100014ff65aa9b2d82f,Diseño Industrial,Ingeniería y Tecnología,Estudiante
687064070fa52b300df26e88,"Creation & Branding, Retail & Client Experience",Otros,Certificado
69521b87b62de677d6cfe64b,Psicología,Ciencias Sociales y Humanidades,Bachiller
69521b87b62de677d6cfe64b,Excel Avanzado,Otros,Certificado
69521b87b62de677d6cfe64b,Communication and Interpersonal Skills at Work,Otros,Certificado
69521b87b62de677d6cfe64b,Inteligencia Emocional para líderes,Otros,Certificado
69523254b62de677d6cfe742,Ingeniería Industrial,Ingeniería y Tecnología,Bachiller
69445f3bcc325298b98a9c77,Desarrollo de aplicaciones web,Otros,Otros
6944b67d46e6dbf30c4a2dc7,Certificado en Bootcamp “Tu Futuro Laboral con IA”,Otros,Certificado
6944b67d46e6dbf30c4a2dc7,Introducción a la Ciberseguridad,Otros,Certificado
6944b67d46e6dbf30c4a2dc7,Nivel básico de inglés,Ciencias Sociales y Humanidades,Certificado
6944b67d46e6dbf30c4a2dc7,Diseño y Desarrollo de Software,Ingeniería y Tecnología,Estudiante
6952ac4b7e578c78a708c358,NIVEL INTERMEDIO,Otros,Certificado
6952ac4b7e578c78a708c358,NIVEL BÁSICO,Otros,Certificado
6952ac4b7e578c78a708c358,EXCEL BÁSICO,Otros,Certificado
6952ac4b7e578c78a708c358,Ingeniería de Sistemas e Informática,Ingeniería y Tecnología,Bachiller
69523722b62de677d6cfe76c,Big Data y Ciencia de Datos,Ingeniería y Tecnología,Estudiante
695318f97e578c78a708c599,INGENIERÍA MECATRÓNICA,Ingeniería y Tecnología,Estudiante
695412b77284f013e8a39a0f,Ingeniera mecánica,Otros,Estudiante
695447a987ef27d0dcdfc6a6,Bachiller en Administración,Administración y Negocios,Bachiller
6954461f87ef27d0dcdfc5f1,Ingeniería de Sistemas Computacionales,Ingeniería y Tecnología,Estudiante
695412b77284f013e8a39a0f,Segundo puesto en la Escuela Profesional de Ingeniería Mecánica de la promoción 2024,Ingeniería y Tecnología,Diplomado
695412b77284f013e8a39a0f,SolidWorks Básico,Otros,Certificado
695412b77284f013e8a39a0f,AutoCAD Empresarial Básico,Otros,Certificado
69557973f83e2548204fd0b5,Programa de Inglés General - Nivel Avanzado,Ciencias Sociales y Humanidades,Certificado
69557973f83e2548204fd0b5,Bachiller en Ingeniería de Sistemas,Ingeniería y Tecnología,Bachiller
69555ec946c37038751db3f6,Técnico Software y sistemas,Ingeniería y Tecnología,Otros
69555ec946c37038751db3f6,Educación Secundaria,Ciencias Sociales y Humanidades,Otros
6955f4e4f83e2548204fd2d1,Riesgo de Crédito y Operacional,Otros,Certificado
6955f4e4f83e2548204fd2d1,Administración y Finanzas,Administración y Negocios,Bachiller
6955f4e4f83e2548204fd2d1,"Herramientas de Gestión Empresarial (Project, Access)",Administración y Negocios,Certificado
6955f4e4f83e2548204fd2d1,Financial Markets,Otros,Certificado
6955f4e4f83e2548204fd2d1,Curso de Gestión de Riesgo conforme a la ISO 31000,Administración y Negocios,Certificado
6955f4e4f83e2548204fd2d1,Finanzas Corporativas,Economía y Finanzas,Certificado
6955f4e4f83e2548204fd2d1,Análisis Financiero Corporativo,Otros,Certificado
6955f4e4f83e2548204fd2d1,Inteligencia de Negocios,Administración y Negocios,Certificado
6957051d1fed33437856b942,Trade Marketing Manager,Administración y Negocios,Certificado
6957051d1fed33437856b942,Customer Analytics,Otros,Certificado
6957051d1fed33437856b942,Scrum Foundation Certificate (SFPC™),Otros,Certificado
6957051d1fed33437856b942,Gestión de Proyectos & Excel con Macros,Administración y Negocios,Certificado
6957051d1fed33437856b942,Ingeniería Industrial,Ingeniería y Tecnología,Estudiante
6957051d1fed33437856b942,Intercambio Académico,Otros,Otros
694ef220398d3d8864b30a81,Primeros Auxilios/Formación para paramédicos,Otros,Certificado
694ef220398d3d8864b30a81,Inglés,Ciencias Sociales y Humanidades,Certificado
694ef220398d3d8864b30a81,Diseño Industrial,Ingeniería y Tecnología,Estudiante
69574b445b9db25bd93a33db,Derecho,Ciencias Sociales y Humanidades,Estudiante
69023ec08d47789fe1bc10c4,Educación Secundaria,Ciencias Sociales y Humanidades,Estudiante
69023ec08d47789fe1bc10c4,Desarrollo Web Front End,Otros,Certificado
69023ec08d47789fe1bc10c4,Dominio Excel,Otros,Certificado
69023ec08d47789fe1bc10c4,"Master Java, Spring and Spring Boot, Spring Security, Spring AI, Docker and Microservices",Otros,Certificado
69457029c8f58b252bb6beb0,Licenciatura en psicología,Ciencias Sociales y Humanidades,Maestría
69457029c8f58b252bb6beb0,Maestría en Psicoterapia Cognitivo Conductual,Otros,Maestría
69589c449c1d6916d3782c98,Educación Secundaria,Ciencias Sociales y Humanidades,Otros
69589c449c1d6916d3782c98,ING. Electrónica,Ingeniería y Tecnología,Estudiante
69589c449c1d6916d3782c98,Primaria,Otros,Otros
695952083de7d998d220c2e6,Ciencias da Computação,Otros,Otros
695952083de7d998d220c2e6,Ingeniería Informática,Ingeniería y Tecnología,Estudiante
695ad79a0b102a85dde7ebf5,Comunicación Social,Ciencias Sociales y Humanidades,Estudiante
6925bbbfd6eb1d7fdaea4696,Ingeniero Mecatrónico,Otros,Maestría
688b95110fec22c9dc3f9a07,INTRODUCCIÓN A LA CIENSA DE DATOS,Otros,Certificado
688b95110fec22c9dc3f9a07,EXCEL INTERMEDIO,Otros,Certificado
6917d23d998d66b34dac0801,Inglés,Ciencias Sociales y Humanidades,Certificado
6917d23d998d66b34dac0801,Metodología SCRUM,Otros,Certificado
6917d23d998d66b34dac0801,Bases de datos relacionales,Otros,Certificado
6917d23d998d66b34dac0801,Diseño y Desarrollo de Software,Ingeniería y Tecnología,Estudiante
6917d23d998d66b34dac0801,Python,Otros,Certificado
6917d23d998d66b34dac0801,JavaScript,Otros,Certificado
695dd48dff3486092e917335,Trabajo Social,Otros,Estudiante
695e50328865edd1f178b7b9,Gestión Financiera,Administración y Negocios,Certificado
695e773e7d5da2ec51eeb899,Técnico de selección,Otros,Certificado
695e773e7d5da2ec51eeb899,Máster en Inteligencia Artificial,Otros,Maestría
695e773e7d5da2ec51eeb899,Postgrado en Gestión del Talento en las Organizaciones,Administración y Negocios,Maestría
695e773e7d5da2ec51eeb899,"Habilitación para la docencia en grados A, B y C del Sistema de Formación Profesional",Otros,Certificado
695e773e7d5da2ec51eeb899,Grado en Psicología. Mención en Organizaciones,Ciencias Sociales y Humanidades,Bachiller
68747dde49fccafa69055174,Inglés,Ciencias Sociales y Humanidades,Certificado
68747dde49fccafa69055174,Administración y Marketing,Administración y Negocios,Estudiante
695e79857d5da2ec51eeb95d,Bachiller en curso,Otros,Bachiller
695e79857d5da2ec51eeb95d,Básico,Otros,Certificado
695e79857d5da2ec51eeb95d,Educación Secundaria,Ciencias Sociales y Humanidades,Otros
695e79857d5da2ec51eeb95d,Educación Secundaria,Ciencias Sociales y Humanidades,Otros
688b95110fec22c9dc3f9a07,POWER BI,Otros,Certificado
695ff51e5d0287ba6cd358e2,Ingeniería de Sistemas e Informática,Ingeniería y Tecnología,Bachiller
695ff51e5d0287ba6cd358e2,Inglés C1 TOEFL,Ciencias Sociales y Humanidades,Certificado
695ff51e5d0287ba6cd358e2,Excel Avanzado,Otros,Certificado
695ff51e5d0287ba6cd358e2,Transformación de datos con Power Bi,Otros,Doctorado
695ff51e5d0287ba6cd358e2,Excel con Macros + IA,Otros,Certificado
69611bf8b045cb8f35aad24a,Ing de Software,Ingeniería y Tecnología,Bachiller
6933825789577a41820981e8,BIM aplicado a topografía y diseño de infraestructura vial,Arquitectura y Diseño,Certificado
6933825789577a41820981e8,Inglés Básico,Ciencias Sociales y Humanidades,Certificado
6933825789577a41820981e8,Introducción a Navisworks Manage,Otros,Certificado
6933825789577a41820981e8,Especialista modelador BIM en edificaciones,Otros,Certificado
6933825789577a41820981e8,Bachiller en Ingeniería Civil,Ingeniería y Tecnología,Bachiller
6933825789577a41820981e8,Planificación y control de proyectos BIM. LEAN,Otros,Certificado
6933825789577a41820981e8,Especialista modelador BIM MEP,Otros,Certificado
6933825789577a41820981e8,Introducción al modelado BIM con Revit Arquitectura,Arquitectura y Diseño,Certificado
6933825789577a41820981e8,"Programa de especialización modelador BIM (ARQUITECTURA, ESTRUCTURA Y MEP)",Arquitectura y Diseño,Certificado
6933825789577a41820981e8,Introducción al uso de BIM para la ejecución de obras,Otros,Certificado
6933825789577a41820981e8,Introducción a la metodología BIM,Otros,Certificado
6933825789577a41820981e8,Introducción a lean construction,Otros,Certificado
6933825789577a41820981e8,Curso intensivo instalaciones sanitarias con Revit MEP,Otros,Certificado
6933825789577a41820981e8,Especialista modelador BIM ARQUITECTURA,Arquitectura y Diseño,Certificado
6933825789577a41820981e8,Especialista modelador BIM ESTRUCTURAS,Otros,Certificado
69619f880a7c9484ab6a3f7c,II Coloquio internacional de derecho corporativo,Ciencias Sociales y Humanidades,Certificado
69619f880a7c9484ab6a3f7c,Ingles - Intermedio B2,Ciencias Sociales y Humanidades,Certificado
69619f880a7c9484ab6a3f7c,Bachiller en Administración y Negocios Internacionales,Administración y Negocios,Bachiller
69619f880a7c9484ab6a3f7c,Especialización en Tributación Aduanera,Otros,Certificado
69619f880a7c9484ab6a3f7c,Contrataciones del Estado,Otros,Diplomado
69619f880a7c9484ab6a3f7c,Microsoft Excel - Intermedio,Otros,Certificado
69619f880a7c9484ab6a3f7c,Power BI - Básico,Otros,Certificado
6875404449fccafa690552f7,Del propósito a la acción: Generando impacto en sostenibilidad,Otros,Certificado
68c1939317de33e9770fe6fc,Ingeniera Ambiental,Ingeniería y Tecnología,Certificado
687064070fa52b300df26e88,Ingeniería Empresarial,Ingeniería y Tecnología,Estudiante
68769e8f49fccafa6905579b,Diseño y desarrollo de Software,Ingeniería y Tecnología,Maestría
6875404449fccafa690552f7,Taller de Habilidades Blandas,Otros,Certificado
6875404449fccafa690552f7,NASA International Space Apps Challenge,Otros,Certificado
69656a79ad5add8bfef771c0,,,
6966e82d2a1422dcee256526,Ingeniería Ambiental,Ingeniería y Tecnología,Bachiller
6966e82d2a1422dcee256526,Bachiller Técnico Agropecuario – Producción Agropecuaria,Otros,Otros
6875404449fccafa690552f7,Beca de Excelencia Académica para Hijos de Docentes,Otros,Estudiante
69680e92e4a21cd5afefc9df,Herramientas Tecnológicas para la Gestión Educativa,Administración y Negocios,Certificado
69680e92e4a21cd5afefc9df,Ingeniería de Sistemas,Ingeniería y Tecnología,Estudiante
696821d6e4a21cd5afefcad7,Ingenieria de higiene y seguridad industrial,Ingeniería y Tecnología,Estudiante
687711a049fccafa69055cb8,Nivel básico metodología SCRUM,Otros,Certificado
687711a049fccafa69055cb8,Nivel básico de JavaScript,Otros,Certificado
687711a049fccafa69055cb8,Nivel intermedio en bases de datos relacionales,Otros,Certificado
687711a049fccafa69055cb8,Nivel básico en inglés,Ciencias Sociales y Humanidades,Certificado
687711a049fccafa69055cb8,Nivel Intermedio en Python,Otros,Certificado
687711a049fccafa69055cb8,Estudiante de 5to ciclo de Diseño y Desarrollo de Software,Ingeniería y Tecnología,Estudiante
69683cdbe4a21cd5afefcc73,Aspire Leaders Program,Otros,Certificado
69683cdbe4a21cd5afefcc73,Certificación de dominio del idioma inglés,Ciencias Sociales y Humanidades,Certificado
69683cdbe4a21cd5afefcc73,Estudios secundarios,Otros,Bachiller
69683cdbe4a21cd5afefcc73,Estudiante de Ingeniería Ambiental,Ingeniería y Tecnología,Estudiante
6958317d9c1d6916d3782984,Ingeniería Económica y de Negocios,Ingeniería y Tecnología,Estudiante
69544a8f87ef27d0dcdfc7a6,Ciencias de la Comunicación,Ciencias Sociales y Humanidades,Estudiante
6931c2dbbe3e8d01ca25d93c,Comunicación y Publicidad,Ciencias Sociales y Humanidades,Bachiller
696ab652e35d16d5fb0084dc,TECNOLOGÍA EN GESTIÓN DE TALENTO HUMANO,Ingeniería y Tecnología,Otros
696ab652e35d16d5fb0084dc,TECNOLOGÍA UNIVERSITARIA EN ADMINISTRACIÓN DE EMPRESAS,Ingeniería y Tecnología,Otros
696ab652e35d16d5fb0084dc,Asistencia de Nómina,Otros,Certificado
696ab652e35d16d5fb0084dc,Diplomado en nuevas tendencias de selección de personal,Otros,Diplomado
696ab652e35d16d5fb0084dc,Manejo de plataformas laborales,Otros,Certificado
696ab652e35d16d5fb0084dc,Microsoft Excel,Otros,Certificado
696ab652e35d16d5fb0084dc,Administración y atención al cliente,Administración y Negocios,Certificado
691e645537c596cf9b25b6e1,Ingeniería Ambiental,Ingeniería y Tecnología,Estudiante
691e645537c596cf9b25b6e1,Bachillerato en Ciencias,Otros,Bachiller
696baa5fe362fb5ef6f61c37,Ingeniería Económica,Ingeniería y Tecnología,Bachiller
696baa5fe362fb5ef6f61c37,Docente – Gestión Empresarial,Administración y Negocios,Otros
696baa5fe362fb5ef6f61c37,Docente – Práctica Preprofesional (Plan de Negocios),Administración y Negocios,Otros
696bb665e362fb5ef6f61ca4,Ingeniería Industrial,Ingeniería y Tecnología,Bachiller
696bf875e362fb5ef6f61f32,Operaciones básicas de programas de oficina,Otros,Certificado
696bf875e362fb5ef6f61f32,Bachiller Académico en Ciencias y Tecnología,Ingeniería y Tecnología,Bachiller
696bf875e362fb5ef6f61f32,Servicios auxiliares de contabilidad,Economía y Finanzas,Certificado
696c24957fbd9633ed4abb03,Educación Inicial,Ciencias Sociales y Humanidades,Otros
696d86299848a76fcf8b075c,IB Bachillerato Internacional (Aspiring student),Otros,Estudiante
696d8a119848a76fcf8b08b7,Ingeniería de Higiene y Seguridad Industrial,Ingeniería y Tecnología,Estudiante
696d8a539848a76fcf8b08e4,Curso de Microsoft Office Nivel intermedio,Otros,Certificado
696d8a539848a76fcf8b08e4,Programa de Especialización: Proyectos de Inversión Pública,Otros,Certificado
696d8a539848a76fcf8b08e4,Economía y Gestión Ambiental,Ingeniería y Tecnología,Estudiante
696d8a539848a76fcf8b08e4,Academia de Líderes 2023-2024,Otros,Certificado
696d8a539848a76fcf8b08e4,Curso Generación IA,Otros,Certificado
696d8a539848a76fcf8b08e4,Curso Desarrollo económico y social: políticas públicas y teorías contemporáneas,Otros,Certificado
696d8a539848a76fcf8b08e4,Campamento de liderazgo virtual,Otros,Certificado
696d8a539848a76fcf8b08e4,Power BI Intermedio,Otros,Certificado
696d8a539848a76fcf8b08e4,Curso Cambio Climático y biodiversidad: Oportunidades y desafíos para América Latina y el Caribe,Otros,Certificado
6955f4e4f83e2548204fd2d1,Valuation Trainee - Programa de valoración de empresas e inversiones,Otros,Certificado
696d86869848a76fcf8b079c,Ciencias Biológicas,Otros,Estudiante
696d85479848a76fcf8b06f3,Ingeniería Agroindustrial,Ingeniería y Tecnología,Bachiller
696d8cb99848a76fcf8b0ab0,Economía,Economía y Finanzas,Estudiante
696d8cb99848a76fcf8b0ab0,Aspire Leaders Program,Otros,Certificado
696d8cb99848a76fcf8b0ab0,Beca Permanencia,Otros,Certificado
68bb4c44b2f4c0b8f9ffc3e1,Ing en geociencias,Otros,Otros
696e9d2e7905d7b9e07a1312,INGENIERIA EN GEOCIENCIAS,Ingeniería y Tecnología,Otros
696eb9977905d7b9e07a1603,Ciencias,Otros,Bachiller
696eb9977905d7b9e07a1603,Ingeniería en Ciencias del Agua,Ingeniería y Tecnología,Estudiante
696ed6d77905d7b9e07a180c,Ingeniería Ambiental,Ingeniería y Tecnología,Bachiller
696ed6d77905d7b9e07a180c,Maestría en Gestión Pública,Administración y Negocios,Maestría
696acac9e35d16d5fb00872e,Ingeniería Informática,Ingeniería y Tecnología,Estudiante
696ee2e47905d7b9e07a18f0,Ingeniería de Higiene y Seguridad Industrial,Ingeniería y Tecnología,Bachiller
696eea0f7905d7b9e07a1983,Ingeniería de Higiene y Seguridad Industrial,Ingeniería y Tecnología,Bachiller
67dd934b4cf5ce7985897c67,Business Intelligence SQL SERVER 2022,Otros,Certificado
67dd934b4cf5ce7985897c67,Ofimatica Intermedia,Otros,Certificado
6970076e1d1db00684beeb38,Psicología,Ciencias Sociales y Humanidades,Bachiller
6970076e1d1db00684beeb38,Microsoft Office Intermedio,Otros,Certificado
696e6b007905d7b9e07a108d,Comunicación Social,Ciencias Sociales y Humanidades,Bachiller
69645a86b38dc5641671cb49,Nivel intermedio de Laravel,Otros,Certificado
69645a86b38dc5641671cb49,Nivel intermedio de JavaScript,Otros,Certificado
69645a86b38dc5641671cb49,Nivel básico de NextJS,Otros,Certificado
69645a86b38dc5641671cb49,Nivel básico de ReactJS,Otros,Certificado
69645a86b38dc5641671cb49,Nivel intermedio de CSS,Otros,Certificado
69645a86b38dc5641671cb49,Diseño y Desarrollo de Software,Ingeniería y Tecnología,Estudiante
69645a86b38dc5641671cb49,Nivel intermedio de SQL,Otros,Certificado
69645a86b38dc5641671cb49,Nivel básico de Tailwind CSS,Otros,Certificado
69645a86b38dc5641671cb49,Nivel básico de Express,Otros,Certificado
69645a86b38dc5641671cb49,Nivel básico de NestJS,Otros,Certificado
6971321ee4f81e18f9196b39,BACHILLER EN CIENCIAS,Otros,Bachiller
69715b16e4f81e18f9196d5e,Licenciatura,Otros,Estudiante
696c24957fbd9633ed4abb03,Literatura,Ciencias Sociales y Humanidades,Bachiller
696c24957fbd9633ed4abb03,Pedagogía en alianza con Unicef,Otros,Bachiller
696c24957fbd9633ed4abb03,Programa de formación en competencia lectora y convivencia con aportes de la Neuroeducación,Ciencias Sociales y Humanidades,Certificado
696c24957fbd9633ed4abb03,Programa de actualización docente en Conocimientos Pedagógicos y Disciplinares,Otros,Diplomado
696c24957fbd9633ed4abb03,Curso: Formación docente sobre diversidad e inclusión,Otros,Diplomado
691e270276226718a10f428d,SOLIDWORKS + IA,Otros,Certificado
691e270276226718a10f428d,MS PROJECT APLICADO A LA GESTIÓN DE PROYECTOS + IA,Administración y Negocios,Certificado
68c49a8f448bb540da2b0f13,Ingeniería de sistemas e informática,Ingeniería y Tecnología,Bachiller
696e80c77905d7b9e07a1190,Téncico en mecánica industrial,Ingeniería y Tecnología,
696d84be9848a76fcf8b06c4,Fundamentos de nutrición,Salud,Estudiante
696d84be9848a76fcf8b06c4,Educación Secundaria,Ciencias Sociales y Humanidades,Estudiante
69587d9a9c1d6916d3782bb7,Ing. de Sistemas Computacionales,Ingeniería y Tecnología,Estudiante
68c1e7ec17de33e9770fec82,Certificación,Otros,Certificado
68c1e7ec17de33e9770fec82,Bachiller,Otros,Bachiller
68c1e7ec17de33e9770fec82,Certificación,Otros,Certificado
696fb74a23a241e05d2cb295,Ingenieria en Ciencias del Agua,Ingeniería y Tecnología,Estudiante
690e3e3f419365a8bc16255c,Inglés Básico,Ciencias Sociales y Humanidades,Estudiante
690e3e3f419365a8bc16255c,"Inglés Básico, Intermedio y Avanzado",Ciencias Sociales y Humanidades,Certificado
690e3e3f419365a8bc16255c,Inglés Básico,Ciencias Sociales y Humanidades,Estudiante
690e3e3f419365a8bc16255c,Administración,Administración y Negocios,Estudiante
68b9099c4353aae1b19c844a,Administración y Marketing,Administración y Negocios,Bachiller
6973e447a63cbe62c2259228,Ingenieria en Ciencias del Agua,Ingeniería y Tecnología,Estudiante
6973f6a8a63cbe62c225945a,Executive MBA,Otros,Maestría
6973f6a8a63cbe62c225945a,Grado en Publicidad y Relaciones Públicas,Otros,Bachiller
6973f6a8a63cbe62c225945a,"Postgrado, Programa avanzado de habilidades y herramientas empresariales",Otros,Otros
6974108da63cbe62c2259701,Ciencia de la Computación,Ingeniería y Tecnología,Estudiante
697410e2a63cbe62c2259740,Matemática,Ciencias,Estudiante
697410d3a63cbe62c2259728,INGLÉS,Ciencias Sociales y Humanidades,Certificado
697410d3a63cbe62c2259728,INGENIERÍA AERONÁUTICA,Ingeniería y Tecnología,Bachiller
69740f22a63cbe62c2259679,Ingeniería Ambiental,Ingeniería y Tecnología,Bachiller
69740f22a63cbe62c2259679,Interpretación de Sistemas Integrados de Gestión,Ingeniería y Tecnología,Certificado
69740f22a63cbe62c2259679,Auditor Interno,Otros,Certificado
697417ada63cbe62c2259986,comunicación,Ciencias Sociales y Humanidades,Bachiller
69741d8ba63cbe62c2259aeb,Manejo Conductual / Evaluación de Riesgo,Otros,Certificado
69741d8ba63cbe62c2259aeb,Curso de Design Thinking,Arquitectura y Diseño,Certificado
69741d8ba63cbe62c2259aeb,Formación en Recursos Humanos: Cultura Organizacional y Reclutamiento y Selección,Administración y Negocios,Certificado
69741d8ba63cbe62c2259aeb,Licenciatura en Psicología,Ciencias Sociales y Humanidades,Bachiller
69741f0ba63cbe62c2259b7f,Ingeniería Electrónica,Ingeniería y Tecnología,Bachiller
69741c60a63cbe62c2259aa4,Diplomado Especializado: Derecho Ambiental y Sostenibilidad en la Industria Minera,Ingeniería y Tecnología,Diplomado
69741c60a63cbe62c2259aa4,Convención de Derecho Público,Ciencias Sociales y Humanidades,Otros
69741c60a63cbe62c2259aa4,Convención de Derecho Público,Ciencias Sociales y Humanidades,Otros
69741c60a63cbe62c2259aa4,Competencia Internacional de Arbitraje,Otros,Otros
69741c60a63cbe62c2259aa4,Curso,Otros,Otros
69741c60a63cbe62c2259aa4,Diálogos por la Migración,Otros,Otros
69741c60a63cbe62c2259aa4,Competencia Internacional de Arbitraje,Otros,Otros
69741c60a63cbe62c2259aa4,Foro Portuario de Educación Superior,Ciencias Sociales y Humanidades,Otros
69741c60a63cbe62c2259aa4,Capacitación,Otros,Otros
69741c60a63cbe62c2259aa4,Convención de Derecho Público,Ciencias Sociales y Humanidades,Otros
69741c60a63cbe62c2259aa4,Seminario,Otros,Otros
69741c60a63cbe62c2259aa4,Derecho,Ciencias Sociales y Humanidades,Bachiller
69741c60a63cbe62c2259aa4,Taller,Otros,Otros
69741c49a63cbe62c2259a9e,Bachiller en Ciencias Contables,Otros,Bachiller
69741c49a63cbe62c2259a9e,Egresada Técnica del programa de Computación e Informática,Ingeniería y Tecnología,Diplomado
697428a4a63cbe62c2259d4a,Ingeniería de Sistemas,Ingeniería y Tecnología,Bachiller
697428a4a63cbe62c2259d4a,Certificate,Otros,Certificado
697425c6a63cbe62c2259cf5,Economía y Finanzas,Economía y Finanzas,Estudiante
6974314c404030a7966b17ac,Administración de Empresas,Administración y Negocios,Estudiante
6974328a404030a7966b181e,Psicología,Ciencias Sociales y Humanidades,Bachiller
69743169404030a7966b17bd,Programa de Fundamentos de Inteligencia Artificial,Otros,Certificado
69743169404030a7966b17bd,Programa de Big Data,Otros,Certificado
69743169404030a7966b17bd,Ingeniería de Software,Ingeniería y Tecnología,Estudiante
6974314c404030a7966b17ae,Certificación en Excel Intermedio,Otros,Certificado
6974314c404030a7966b17ae,Curso de Nuevas tendencias en gestión de la innovación,Administración y Negocios,Certificado
6974314c404030a7966b17ae,PowerPoint Intermedio y Word Intermedio,Otros,Certificado
6974314c404030a7966b17ae,Ingeniería Industrial,Ingeniería y Tecnología,Estudiante
6974351d404030a7966b1892,Estudios Superiores,Otros,Estudiante
6974351d404030a7966b1892,Estudios Superiores,Otros,Estudiante
68c1e59517de33e9770fec17,Economía,Economía y Finanzas,Bachiller
6974e74e010db1b654865fb5,Ciencias de la comunicación,Ciencias Sociales y Humanidades,Bachiller
6974e74e010db1b654865fb5,Ingeniería Informática,Ingeniería y Tecnología,Estudiante
6975089a010db1b65486621d,Administración de Negocios Internacionales,Administración y Negocios,Bachiller
6971321ee4f81e18f9196b39,INGENIERÍA EN GEOCIENCIAS,Ingeniería y Tecnología,Otros
6971321ee4f81e18f9196b39,"CURSO ""COMPUTACIÓN DE ALTAS PRESTACIONES EN R PARA INVESTIGACIÓN""",Ingeniería y Tecnología,
697550200b000e8f0c723e59,FUNDAMENTOS ISO 9001 – SISTEMA DE GESTIÓN DE CALIDAD,Administración y Negocios,Certificado
697550200b000e8f0c723e59,INGENIERÍA AGROINDUSTRIAL Y COMERCIO EXTERIOR,Ingeniería y Tecnología,Bachiller
697550200b000e8f0c723e59,INTERCAMBIO ACADÉMICO,Otros,Otros
697550200b000e8f0c723e59,FUNDAMENTOS ISO/IEC 17025 – GESTIÓN EN LABORATORIOS DE ENSAYO Y CALIBRACIÓN,Administración y Negocios,Certificado
697550200b000e8f0c723e59,"AUDITOR INTERNO EN SISTEMAS INTEGRADOS DE GESTIÓN ISO 9001, ISO 14001 E ISO 45001",Ingeniería y Tecnología,Certificado
6975617e0b000e8f0c723f0f,Administración de Negocios Internacionales,Administración y Negocios,Bachiller
697563950b000e8f0c723f27,FUNDAMENTOS ISO 9001 – SISTEMA DE GESTIÓN DE CALIDAD,Administración y Negocios,Certificado
697563950b000e8f0c723f27,"AUDITOR INTERNO EN SISTEMAS INTEGRADOS DE GESTIÓN ISO 9001, ISO 14001 E ISO 45001",Ingeniería y Tecnología,Certificado
697563950b000e8f0c723f27,FUNDAMENTOS ISO/IEC 17025 – GESTIÓN DE CALIDAD EN LABORATORIOS DE ENSAYO Y CALIBRACIÓN,Administración y Negocios,Certificado
697563950b000e8f0c723f27,III CONGRESO INTERNACIONAL DE INVESTIGACIÓN E INNOVACIÓN AGROINDUSTRIAL,Ingeniería y Tecnología,Otros
697563950b000e8f0c723f27,CONCURSO “SOLUCIONA USS”,Otros,Otros
697563950b000e8f0c723f27,Ingeniería Agroindustrial y Comercio Exterior,Ingeniería y Tecnología,Bachiller
697563950b000e8f0c723f27,CONCURSO “SOLUCIONA USS”,Otros,Otros
697563950b000e8f0c723f27,Ingeniería Agroindustrial (Intercambio académico),Ingeniería y Tecnología,Bachiller
697563950b000e8f0c723f27,ARTÍCULO ACADÉMICO,Otros,Otros
697564170b000e8f0c723fc4,Curso Costos y Presupuestos de la Construcción,Otros,Certificado
697564170b000e8f0c723fc4,Ciclo de webinars “Pensando en tu Empleabilidad”,Otros,Certificado
697564170b000e8f0c723fc4,BIM REVIT ESTRUCTURAS,Otros,Certificado
697564170b000e8f0c723fc4,Curso Delphin Express BIM 360,Otros,Certificado
697564170b000e8f0c723fc4,Charla técnica: Aplicaciones y beneficios de los geosintéticos en proyectos viales,Otros,Certificado
697564170b000e8f0c723fc4,Bootcamp: Tu futuro laboral con IA,Otros,Certificado
697564170b000e8f0c723fc4,Estudiante de noveno ciclo,Otros,Estudiante
69756e290b000e8f0c7242a8,Ingeniería metalurgia y materiales,Ingeniería y Tecnología,Estudiante
6976803b7af3401857d42474,Educación Secundaria,Ciencias Sociales y Humanidades,Otros
6976803b7af3401857d42474,Ingeniería de Sistemas e Informática,Ingeniería y Tecnología,Bachiller
69280ea13b78fa6943625f02,Ingeniería Industrial,Ingeniería y Tecnología,Bachiller
69280ea13b78fa6943625f02,Postgrado,Otros,Maestría
69280ea13b78fa6943625f02,Curso,Otros,Certificado
69280ea13b78fa6943625f02,Especialización,Otros,Certificado
69280ea13b78fa6943625f02,Curso,Otros,Certificado
69280ea13b78fa6943625f02,Curso,Otros,Certificado
69280ea13b78fa6943625f02,Curso,Otros,Certificado
69280ea13b78fa6943625f02,Curso,Otros,Certificado
69280ea13b78fa6943625f02,Certificación,Otros,Certificado
69280ea13b78fa6943625f02,Certificación,Otros,Certificado
697687567af3401857d4257b,Ingeniería Industrial,Ingeniería y Tecnología,Estudiante
697687567af3401857d4257b,Inglés,Ciencias Sociales y Humanidades,Certificado
6976857b7af3401857d4255d,Ingeniería Industrial,Ingeniería y Tecnología,Estudiante
6976857b7af3401857d4255d,Inglés,Ciencias Sociales y Humanidades,Certificado
697687697af3401857d42583,Ingeniería Industrial,Ingeniería y Tecnología,Estudiante
6976cadb7af3401857d42bf5,Ingeniería Industrial,Ingeniería y Tecnología,Bachiller
6976cadb7af3401857d42bf5,Aspire Leaders Program (ALP),Otros,Certificado
6976cb367af3401857d42c14,Negocios Internacionales,Administración y Negocios,Estudiante
6976cf017af3401857d42de9,Ingenieria Civil,Ingeniería y Tecnología,Estudiante
6967f367e4a21cd5afefc8be,Ingeniería Civil,Ingeniería y Tecnología,Bachiller
6976cac97af3401857d42beb,Ingeniería Industrial,Ingeniería y Tecnología,Estudiante
6976cb017af3401857d42bfd,Ingeniería Industrial,Ingeniería y Tecnología,Estudiante
6976cb017af3401857d42bfd,Excel para gestion de Datos,Administración y Negocios,Certificado
6976cac97af3401857d42beb,Inglés,Ciencias Sociales y Humanidades,Estudiante
6976ce867af3401857d42d9d,,,Certificado
6976ce867af3401857d42d9d,Metodología para Docentes de EFL,Otros,Certificado
6976ce867af3401857d42d9d,Inglés Avanzado,Ciencias Sociales y Humanidades,Certificado
6976ce867af3401857d42d9d,Ingeniería Industrial,Ingeniería y Tecnología,Estudiante
68c0f9a417de33e9770fe579,Excel Intermedio,Otros,Certificado
697792e32804d91b11fa0a37,Ingeniería Ambiental,Ingeniería y Tecnología,Bachiller
697792e32804d91b11fa0a37,Movilidad Estudiantil,Otros,Otros
6977dafd2804d91b11fa0d74,Ingeniería Industrial,Ingeniería y Tecnología,Estudiante
6976cc117af3401857d42c8f,Ingeniería Industrial,Ingeniería y Tecnología,Bachiller
6976cc117af3401857d42c8f,Python Fundamentals,Otros,Otros
6976cf017af3401857d42de9,Ingenieria Ambiental,Ingeniería y Tecnología,Estudiante
6978126c2804d91b11fa1108,Cursos de Análisis de Datos e Inteligencia de Negocios,Administración y Negocios,Otros
6978126c2804d91b11fa1108,"Certificación en Excel nivel (Básico, Intermedio y Avanzado)",Otros,Certificado
6978126c2804d91b11fa1108,Bachiller en economía,Economía y Finanzas,Bachiller
68c1e59517de33e9770fec17,Economía,Economía y Finanzas,Bachiller
697812902804d91b11fa1110,Economia,Economía y Finanzas,Estudiante
681efd7a98135c66ec94382f,Ingeniería de Software,Ingeniería y Tecnología,Bachiller
6978c739b091f4fd95fc0a8d,Ingeniería de Sistemas e Informática,Ingeniería y Tecnología,Bachiller
6978c739b091f4fd95fc0a8d,Inglés A2 MCER,Ciencias Sociales y Humanidades,Certificado
6978c739b091f4fd95fc0a8d,Ensamblaje y Reparación de Equipos de Cómputo,Otros,Certificado
6978c739b091f4fd95fc0a8d,Microsoft Power BI,Otros,Certificado
6978c739b091f4fd95fc0a8d,Excel Intermedio,Otros,Certificado
6978c739b091f4fd95fc0a8d,Soporte Técnico Remoto de Computadoras,Otros,Certificado
6978f648b091f4fd95fc0c5d,Clase Espejo Internacional,Otros,Otros
6978f648b091f4fd95fc0c5d,Webinar: Medios de Pago en el Comercio Internacional,Otros,Otros
6978f648b091f4fd95fc0c5d,III Jornada de Derecho Aduanero y Comercio Exterior,Ciencias Sociales y Humanidades,Otros
6978f648b091f4fd95fc0c5d,Microsoft Office,Otros,Certificado
6978f648b091f4fd95fc0c5d,Power BI,Otros,Certificado
6978f648b091f4fd95fc0c5d,"Adobe InDesign, Photoshop e Illustrator",Arquitectura y Diseño,Certificado
6978f648b091f4fd95fc0c5d,Misión Académica Internacional,Otros,Otros
6978f648b091f4fd95fc0c5d,Curso Básico de Aduanas,Otros,Certificado
6978f648b091f4fd95fc0c5d,Administración de Negocios Internacionales,Administración y Negocios,Estudiante
69794eecb091f4fd95fc1274,Certificación Autocad 3D,Otros,Certificado
69794eecb091f4fd95fc1274,Fundamentos Básicos de Metrados en la Construcción,Otros,Certificado
69794eecb091f4fd95fc1274,High School,Otros,Otros
69794eecb091f4fd95fc1274,Gestión de Calidad de Proyectos de Construcción y Minería,Administración y Negocios,Certificado
69794eecb091f4fd95fc1274,Gestión de Seguridad y Prevención de Riesgos,Administración y Negocios,Certificado
69794eecb091f4fd95fc1274,High School,Otros,Estudiante
69794eecb091f4fd95fc1274,Ingeniería Civil,Ingeniería y Tecnología,Estudiante
69794eecb091f4fd95fc1274,Microsoft Office,Otros,Certificado
69794eecb091f4fd95fc1274,Inducción SSOMA,Otros,Certificado
696d8c189848a76fcf8b0a6d,Ingeniería de higiene y seguridad industrial,Ingeniería y Tecnología,Estudiante
69797223b091f4fd95fc1569,Turismo,Otros,Estudiante
69797208b091f4fd95fc155b,Ingeniería Agronómica,Ingeniería y Tecnología,Estudiante
697972c9b091f4fd95fc15f2,Ins Sistemas,Ingeniería y Tecnología,Estudiante
6979753fb091f4fd95fc16f4,Diploma,Otros,Diplomado
6979753fb091f4fd95fc16f4,Diploma de Pastelería,Otros,Diplomado
69797bf1b091f4fd95fc17f2,Pregrado,Otros,Bachiller
69797bf1b091f4fd95fc17f2,Egresado,Otros,Otros
69797bf1b091f4fd95fc17f2,Egresado,Otros,Otros
69797e3ab091f4fd95fc187d,Ingeniería Mecatrónica,Ingeniería y Tecnología,Bachiller
685edc88fa3637d9d0fdb91f,Gestión de proyectos enfoque PMI,Administración y Negocios,Certificado
685edc88fa3637d9d0fdb91f,Administración y Marketing,Administración y Negocios,Bachiller
69798ac6b091f4fd95fc1a5c,Psicología,Ciencias Sociales y Humanidades,Estudiante
6979883eb091f4fd95fc1a02,Enfermería VI ciclo,Salud,Otros
6979883eb091f4fd95fc1a02,Básico,Otros,Certificado
6979883eb091f4fd95fc1a02,Intermedio,Otros,Certificado
6979883eb091f4fd95fc1a02,Primaria,Otros,Otros
6979883eb091f4fd95fc1a02,Educación Secundaria,Ciencias Sociales y Humanidades,Otros
6979883eb091f4fd95fc1a02,Primaria,Otros,Otros
6979883eb091f4fd95fc1a02,Educación Secundaria,Ciencias Sociales y Humanidades,Otros
69798a60b091f4fd95fc1a21,Computación,Ingeniería y Tecnología,Otros
69798cd6b091f4fd95fc1ba0,Administración de Negocios Internacionales,Administración y Negocios,Estudiante
69798a5fb091f4fd95fc1a1d,Contabilidad,Economía y Finanzas,Otros
697a211b785dcaccfa78ce35,Seminario de Gestión de los Recursos Humanos,Administración y Negocios,Certificado
697a211b785dcaccfa78ce35,Indicadores y estrategias de bienestar social,Otros,Certificado
697a211b785dcaccfa78ce35,Trabajo Social,Otros,Bachiller
697a211b785dcaccfa78ce35,Cálculo de subsidios y herramientas para el gestor del bienestar social,Otros,Certificado
697a35f9785dcaccfa78cfb1,Administración,Administración y Negocios,Estudiante
697a35f9785dcaccfa78cfb1,Inglés Avanzado,Ciencias Sociales y Humanidades,Certificado
697a35f9785dcaccfa78cfb1,The fundamentals of digital marketing,Administración y Negocios,Certificado
697a48a5785dcaccfa78d0ff,Ingeniería Industrial,Ingeniería y Tecnología,Estudiante
697a48a5785dcaccfa78d0ff,Inglés Intermedio,Ciencias Sociales y Humanidades,Otros
697a4b2a785dcaccfa78d153,Marketing,Administración y Negocios,Bachiller
697a4b2a785dcaccfa78d153,Educación Secundaria,Ciencias Sociales y Humanidades,Otros
697a4eb0785dcaccfa78d276,Ingeniería económica y negocio,Ingeniería y Tecnología,Bachiller
697a4eb0785dcaccfa78d276,Taller de marketing y comunicación de la moda,Administración y Negocios,Certificado
697a9498785dcaccfa78dda9,Doble Graduación en Ciencias Económicas,Otros,Otros
697a9498785dcaccfa78dda9,Ingeniería Económica y de Negocios,Ingeniería y Tecnología,Bachiller
69798cd6b091f4fd95fc1ba0,Administración,Administración y Negocios,Estudiante
697aa39b785dcaccfa78e06b,Administración de Negocios Internacionales,Administración y Negocios,Estudiante
69798cd6b091f4fd95fc1ba0,Inglés Avanzado,Ciencias Sociales y Humanidades,Certificado
697aa39b785dcaccfa78e06b,Inglés intermedio,Ciencias Sociales y Humanidades,Certificado
697ab4ec785dcaccfa78e30d,Costo para los Negocios,Administración y Negocios,Certificado
697ab4ec785dcaccfa78e30d,Programa de Inclusión Estudiantil,Otros,Otros
697ab4ec785dcaccfa78e30d,Microsoft Excel,Otros,Certificado
697ab4ec785dcaccfa78e30d,Diploma de Especialización de Salud y Seguridad en el Trabajo,Salud,Diplomado
697ab4ec785dcaccfa78e30d,Atención y Servicio al Cliente,Otros,Certificado
697ab4ec785dcaccfa78e30d,Ingeniería Industrial,Ingeniería y Tecnología,Estudiante
697ab8b5785dcaccfa78e404,Inglés,Ciencias Sociales y Humanidades,Certificado
697ab8b5785dcaccfa78e404,Ingeniería económica y de negocios,Ingeniería y Tecnología,Bachiller
697aaa93785dcaccfa78e238,Administración,Administración y Negocios,Estudiante
697984fbb091f4fd95fc19b3,Ingeniería Mecatrónica,Ingeniería y Tecnología,Bachiller
697ab889785dcaccfa78e3fc,Ingeniería Ambiental,Ingeniería y Tecnología,Estudiante
697ac184785dcaccfa78e574,Diploma,Otros,Diplomado
697ac184785dcaccfa78e574,Doble Grado,Otros,Otros
697ac184785dcaccfa78e574,Ingeniería Económica y de Negocios,Ingeniería y Tecnología,Bachiller
697ad133e64709bef6931625,Educación Secundaria,Ciencias Sociales y Humanidades,Otros
697ad133e64709bef6931625,Operador de Soldadura,Otros,Certificado
697ad133e64709bef6931625,Licenciado del Ejército,Otros,Otros
697ad133e64709bef6931625,Protección de Personajes Muy Importantes - Técnicas de tiro,Otros,Certificado
697aa68b785dcaccfa78e0e1,Estudiante de Administración de Turismo,Administración y Negocios,Bachiller
697aa68b785dcaccfa78e0e1,El ABC del Turismo Sostenible,Otros,Estudiante
697aa68b785dcaccfa78e0e1,Taller de Etiqueta de Mesa para Ejecutivos,Otros,Certificado
697aa68b785dcaccfa78e0e1,Diplomado de Ecoturismo Sostenible,Otros,Diplomado
697abf5e785dcaccfa78e4ec,Ingeniería Electrónica y Mecatrónica,Ingeniería y Tecnología,Estudiante
697abf5e785dcaccfa78e4ec,,,Otros
697abf5e785dcaccfa78e4ec,,,Otros
697b7e3523d340445635b0c6,Contabilidad,Economía y Finanzas,Estudiante
697925f4b091f4fd95fc1017,Webinar: Introduction to Bionic Prostheses,Otros,Certificado
697925f4b091f4fd95fc1017,Diplomado en Prótesis Biónicas,Otros,Diplomado
697925f4b091f4fd95fc1017,Ingeniería Electrónica,Ingeniería y Tecnología,Estudiante
697b928c23d340445635b295,International Business,Otros,Estudiante
697b928c23d340445635b295,Inglés Básico,Ciencias Sociales y Humanidades,Certificado
697b928c23d340445635b295,Gestión Estratégica de Ventas,Administración y Negocios,Certificado
697b928c23d340445635b295,Microsoft Excel Básico e Intermedio,Otros,Certificado
697b928c23d340445635b295,Community Manager,Otros,Certificado
697b941623d340445635b302,Computación e Informática,Ingeniería y Tecnología,Diplomado
697b941623d340445635b302,Ingeniería Económica y de Negocios,Ingeniería y Tecnología,Bachiller
697b941623d340445635b302,Ciencias Económicas,Otros,Otros
697ba9c823d340445635b4b8,Ingeniería en Recursos Naturales y Ambientales,Ingeniería y Tecnología,Bachiller
697ba9c823d340445635b4b8,Máster en Estudios de Desarrollo Comunitario y de la Sociedad Civil,Ingeniería y Tecnología,Maestría
697bb8f623d340445635b6ee,Ingeniería Industrial,Ingeniería y Tecnología,Estudiante
697bd74c23d340445635b865,Administración,Administración y Negocios,Estudiante
6955f2b9f83e2548204fd268,Ingeniería Ambiental,Ingeniería y Tecnología,Estudiante
697c1b8523d340445635bb5a,ingeniería agronómica,Ingeniería y Tecnología,Estudiante
697c6fc6620bd9a91e50b553,Big Data y Ciencia de Datos,Ingeniería y Tecnología,Estudiante
697c6fc6620bd9a91e50b553,Databases and SQL for Data Science with Python,Ingeniería y Tecnología,Certificado
697c6fc6620bd9a91e50b553,SQL intermedio,Otros,Certificado
697c6fc6620bd9a91e50b553,Excel basics for data analysis,Otros,Certificado
697c6fc6620bd9a91e50b553,Introducción a Python para Ciencia de Datos,Ingeniería y Tecnología,Certificado
697c6fc6620bd9a91e50b553,Introducción a la Ciencia de Datos,Ingeniería y Tecnología,Certificado
697984fbb091f4fd95fc19b3,Ingeniería Mecatrónica,Ingeniería y Tecnología,Bachiller
697d2928fbd83ca7a769c48d,Certificado: Análisis de Datos con Excel,Otros,Certificado
697d2928fbd83ca7a769c48d,Certificado: Análisis de Datos con R,Otros,Certificado
697d2928fbd83ca7a769c48d,Certificado: Programación en Python Básico,Otros,Certificado
697d2928fbd83ca7a769c48d,Certificado: SQL - Bases de Datos I,Otros,Certificado
697d2928fbd83ca7a769c48d,Certificado: Power BI Básico,Otros,Certificado
697d2928fbd83ca7a769c48d,Ingeniería de Sistemas,Ingeniería y Tecnología,Estudiante
697d2928fbd83ca7a769c48d,Certificado: Fundamentos de JavaScript,Otros,Certificado
697d2928fbd83ca7a769c48d,Certificado: Programación en Python Intermedio,Otros,Certificado
697d2928fbd83ca7a769c48d,Certificado: Power BI Intermedio,Otros,Certificado
697d532e16d82c5ef7ff6fe3,Ingeniería Mecatrónica,Ingeniería y Tecnología,Estudiante
697d56c616d82c5ef7ff7189,Economía,Economía y Finanzas,Estudiante
697d578b16d82c5ef7ff722c,"Filosofía, Psicología y CCSS",Ciencias Sociales y Humanidades,Bachiller
697d578b16d82c5ef7ff722c,Educación Secundaria,Ciencias Sociales y Humanidades,Estudiante
697d5cb216d82c5ef7ff749a,ingeniería electrónica,Ingeniería y Tecnología,Bachiller
697d650716d82c5ef7ff75a4,Fundamentos de Ciberseguridad,Otros,Certificado
697d650716d82c5ef7ff75a4,SQL Server Fundamentals,Otros,Certificado
697d650716d82c5ef7ff75a4,Conceptos básicos de redes,Ingeniería y Tecnología,Certificado
697d650716d82c5ef7ff75a4,CyberOps Associate,Otros,Certificado
697d650716d82c5ef7ff75a4,Fundamentos de ISO 27001: Sistema de Gestión de Seguridad de la Información + IA,Administración y Negocios,Certificado
697d650716d82c5ef7ff75a4,Ingeniería de Sistemas,Ingeniería y Tecnología,Bachiller
697d650716d82c5ef7ff75a4,Introduction to Cybersecurity,Otros,Certificado
697d640f16d82c5ef7ff756c,Inglés intermedio (B1/B2),Ciencias Sociales y Humanidades,Otros
697d640f16d82c5ef7ff756c,Ingeniería de Software,Ingeniería y Tecnología,Bachiller
697d656b16d82c5ef7ff75d7,Bootcamp Data Máster,Otros,Certificado
697d656b16d82c5ef7ff75d7,Ingeniería en Gestión Empresarial,Ingeniería y Tecnología,Bachiller
697d656b16d82c5ef7ff75d7,Negociación y mediación de conflictos,Otros,Certificado
697d656b16d82c5ef7ff75d7,Prompt Engineering,Ingeniería y Tecnología,Certificado
697d656b16d82c5ef7ff75d7,Gestión de proyectos,Administración y Negocios,Certificado
697d656b16d82c5ef7ff75d7,Power BI,Otros,Certificado
697d66a116d82c5ef7ff771f,Bioingeniería - 9° ciclo,Ingeniería y Tecnología,Estudiante
697d651816d82c5ef7ff75ac,Ingeniería Ambiental,Ingeniería y Tecnología,Estudiante
697d651816d82c5ef7ff75ac,Certified Associate in Project Management (CAPM ®),Administración y Negocios,Certificado
697d676316d82c5ef7ff78b6,Programa de alta especialización en instrumentación y automatización industrial,Ingeniería y Tecnología,Certificado
697d676316d82c5ef7ff78b6,Control y Automatización Industrial con PLC SIEMENS,Ingeniería y Tecnología,Certificado
697d676316d82c5ef7ff78b6,Excel Avanzado,Otros,Certificado
697d676316d82c5ef7ff78b6,Ingeniería electrónica,Ingeniería y Tecnología,Estudiante
697d67fe16d82c5ef7ff7a09,Certificate,Otros,Certificado
697d67fe16d82c5ef7ff7a09,Certificate,Otros,Certificado
697d67fe16d82c5ef7ff7a09,Certificate,Otros,Certificado
697d67fe16d82c5ef7ff7a09,Certificate,Otros,Certificado
697d67fe16d82c5ef7ff7a09,Certificate,Otros,Certificado
697d67fe16d82c5ef7ff7a09,Certificate,Otros,Certificado
697d67fe16d82c5ef7ff7a09,Certificate,Otros,Certificado
697d67fe16d82c5ef7ff7a09,Certificate,Otros,Certificado
697d67fe16d82c5ef7ff7a09,Ingeniería Civil,Ingeniería y Tecnología,Bachiller
697d67fe16d82c5ef7ff7a09,Certificate,Otros,Certificado
697d683f16d82c5ef7ff7a3a,Ingeniería Mecánica,Ingeniería y Tecnología,Estudiante
697d683f16d82c5ef7ff7a3a,Additive Manufacturing,Otros,Certificado
697d683f16d82c5ef7ff7a3a,Cálculo Estructural de Naves Industriales,Ingeniería y Tecnología,Certificado
697d683f16d82c5ef7ff7a3a,Mechanical Design,Arquitectura y Diseño,Certificado
697d683f16d82c5ef7ff7a3a,Impresión 3D,Otros,Certificado
697d683f16d82c5ef7ff7a3a,Introducción a Power BI,Otros,Certificado
697d683f16d82c5ef7ff7a3a,Trabajo Seguro y Saludable,Salud,Certificado
697d683f16d82c5ef7ff7a3a,Itinerario básico de e-Series,Otros,Certificado
697d683f16d82c5ef7ff7a3a,Plan de Respuesta Ante Emergencias,Otros,Certificado
697d683f16d82c5ef7ff7a3a,Office,Otros,Certificado
697d683f16d82c5ef7ff7a3a,Training Services,Otros,Certificado
697d683f16d82c5ef7ff7a3a,SolidWorks,Otros,Certificado
697d683f16d82c5ef7ff7a3a,Gestión del Tiempo,Administración y Negocios,Certificado
697d683f16d82c5ef7ff7a3a,Lectura de Planos en Instalaciones Eléctricas,Otros,Certificado
697d683f16d82c5ef7ff7a3a,Introducción a la Metodología BIM,Otros,Certificado
697d683f16d82c5ef7ff7a3a,Novedades SolidWorks 2024,Otros,Certificado
697d683f16d82c5ef7ff7a3a,Diseño y Construcción de Defensas Ribereñas,Arquitectura y Diseño,Certificado
697d683f16d82c5ef7ff7a3a,"Modelador BIM - Planimetría 3D, Autodesk Revit Arquitectura",Arquitectura y Diseño,Certificado
697d66e316d82c5ef7ff777e,Ingeniería industrial,Ingeniería y Tecnología,Estudiante
687b19e80db83f5acbb23df2,Administración y Negocios Internacionales,Administración y Negocios,Estudiante
697d699716d82c5ef7ff7c57,"EDucaT, Gestión de Proyectos",Administración y Negocios,Otros
697d699716d82c5ef7ff7c57,Aproximaciones São Paulo - Perú: Convergencia entre la USP y la Universidad Nacional de Trujillo - Perú,Otros,Otros
697d699716d82c5ef7ff7c57,Diplomado en trastorno del espectro autista,Otros,Diplomado
697d699716d82c5ef7ff7c57,Educación Secundaria,Ciencias Sociales y Humanidades,Bachiller
697d6a9116d82c5ef7ff7ce3,Ingeniería Civil,Ingeniería y Tecnología,Estudiante
697d6a9116d82c5ef7ff7ce3,Ingeniería Civil,Ingeniería y Tecnología,Estudiante
697d6a9116d82c5ef7ff7ce3,Inglés Avanzado,Ciencias Sociales y Humanidades,Certificado
67abf5cb80922a3d7cf10386,Introducción de Power BI,Otros,Certificado
67abf5cb80922a3d7cf10386,Administración,Administración y Negocios,Bachiller
697d66a816d82c5ef7ff7727,Programación de Obras con Ms Project,Otros,Certificado
697d66a816d82c5ef7ff7727,Implementación de VDC con BIM Y Lean Construction,Otros,Certificado
697d66a816d82c5ef7ff7727,Modelador BIM con Revit & Power BI,Otros,Certificado
697d66a816d82c5ef7ff7727,Metrados en Edificaciones,Otros,Certificado
697d66a816d82c5ef7ff7727,,,Certificado
697d66a816d82c5ef7ff7727,,,Certificado
697d66a816d82c5ef7ff7727,Análisis de Costos Unitarios en Edificaciones,Otros,Certificado
697d66a816d82c5ef7ff7727,Costos y Presupuestos con S10,Otros,Certificado
697d66a816d82c5ef7ff7727,Estudiante del 10° ciclo – Quinto Superior,Otros,Estudiante
697d6b7b16d82c5ef7ff7e1a,Economía,Economía y Finanzas,Estudiante
697d701316d82c5ef7ff80e0,Programación de Obras con Ms Project,Otros,Certificado
697d701316d82c5ef7ff80e0,Certificate,Otros,Certificado
697d701316d82c5ef7ff80e0,Metrados en Edificaciones,Otros,Certificado
697d701316d82c5ef7ff80e0,Estudiante del 10° ciclo – Quinto Superior,Otros,Estudiante
697d701316d82c5ef7ff80e0,Costos y Presupuestos con S10,Otros,Certificado
697d701316d82c5ef7ff80e0,Análisis de Costos Unitarios en Edificaciones,Otros,Certificado
697d701316d82c5ef7ff80e0,Power BI,Otros,Certificado
697d701316d82c5ef7ff80e0,Implementación de VDC con BIM Y Lean Construction,Otros,Certificado
697d701316d82c5ef7ff80e0,Modelador BIM con Revit & Power BI,Otros,Certificado
697d66d016d82c5ef7ff7754,Desarrollo de habilidades de Liderazgo,Otros,Certificado
697d66d016d82c5ef7ff7754,Bachiller en Derecho y Ciencias Políticas,Ciencias Sociales y Humanidades,Bachiller
697d66d016d82c5ef7ff7754,Certificado de prácticas preliminares I y II,Otros,Certificado
697d66d016d82c5ef7ff7754,Calidad de atención al usuario,Otros,Certificado
697d66d016d82c5ef7ff7754,Trabajo en equipo,Otros,Certificado
697d66d016d82c5ef7ff7754,Habilidades blandas,Otros,Certificado
697d66d016d82c5ef7ff7754,Certificado de prácticas pre profesionales,Otros,Certificado
697d66d016d82c5ef7ff7754,Seminario de actualización jurídica,Otros,Certificado
697d66d016d82c5ef7ff7754,Abogada,Otros,Bachiller
697d66d016d82c5ef7ff7754,I CONGRESO DE ESTUDIANTES DE DERECHO EN EL PERÚ,Ciencias Sociales y Humanidades,Certificado
697d66d016d82c5ef7ff7754,Calidad de Atención al Usuario,Otros,Certificado
697d66d016d82c5ef7ff7754,Habilidades Blandas,Otros,Certificado
697d66d016d82c5ef7ff7754,Desarrollo de Habilidades de Liderazgo,Otros,Certificado
697d66d016d82c5ef7ff7754,Prácticas Pre Profesionales,Otros,Certificado
697d66d016d82c5ef7ff7754,Webinar sobre Criminalística,Otros,Certificado
697d66d016d82c5ef7ff7754,Bachiller en Derecho y Ciencias Políticas,Ciencias Sociales y Humanidades,Bachiller
697d66d016d82c5ef7ff7754,Título Profesional de Abogada,Otros,Bachiller
697d66d016d82c5ef7ff7754,Manejo de la Carpeta Fiscal y Electrónica,Ingeniería y Tecnología,Certificado
697d66d016d82c5ef7ff7754,Seminario de Actualización Jurídica,Otros,Certificado
697d66d016d82c5ef7ff7754,I Congreso de Estudiantes de Derecho en el Perú,Ciencias Sociales y Humanidades,Certificado
697d66d016d82c5ef7ff7754,Programa Parlamento Mujer,Otros,Certificado
697d66d016d82c5ef7ff7754,PARLAMENTO MUJER,Otros,Certificado
697d66d016d82c5ef7ff7754,Prácticas Preliminares I y II,Otros,Certificado
697d66d016d82c5ef7ff7754,Trabajo en Equipo,Otros,Certificado
697d66d016d82c5ef7ff7754,Webinar sobre Análisis Grafotécnicos,Otros,Certificado
697d66d016d82c5ef7ff7754,Webinar sobre Ingeniería Forense,Ingeniería y Tecnología,Certificado
697d66d016d82c5ef7ff7754,Webinar sobre Balística,Otros,Certificado
68ec4a29057cb016620ba269,EnglishScore Certificate,Otros,Certificado
68ec4a29057cb016620ba269,Estudiante de Administración de Empresas,Administración y Negocios,Estudiante
68ec4a29057cb016620ba269,Egresada Técnica en Administración de Empresas,Administración y Negocios,Diplomado
68ec4a29057cb016620ba269,Certificación en Ciberseguridad y Ciberdefensa,Otros,Certificado
697d679716d82c5ef7ff78d9,Educación Secundaria,Ciencias Sociales y Humanidades,Otros
697d679716d82c5ef7ff78d9,Educación Primaria,Ciencias Sociales y Humanidades,Otros
697d679716d82c5ef7ff78d9,Ingeniería de Química,Ingeniería y Tecnología,Bachiller
697ea5e41d352b44572fa162,Ingeniería Agronómica,Ingeniería y Tecnología,Estudiante
697ee35b51aa20581feaca75,Derecho,Ciencias Sociales y Humanidades,Estudiante
697ee35b51aa20581feaca75,Seminario de Coloquio Internacional de Derecho Corporativo,Ciencias Sociales y Humanidades,Certificado
697ee35b51aa20581feaca75,Inglés Intermedio,Ciencias Sociales y Humanidades,Certificado
697ee35b51aa20581feaca75,Certificate,Otros,Certificado
697ee35b51aa20581feaca75,Power BI,Otros,Certificado
697ee35b51aa20581feaca75,Excel nivel Intermedio - Avanzado,Otros,Certificado
6823b253a9a28ee00f4843a6,Programa de Emprendimiento,Otros,Estudiante
689e762377f1ba86edd60028,SAP S/4 HANA MM,Otros,Certificado
697ff1ba94087f6705c7189a,Administración de Negocios Internacionales,Administración y Negocios,Estudiante
697ff21b94087f6705c718b2,Educación Secundaria,Ciencias Sociales y Humanidades,Estudiante
697ff37894087f6705c71982,Arqueología,Otros,Estudiante
697ff85f94087f6705c71a95,Inglés,Ciencias Sociales y Humanidades,Certificado
697ff85f94087f6705c71a95,Economía y Negocios Internacionales,Administración y Negocios,Bachiller
69003163db711f0cddea3cf2,,,Maestría
697ff21b94087f6705c718b2,Educación Secundaria,Ciencias Sociales y Humanidades,Estudiante
697ff21b94087f6705c718b2,Educación Secundaria,Ciencias Sociales y Humanidades,Estudiante
697ff21b94087f6705c718b2,,,Estudiante
697ff21b94087f6705c718b2,Fundamentals of Digital Marketing,Administración y Negocios,Certificado
697ff21b94087f6705c718b2,Introducción a las Habilidades Profesionales en Análisis de Datos,Otros,Certificado
697ff21b94087f6705c718b2,Business English,Otros,Certificado
69811a0f7916d6678936f140,"Sistemas Integrados de Gestión ISO 14001, 45001 y 9001",Ingeniería y Tecnología,Certificado
69811a0f7916d6678936f140,"Huella Hídrica, Huella de Carbono y Gestión de Energía",Administración y Negocios,Certificado
69811a0f7916d6678936f140,Responsabilidad Social,Otros,Certificado
69811a0f7916d6678936f140,Introducción a la Sostenibilidad y Responsabilidad Empresarial,Otros,Certificado
69811a0f7916d6678936f140,Ingeniería Ambiental,Ingeniería y Tecnología,Estudiante
69811a0f7916d6678936f140,Curso de Derecho Ambiental,Ingeniería y Tecnología,Certificado
69811a0f7916d6678936f140,Soluciones sostenibles para la descontaminación y restauración de suelos y aguas subterráneas  Soluciones sostenibles para la descontaminación y restauración de suelos y aguas subterráneas  Remtech Europe,Otros,Certificado
69811a0f7916d6678936f140,Monitoreo y Vigilancia Ambiental,Ingeniería y Tecnología,Certificado
6971321ee4f81e18f9196b39,"CURSO ""COMPUTACIÓN DE ALTAS PRESTACIONES EN R PARA INVESTIGACIÓN""",Ingeniería y Tecnología,Certificado
6971321ee4f81e18f9196b39,CURSO DE EVALUACIÓN INICIAL DE NECESIDADES POR EVENTOS PELIGROSOS,Otros,Certificado
6971321ee4f81e18f9196b39,"CURSO PRESENCIAL ""RUTA DE LOS VOLCANES: COTOPAXI, TUNGURAHUA Y CHIMBORAZO""",Otros,Certificado
6971321ee4f81e18f9196b39,JORNADAS CIENTÍFICAS ESTUDIANTILES-  IKIAM,Otros,Certificado
6971321ee4f81e18f9196b39,CAPACITACIÓN EN OPEN STREET MAP,Otros,Certificado
6971321ee4f81e18f9196b39,TALLER “MAPEO COMO UNA HERRAMIENTA PARA LA GESTIÓN DE RIESGOS EN REGIONES  DE LA AMAZONÍA ECUATORIANA”,Administración y Negocios,Certificado
6971321ee4f81e18f9196b39,"CURSO ""AMBIENTES SEDIMENTARIOS ALUVIALES: FACIES Y PROCESOS""",Otros,Certificado
6971321ee4f81e18f9196b39,CURSO DE ACTUALIZACIÓN DE NORMATIVA LEGAL Y LEGISLACIÓN MINERA,Otros,Certificado
6971321ee4f81e18f9196b39,CERTIFICACIÓN COMO OPERADOR DEL SISTEMA NACIONAL DE CONTRATACIÓN PÚBLICA,Otros,Certificado
6971321ee4f81e18f9196b39,"WEBINAR ""INTRODUCCIÓN A PROCESOS MINEROS""",Otros,Certificado
6971321ee4f81e18f9196b39,ESPECIALISTA EN INTERPRETACIÓN E IMPLEMENTACIÓN DE SISTEMAS INTEGRADOS DE GESTIÓN NORMAS ISO 9001 / 14001 / 45001,Ingeniería y Tecnología,Diplomado
6971321ee4f81e18f9196b39,AUDITOR INTERNO SISTEMAS INTEGRADOS DE GESTIÓN NORMAS ISO 9001 / 14001 / 45001,Ingeniería y Tecnología,Diplomado
6971321ee4f81e18f9196b39,"PLANIFICACIÓN DOCENTE CON INSERCIONES CURRICULARES, DUA Y DESTREZAS DEL CURRÍCULO NACIONAL BASADO EN COMPETENCIAS",Otros,Certificado
6971321ee4f81e18f9196b39,NEUROEDUCACIÓN Y PLATAFORMAS EDUCATIVAS DIGITALES,Ciencias Sociales y Humanidades,Certificado
6971321ee4f81e18f9196b39,NEUROEDUCACIÓN FUNDAMENTOS DE LA NEUROPSICOLOGÍA EN LA EDUCACIÓN,Ciencias Sociales y Humanidades,Certificado
6971321ee4f81e18f9196b39,ERCA DUA 3.0 METODOLOGÍAS ACTIVAS,Otros,Certificado
6981453c7916d6678936f35d,Certificate,Otros,Certificado
6981453c7916d6678936f35d,Ingeniería de Telecomunicaciones,Ingeniería y Tecnología,Estudiante
6981453c7916d6678936f35d,Certificate,Otros,Certificado
6981453c7916d6678936f35d,Certificate,Otros,Certificado
6981453c7916d6678936f35d,Certificate,Otros,Certificado
6981453c7916d6678936f35d,Certificate,Otros,Certificado
6981453c7916d6678936f35d,Certificate,Otros,Certificado
6981453c7916d6678936f35d,Certificate,Otros,Certificado
6981453c7916d6678936f35d,Certificate,Otros,Certificado
6981453c7916d6678936f35d,Certificate,Otros,Certificado
6981453c7916d6678936f35d,Certificate,Otros,Certificado
6981453c7916d6678936f35d,Certificate,Otros,Certificado
6981453c7916d6678936f35d,Certificate,Otros,Certificado
6981453c7916d6678936f35d,Certificate,Otros,Certificado
68195139d7a5ef76a48aa3cf,Intregacion Office,Otros,Certificado
68195139d7a5ef76a48aa3cf,Windows,Otros,Certificado
68195139d7a5ef76a48aa3cf,"Excel , Powe Point y Word",Otros,Certificado
6971321ee4f81e18f9196b39,ESPECIALISTA EN CONTROL ESTADÍSTICO DE PROCESOS,Otros,Diplomado
6981e869239e62347930cfd1,"Power BI, SQL Server y Python básico",Otros,Certificado
6981e869239e62347930cfd1,Ingeniería Industrial,Ingeniería y Tecnología,Bachiller
6981e869239e62347930cfd1,"Excel con Macros, Análisis de datos con Excel, Gestión de proyectos bajo el enfoque PMI",Administración y Negocios,Certificado
697d66a116d82c5ef7ff771f,Educación Secundaria,Ciencias Sociales y Humanidades,Estudiante
6981ff3d239e62347930cfef,Ingeniería de Sistemas Somputacionales,Ingeniería y Tecnología,Estudiante
693d9eeb3d5cc7809ad55ff5,Comunicación y Marketing - Bachiller,Administración y Negocios,Bachiller
693d9eeb3d5cc7809ad55ff5,Planificación Estratégica de Marketing Digital,Administración y Negocios,Certificado
693d9eeb3d5cc7809ad55ff5,Positive Psychology,Otros,Certificado
6983e45a43090c4710c3b0a2,Administración y Marketing,Administración y Negocios,Estudiante
69796ff6b091f4fd95fc14f4,Ingenieria Agronomica,Ingeniería y Tecnología,Estudiante
6983e3ee43090c4710c3b097,Estudiante de Arquitectura,Arquitectura y Diseño,Estudiante
6984087c43090c4710c3b3ce,aaa,Otros,Bachiller
69840cd843090c4710c3b46c,Ingeniería de Sistemas e Informática,Ingeniería y Tecnología,Estudiante
697d6e2016d82c5ef7ff8058,Ingeniería Empresarial y de Sistemas,Ingeniería y Tecnología,Estudiante
697aa68b785dcaccfa78e0e1,El Desarrollo del Turismo en las Zonas Rurales del Perú,Otros,Certificado
68a64195cbc08dafe3c2824c,Economía,Economía y Finanzas,Bachiller
68a64195cbc08dafe3c2824c,Aspire Leaders Program (ALP) - Cohort 5,Otros,Certificado
69851d5204f558ae0816c7f7,Ingenieria Industrial,Ingeniería y Tecnología,Estudiante
6985358604f558ae0816c902,Adm. Negocios Internacionales,Administración y Negocios,Estudiante
6985358604f558ae0816c902,Administración de las Relaciones con los Clientes (CRM),Administración y Negocios,Certificado
6985358604f558ae0816c902,Análisis Financiero,Otros,Certificado
6971321ee4f81e18f9196b39,ESPECIALISTA EN GESTION ESTRATEGICA DE INDICADORES PARA EL CONTRO DE CALIDAD,Administración y Negocios,Diplomado
6985526904f558ae0816ca1e,Ingeniería Mecatrónica,Ingeniería y Tecnología,Bachiller
69856b9c04f558ae0816cc63,Ingeniería Industrial,Ingeniería y Tecnología,Estudiante
69856b9c04f558ae0816cc63,Formación Básica Regular,Otros,Estudiante
6986ad9444a140c221ad816b,Administración con mención en Negocios internacionales,Administración y Negocios,Bachiller
6988396cf5075b4436319452,RAG & Agentic AI,Otros,Certificado
6988396cf5075b4436319452,IBM Generative AI Engineering,Ingeniería y Tecnología,Certificado
6988396cf5075b4436319452,AI Engineer,Otros,Certificado
6988396cf5075b4436319452,IBM Full Stack Software Developer,Ingeniería y Tecnología,Certificado
6988396cf5075b4436319452,Bachiller en Ingeniería Industrial,Ingeniería y Tecnología,Bachiller
68375702525476adb3b8ec5f,Sociología,Ciencias Sociales y Humanidades,Bachiller
698a4434652fccceb0bdb944,Administración de Empresa,Administración y Negocios,Estudiante
698a43be652fccceb0bdb93d,Agropecuaria,Otros,Estudiante
698a446a652fccceb0bdb94f,Administración en Turismo y Hoteleria,Administración y Negocios,Estudiante
698a446a652fccceb0bdb94f,Ingles,Ciencias Sociales y Humanidades,Estudiante
698a5734652fccceb0bdbcf2,Diplomado de Ecoturismo Sostenible,Otros,Diplomado
698a5734652fccceb0bdbcf2,El ABC del Turismo Sostenible,Otros,Certificado
698a5734652fccceb0bdbcf2,El Desarrollo del Turismo en las Zonas Rurales del Perú,Otros,Certificado
698a5734652fccceb0bdbcf2,Administración de Turismo - VI ciclo,Administración y Negocios,Estudiante
698a5734652fccceb0bdbcf2,Taller de Etiqueta de Mesa para Ejecutivos,Otros,Certificado
68c0f9a417de33e9770fe579,Power BI Intermedio,Otros,Certificado
68c0f9a417de33e9770fe579,Fundamentos de Python Basico,Otros,Certificado
698bb84342821f6e9bc5064a,Curso de Especialización en Inteligencia Artificial aplicada a RRHH,Otros,Certificado
698bb84342821f6e9bc5064a,Programa de Especialización en Gestión de Proyectos (PMI),Administración y Negocios,Certificado
698bb84342821f6e9bc5064a,"Cursos de Coaching y Mentoring, Neuromarketing, Gestión de Recursos Humanos 3.0",Administración y Negocios,Certificado
698bb84342821f6e9bc5064a,Psicología Organizacional,Ciencias Sociales y Humanidades,Bachiller
698bb84342821f6e9bc5064a,Maestría en Administración Estratégica de Empresas (MBA),Administración y Negocios,Maestría
698bb84342821f6e9bc5064a,Máster en Innovación y Sostenibilidad,Otros,Maestría
698bc2a342821f6e9bc5075a,Curso de Electricidad Domiciliaria,Otros,Otros
68c49bcd448bb540da2b0f1a,Recursos Humanos,Administración y Negocios,Certificado
698cadd80942cd6cf2808f6a,Educación Secundaria,Ciencias Sociales y Humanidades,Otros
698cadd80942cd6cf2808f6a,Administración y Marketing,Administración y Negocios,Bachiller
698d6aaa0942cd6cf280987b,Administración & Marketing,Administración y Negocios,Bachiller
698d6aaa0942cd6cf280987b,Administración & Marketing,Administración y Negocios,Bachiller
68769e8f49fccafa6905579b,Diseño y Desarrollo de Software,Ingeniería y Tecnología,Estudiante
68769e8f49fccafa6905579b,Nivel intermedio de CSS,Otros,Certificado
68769e8f49fccafa6905579b,Nivel básico de ReactJS,Otros,Certificado
68769e8f49fccafa6905579b,Nivel básico de Tailwind CSS,Otros,Certificado
68769e8f49fccafa6905579b,Nivel intermedio de SQL,Otros,Certificado
699398e4d911603ceb7718da,Primaria,Otros,Otros
699398e4d911603ceb7718da,Educación Secundaria,Ciencias Sociales y Humanidades,Otros
699398e4d911603ceb7718da,Ciencias de la Comunicación,Ciencias Sociales y Humanidades,Estudiante
699398e4d911603ceb7718da,Certificado de Capacitación,Otros,Certificado
699738b4df4d62290aa4ef9a,Ciencias Biológicas,Otros,Estudiante
6997830961b235ecac644eef,Comunicación y Medios Digitales,Ciencias Sociales y Humanidades,Bachiller
6997830961b235ecac644eef,Curso de Inglés,Ciencias Sociales y Humanidades,Certificado
69979f3161b235ecac645160,Bachiller en Ingeniería Civil,Ingeniería y Tecnología,Bachiller
698403fa43090c4710c3b306,Economía y Negocios Internacionales,Administración y Negocios,Estudiante
698403fa43090c4710c3b306,Ofimática Empresarial,Otros,Certificado
698403fa43090c4710c3b306,Inglés,Ciencias Sociales y Humanidades,Estudiante
697814822804d91b11fa119b,Economía,Economía y Finanzas,Bachiller
697814822804d91b11fa119b,FUNDAMENTOS DE PROYECTOS DE INVERSIÓN PÚBLICA,Otros,Certificado
689031ca31cfb7af211fdb81,"Seguridad, Salud Ocupacional y Medioambiente (SSOMA)",Salud,Certificado
689031ca31cfb7af211fdb81,"Costos, Presupuestos y Programación de Obras con S10 y MS Project",Otros,Certificado
6924d52a23da6497c2db9e7e,INTRODUCCIÓN A SAP S/4HANA + SAP FIORI,Otros,Certificado
6924d52a23da6497c2db9e7e,SAP S/4 HANA MM GESTIÓN DE LOGÍSTICA Y MATERIALES,Administración y Negocios,Certificado
699f2634260c672b7d39194f,Licenciatura en Administración de empresas,Administración y Negocios,Bachiller
6966e88f2a1422dcee256531,Educación Secundaria,Ciencias Sociales y Humanidades,Otros
6966e88f2a1422dcee256531,Administración de Negocios Internacionales,Administración y Negocios,Bachiller
6966e88f2a1422dcee256531,Inglés,Ciencias Sociales y Humanidades,Certificado
699f3195260c672b7d391d8a,Certificación,Otros,Certificado
699f3195260c672b7d391d8a,Ingeniería Industrial,Ingeniería y Tecnología,Bachiller
699f31da260c672b7d391e0c,Ingeniería Industrial,Ingeniería y Tecnología,Estudiante
699f31da260c672b7d391e0c,Certificate,Otros,Certificado
699f69b3260c672b7d39277c,Ingeniería de Sistemas e informática,Ingeniería y Tecnología,Estudiante
699f69b3260c672b7d39277c,Introduction to Cybersecurity,Otros,Certificado
699f69b3260c672b7d39277c,tgrt,Otros,Certificado
699f7b77260c672b7d392a83,Growth Marketing Digital,Administración y Negocios,Certificado
699f7b77260c672b7d392a83,Administración y Marketing,Administración y Negocios,Estudiante
699f7b77260c672b7d392a83,Especialización en análisis de datos e inteligencia aritficial,Otros,Certificado
699f7b77260c672b7d392a83,Gestión de Marca,Administración y Negocios,Certificado
699f85a2260c672b7d392dc4,Ofimática Completa,Otros,Certificado
699f85a2260c672b7d392dc4,Relaciones Públicas,Otros,Otros
699f85a2260c672b7d392dc4,Computación e Informática,Ingeniería y Tecnología,Diplomado
699f85a2260c672b7d392dc4,Community Management,Administración y Negocios,Certificado
699f85a2260c672b7d392dc4,Cómo afrontar los problemas de Imagen de una Empresa,Otros,Otros
699f85a2260c672b7d392dc4,Gestión de Crisis y Media Training,Administración y Negocios,Otros
699f85a2260c672b7d392dc4,Comunicación Corporativa,Ciencias Sociales y Humanidades,Bachiller
699f85a2260c672b7d392dc4,Creación de página web para ofrecer productos y servicios,Otros,Certificado
699f97e1260c672b7d392f71,Mecatrónica Industrial,Ingeniería y Tecnología,Bachiller
699f97e1260c672b7d392f71,Ingeniería de Sistemas,Ingeniería y Tecnología,Bachiller
699fa8f9260c672b7d393055,Derecho,Ciencias Sociales y Humanidades,Otros
699fd02a260c672b7d3931d6,Primary Studies,Otros,Otros
699fd02a260c672b7d3931d6,Economía y Negocios Internacionales,Administración y Negocios,Bachiller
699fd02a260c672b7d3931d6,Educación Secundaria,Ciencias Sociales y Humanidades,Otros
6983c8ef43090c4710c3b05e,Economía y Negocios Internacionales,Administración y Negocios,Estudiante
69a058d126c2319410cd487b,Ciencias de la Comunicación,Ciencias Sociales y Humanidades,Bachiller
69a058d126c2319410cd487b,Análisis Digital con Google Analytics,Otros,Certificado
69a058d126c2319410cd487b,Marketing Digital | Community Manager,Administración y Negocios,Certificado
69a058d126c2319410cd487b,"Introducción a Herramientas Digitales, Creación de Contenido para las Redes Sociales, Medios de Pagos Digitales y Comercio Electrónico",Ingeniería y Tecnología,Certificado
69a058d126c2319410cd487b,Marketing Digital,Administración y Negocios,Certificado
69a058d126c2319410cd487b,Growth Hacking,Otros,Certificado
69a058d126c2319410cd487b,Branding,Otros,Certificado
69a06f0926c2319410cd4c6a,Ciencias de la Comunicación,Ciencias Sociales y Humanidades,Diplomado
69a06f0926c2319410cd4c6a,Diseño Gráfico,Arquitectura y Diseño,Diplomado
69a1a2cc72698b1ef0fbe25c,Educación Secundaria,Ciencias Sociales y Humanidades,Otros
69a1a2cc72698b1ef0fbe25c,Ingeniería de Sistemas y Empresariales,Ingeniería y Tecnología,Bachiller
69a1a2cc72698b1ef0fbe25c,Primaria,Otros,Otros
69a1bf3b72698b1ef0fbece6,Inglés Básico,Ciencias Sociales y Humanidades,Certificado
69a1bf3b72698b1ef0fbece6,Derecho y Ciencias Políticas,Ciencias Sociales y Humanidades,Bachiller
69a1bf3b72698b1ef0fbece6,Educación Secundaria,Ciencias Sociales y Humanidades,Diplomado
69a1bf3b72698b1ef0fbece6,Computación Office 2000,Ingeniería y Tecnología,Certificado
69a1bf0b72698b1ef0fbeccc,Intermedio,Otros,Certificado
69a1bf0b72698b1ef0fbeccc,Desarrollo de sistemas de información,Ingeniería y Tecnología,Estudiante
69a1cbe772698b1ef0fbf416,Ingeniería Industrial,Ingeniería y Tecnología,Estudiante
69a1cbe772698b1ef0fbf416,Administración de Empresas,Administración y Negocios,Bachiller
69a1cbe772698b1ef0fbf416,Supervisión en seguridad industrial y minería,Ingeniería y Tecnología,Certificado
6966621b2a1422dcee256114,ING INDUSTRIAL,Ingeniería y Tecnología,Maestría
69a1d70172698b1ef0fbfcfe,Universitario,Otros,Estudiante
69a1d70172698b1ef0fbfcfe,Nivel Avanzado en Inglés (C1),Ciencias Sociales y Humanidades,Certificado
69a1fd7272698b1ef0fc09fb,BACHILLER EN CIENCIAS,Otros,Bachiller
69a1fd7272698b1ef0fc09fb,INGENIERÍA EN GEOCIENCIAS,Ingeniería y Tecnología,Otros
69a1fd7272698b1ef0fc09fb,"CURSO ""COMPUTACIÓN DE ALTAS PRESTACIONES EN R PARA INVESTIGACIÓN""",Ingeniería y Tecnología,Certificado
69a1fd7272698b1ef0fc09fb,CURSO DE EVALUACIÓN INICIAL DE NECESIDADES POR EVENTOS PELIGROSOS,Otros,Certificado
69a1fd7272698b1ef0fc09fb,"CURSO PRESENCIAL ""RUTA DE LOS VOLCANES: COTOPAXI, TUNGURAHUA Y CHIMBORAZO""",Otros,Certificado
69a1fd7272698b1ef0fc09fb,CAPACITACIÓN EN OPEN STREET MAP,Otros,Certificado
69a1fd7272698b1ef0fc09fb,TALLER “MAPEO COMO UNA HERRAMIENTA PARA LA GESTIÓN DE RIESGOS EN REGIONES  DE LA AMAZONÍA ECUATORIANA”,Administración y Negocios,Certificado
69a1fd7272698b1ef0fc09fb,"CURSO ""AMBIENTES SEDIMENTARIOS ALUVIALES: FACIES Y PROCESOS""",Otros,Certificado
69a1fd7272698b1ef0fc09fb,CURSO DE ACTUALIZACIÓN DE NORMATIVA LEGAL Y LEGISLACIÓN MINERA,Otros,Certificado
69a1fd7272698b1ef0fc09fb,CERTIFICACIÓN COMO OPERADOR DEL SISTEMA NACIONAL DE CONTRATACIÓN PÚBLICA,Otros,Certificado
69a1fd7272698b1ef0fc09fb,"WEBINAR ""INTRODUCCIÓN A PROCESOS MINEROS""",Otros,Certificado
69a1fd7272698b1ef0fc09fb,ESPECIALISTA EN INTERPRETACIÓN E IMPLEMENTACIÓN DE SISTEMAS INTEGRADOS DE GESTIÓN NORMAS ISO 9001 / 14001 / 45001,Ingeniería y Tecnología,Diplomado
69a1fd7272698b1ef0fc09fb,AUDITOR INTERNO SISTEMAS INTEGRADOS DE GESTIÓN NORMAS ISO 9001 / 14001 / 45001,Ingeniería y Tecnología,Diplomado
69a1fd7272698b1ef0fc09fb,ESPECIALISTA EN GESTION ESTRATEGICA DE INDICADORES PARA EL CONTRO DE CALIDAD,Administración y Negocios,Diplomado
69a1fd7272698b1ef0fc09fb,ESPECIALISTA EN CONTROL ESTADÍSTICO DE PROCESOS,Otros,Diplomado
6983c53343090c4710c3b041,Economía y Negocios Internacionales,Administración y Negocios,Estudiante
6983c53343090c4710c3b041,"Herramientas de Análisis de Datos (Excel, Power BI, Python, R, MySQL)",Otros,Estudiante
6983c53343090c4710c3b041,Ingles,Ciencias Sociales y Humanidades,Estudiante
69a32979b879cef8133f9f98,Administración y Marketing,Administración y Negocios,Estudiante
69a32979b879cef8133f9f98,Educación Secundaria,Ciencias Sociales y Humanidades,Otros
69a3b868b879cef8133faabc,Administración y Negocios Internacionales,Administración y Negocios,Estudiante
69a3b868b879cef8133faabc,Auxiliar de Despacho Aduanero,Otros,Certificado
69a4368a249f08e25af58d88,Derecho y Ciencia Política,Ciencias Sociales y Humanidades,Estudiante
69a4368a249f08e25af58d88,Educación Secundaria,Ciencias Sociales y Humanidades,Estudiante
69a436cd249f08e25af58d93,Derecho y Ciencia Política,Ciencias Sociales y Humanidades,Estudiante
69a4be9602dba2295f467bd4,Técnico en cocina,Otros,Diplomado
69a4ec0302dba2295f467f6b,Educación Ejecutiva,Ciencias Sociales y Humanidades,Otros
69a4ec0302dba2295f467f6b,Ingeniería Industrial,Ingeniería y Tecnología,Bachiller
69a4ec0302dba2295f467f6b,"Curso de Power BI Básico, Intermedio y Avanzado",Otros,Certificado
69a4ec0302dba2295f467f6b,"Curso de Excel Básico, Intermedio y Avanzado",Otros,Certificado
69a4ec0302dba2295f467f6b,Inglés Básico - Intermedio,Ciencias Sociales y Humanidades,Certificado
69a4ec0302dba2295f467f6b,Integración de Power BI con MS Project en el Control de Proyectos,Otros,Certificado
695403b47284f013e8a3987c,Especialización en Marketing Digital,Administración y Negocios,Certificado
695403b47284f013e8a3987c,Community Management,Administración y Negocios,Certificado
695403b47284f013e8a3987c,Especialización en Facebook Ads y Google Ads,Otros,Certificado
695403b47284f013e8a3987c,Especialización en Microsoft Excel,Otros,Certificado
695403b47284f013e8a3987c,Bachiller en Administración,Administración y Negocios,Bachiller
695403b47284f013e8a3987c,Especialización de Microsoft Office,Otros,Certificado
695403b47284f013e8a3987c,Especialización de Marca Empleadora,Otros,Certificado
695403b47284f013e8a3987c,Microsoft Excel Avanzado,Otros,Certificado
695403b47284f013e8a3987c,Microsoft Excel Intermedio,Otros,Certificado
695403b47284f013e8a3987c,Microsoft Excel Básico,Otros,Certificado
695403b47284f013e8a3987c,Microsoft Power Point,Otros,Certificado
695403b47284f013e8a3987c,Microsoft Word,Otros,Certificado
695403b47284f013e8a3987c,Power Business Intelligence Básico,Otros,Certificado
695403b47284f013e8a3987c,Introducción al Internet de las cosas,Otros,Certificado
695403b47284f013e8a3987c,Introducción a la Ciberseguridad,Otros,Certificado
695403b47284f013e8a3987c,Neuromarketing aplicado a los Negocios,Administración y Negocios,Certificado
695403b47284f013e8a3987c,Ejercicios Prácticos de Microsoft Excel,Otros,Certificado
695403b47284f013e8a3987c,Microsoft Excel - Tablas Dinámicas,Otros,Certificado
69a1c68e72698b1ef0fbf112,Administración bancaria y financiera,Administración y Negocios,Otros
69a621bdd9014e9bbac9b2d1,Bachelor,Otros,Bachiller
69a621bdd9014e9bbac9b2d1,Certificate,Otros,Certificado
69a621bdd9014e9bbac9b2d1,Certificate,Otros,Certificado
69a621bdd9014e9bbac9b2d1,Other,Otros,Otros
69a621bdd9014e9bbac9b2d1,Certificate,Otros,Certificado
69a621bdd9014e9bbac9b2d1,Certificate,Otros,Certificado
69a621bdd9014e9bbac9b2d1,Certificate,Otros,Certificado
69a621bdd9014e9bbac9b2d1,Certificate,Otros,Certificado
69a621bdd9014e9bbac9b2d1,Certificate,Otros,Certificado
69a621bdd9014e9bbac9b2d1,Certificate,Otros,Certificado
69a621bdd9014e9bbac9b2d1,Certificate,Otros,Certificado
69a621bdd9014e9bbac9b2d1,Bachelor,Otros,Bachiller
69a621bdd9014e9bbac9b2d1,Certificate,Otros,Certificado
68ee84e436df8b564a2b13d6,Ingeniería de software,Ingeniería y Tecnología,Bachiller
6979744cb091f4fd95fc16b5,Ingeniería de Industrias Alimentarias,Ingeniería y Tecnología,Bachiller
6979744cb091f4fd95fc16b5,Programa experto en Microsoft Excel - básico,Otros,Certificado
6979744cb091f4fd95fc16b5,Lean Manufacturing,Otros,Certificado
6979744cb091f4fd95fc16b5,ISO 9001 - Sistema de Gestión de la Calidad,Administración y Negocios,Certificado
6979744cb091f4fd95fc16b5,"Implementación y Auditoría de las BPM, higiene y saneamiento, POE, POES y plan HACCP",Otros,Certificado
68ee84e436df8b564a2b13d6,Ingles Intermedio,Ciencias Sociales y Humanidades,
69a789dab59eef69c8f38d5a,Psicología,Ciencias Sociales y Humanidades,Estudiante
69a7a1d7b59eef69c8f38e40,Ingeniería de Sistemas,Ingeniería y Tecnología,Estudiante
69a30f74b879cef8133f9bf4,Administración de Negocios Internacionales,Administración y Negocios,Bachiller
69a838ea762d43a8981ce843,Administración de Negocios Internacionales,Administración y Negocios,Bachiller
69a83fc8762d43a8981ce96a,Administración,Administración y Negocios,Estudiante
69aa5567648f9a0b9ab9b012,Marketing Digital,Administración y Negocios,Certificado
69aa5567648f9a0b9ab9b012,Habilidades blandas,Otros,Certificado
69aa5567648f9a0b9ab9b012,Gestión de proyectos con metodologías ágiles y enfoques Lean,Administración y Negocios,Certificado
69aa5567648f9a0b9ab9b012,Asistente administrativo,Otros,Certificado
69aa5567648f9a0b9ab9b012,Administración de Empresas,Administración y Negocios,Bachiller
69aafe9e47f0c1e0b4c7ab04,Ingeniería en Mecatrónica,Ingeniería y Tecnología,Bachiller
69aafe9e47f0c1e0b4c7ab04,Bachiller en Ciencias Generales,Otros,Otros
69ac73ee57baeefc7b8d4239,Economía y Negocios Internacionales,Administración y Negocios,Estudiante
69ac73ee57baeefc7b8d4239,"Herramientas de Análisis de Datos (Excel, Power BI, Python, R, MySQL)",Otros,Estudiante
69ac73ee57baeefc7b8d4239,Ingles,Ciencias Sociales y Humanidades,Estudiante
69af7d5a705093622ffa8df1,Ingeniería Industrial,Ingeniería y Tecnología,Estudiante
69afa240705093622ffa91f6,Ganadora del Concurso de Incubadoras de empresas,Otros,Certificado
69afa240705093622ffa91f6,Becada de Aspire Leaders Program,Otros,Certificado
69afa240705093622ffa91f6,Introduction to Data Analytics,Otros,Certificado
69afa240705093622ffa91f6,Google Cloud Fundamentals: Core Infrastructure,Otros,Certificado
69afa240705093622ffa91f6,Propiedad Intelectual,Otros,Certificado
69afa240705093622ffa91f6,Pasantía a la Universidad Nacional de San Antonio Abad del Cusco,Otros,Certificado
69afa240705093622ffa91f6,Ganadora del I Concurso de Investigación para el desarrollo de innovaciones y propiedad intelectual,Otros,Certificado
69afa240705093622ffa91f6,Ingeniería de Sistemas,Ingeniería y Tecnología,Estudiante
69afa240705093622ffa91f6,Inspiring study conference with Google,Otros,Certificado
69afa240705093622ffa91f6,Gestión de la madurez tecnológica: TRL,Administración y Negocios,Certificado
69afa240705093622ffa91f6,Proyección Social : “Tienda virtual con predicción de ventas en Wakami Eventos”,Administración y Negocios,Certificado
69afa240705093622ffa91f6,Impulsando talento con valores,Otros,Certificado
69afa48b705093622ffa92bb,Inglés,Ciencias Sociales y Humanidades,Certificado
69afa48b705093622ffa92bb,Economía,Economía y Finanzas,Estudiante
69b0239f26cb965d0cdb8ea5,Ingeniería Industrial,Ingeniería y Tecnología,Bachiller
69b0239f26cb965d0cdb8ea5,Salud y Seguridad para ambientes de trabajo moderno,Salud,Certificado
69b0239f26cb965d0cdb8ea5,Excel Básico - Avanzado,Otros,
69b0239f26cb965d0cdb8ea5,Power BI,Otros,Certificado
6978102f2804d91b11fa0fde,asd,Otros,Bachiller
69523722b62de677d6cfe76c,Big Data y Ciencia de Datos,Ingeniería y Tecnología,Estudiante
69523722b62de677d6cfe76c,SQL Intermediate,Otros,Certificado
69523722b62de677d6cfe76c,R Intermedio,Otros,Certificado
69523722b62de677d6cfe76c,Power BI Intermedio,Otros,Certificado
69523722b62de677d6cfe76c,Las redes y el IoT,Ingeniería y Tecnología,Certificado
69523722b62de677d6cfe76c,Microsoft Fabric: DP-600 y DP-700,Otros,Certificado
69523722b62de677d6cfe76c,Gobierno de Datos aplicado con el marco DAMA-DMBOK,Otros,Certificado
69523722b62de677d6cfe76c,SUMMIT DATA ANALYST,Otros,Certificado
69523722b62de677d6cfe76c,Arduino Revolution: De cero a héroe maker,Otros,Certificado
69523722b62de677d6cfe76c,AWS,Otros,Certificado
69523722b62de677d6cfe76c,Python intermedio,Otros,Certificado
69741df4a63cbe62c2259b04,Educación Secundaria,Ciencias Sociales y Humanidades,Otros
69741df4a63cbe62c2259b04,Administración de Negocios Internacionales,Administración y Negocios,Estudiante
69b2f5b1845c9642293f847e,,,Estudiante
6905223cdaf20c3d5533289c,Administración de Negocios Internacionales,Administración y Negocios,Estudiante
69b346c09f36ab2e6b0a3d91,Curso de Idiomas,Otros,Certificado
69b346c09f36ab2e6b0a3d91,Ingeniería Industrial,Ingeniería y Tecnología,Estudiante
697d687616d82c5ef7ff7ad1,Ingeniería química,Ingeniería y Tecnología,Estudiante
697d687616d82c5ef7ff7ad1,Educación Secundaria,Ciencias Sociales y Humanidades,Otros
681ed70c98135c66ec94368b,CLOUD COMPUTING: AWS - AZURE - GOOGLE CLOUD,Otros,Certificado
69b4e4e4c78e55f5e8f26c23,Inglés Intermedio,Ciencias Sociales y Humanidades,Certificado
69b4e4e4c78e55f5e8f26c23,Control Estadístico de Procesos,Otros,Certificado
69b4e4e4c78e55f5e8f26c23,Ingeniero Metalurgista,Otros,Bachiller
69b4e4e4c78e55f5e8f26c23,Excel Metalúrgico,Otros,Certificado
69b4e4e4c78e55f5e8f26c23,Balances Metalúrgicos con Excel,Otros,Certificado
69b4e4e4c78e55f5e8f26c23,Machine Learning aplicado a la Metalurgia,Otros,Certificado
69b5b06f0d0d354faca6670e,Educación Inicial,Ciencias Sociales y Humanidades,Estudiante
683655186b09021557332a1a,Excel empresarial,Otros,Certificado
683655186b09021557332a1a,Power BI,Otros,Certificado
6973f0f1a63cbe62c2259308,Ingeniería de Sistemas,Ingeniería y Tecnología,Bachiller
695ad7910b102a85dde7ebf2,Medicina Humana,Salud,Estudiante
69b8965600e413a0530bc1f2,Ingeniería Industrial,Ingeniería y Tecnología,Estudiante
69a4e17d02dba2295f467db8,Diplomado: Productividad e Inteligencia Artificial aplicada a la Ingeniería Industrial,Ingeniería y Tecnología,Diplomado
69a4e17d02dba2295f467db8,Aspire Leaders Program,Otros,Certificado
69a4e17d02dba2295f467db8,Grado de Ingeniería Industrial,Ingeniería y Tecnología,Bachiller
69ba1aa753a32b8b7f022b35,Aplicación de la IA para la gestión administrativa,Administración y Negocios,Certificado
69ba1aa753a32b8b7f022b35,Curso Especializado en Gestión de la Cultura y Comunicación Interna en la Estrategia Corporativa,Administración y Negocios,Certificado
69ba1aa753a32b8b7f022b35,Educación Secundaria,Ciencias Sociales y Humanidades,Otros
69ba1aa753a32b8b7f022b35,Dirección y Diseño Gráfico,Arquitectura y Diseño,Bachiller
69ba1aa753a32b8b7f022b35,Título en Dirección y Diseño Gráfico,Arquitectura y Diseño,Bachiller
689031ca31cfb7af211fdb81,Lean Construction Management,Administración y Negocios,Certificado
69bd88f4739f4a5de60ec811,Administración y Marketing,Administración y Negocios,Estudiante
69bdf374739f4a5de60ed460,Inglés nivel intermedio,Ciencias Sociales y Humanidades,Diplomado
69bdf374739f4a5de60ed460,ChatGPT 5 | Marketing y Branding con Inteligencia Artificial,Administración y Negocios,Estudiante
69bdf374739f4a5de60ed460,Introducción a Adobe Photoshop CC2020,Otros,Diplomado
69bdf374739f4a5de60ed460,Funcionalidades de Adobe Photoshop CC2021,Otros,Diplomado
69bdf374739f4a5de60ed460,Manejo fundamental de adobe Illustrator CC2020,Otros,Diplomado
69bdf374739f4a5de60ed460,Ciencias de la Comunicación,Ciencias Sociales y Humanidades,Bachiller
69bdf374739f4a5de60ed460,Adobe Illustrator CC: ilustración y diseño de personajes vectoriales,Arquitectura y Diseño,Diplomado
69bdf374739f4a5de60ed460,Adobe InDesign: Diseño editorial desde cero.,Arquitectura y Diseño,Diplomado
69bee0ec739f4a5de60eebb5,Google Analytics,Otros,Certificado
69bee0ec739f4a5de60eebb5,Planificación Estratégica de Marketing Digital,Administración y Negocios,Certificado
69bee0ec739f4a5de60eebb5,"Gestión de proyectos, desarrollo de marcas globales y liderazgo emocional",Administración y Negocios,Certificado
69bee0ec739f4a5de60eebb5,Creación de Contenidos Digitales,Otros,Certificado
69bee0ec739f4a5de60eebb5,Diseño Gráfico Digital,Arquitectura y Diseño,Certificado
69bee0ec739f4a5de60eebb5,Bachiller en Administración y Marketing,Administración y Negocios,Bachiller
69bee0ec739f4a5de60eebb5,Marketing y Publicidad en Redes Sociales,Ingeniería y Tecnología,Certificado
69bee0ec739f4a5de60eebb5,Gestión de Marca,Administración y Negocios,Certificado
69bee0ec739f4a5de60eebb5,Especialista en Excel,Otros,Certificado
69bee0ec739f4a5de60eebb5,Branding,Otros,Certificado
69bed13e739f4a5de60eea0f,Bachiller en Ingeniería de Sistemas,Ingeniería y Tecnología,Bachiller
69c0ad3d09d9ef031b7677f2,Inglés,Ciencias Sociales y Humanidades,Otros
69c0ad3d09d9ef031b7677f2,Diseño Industrial,Ingeniería y Tecnología,Bachiller
69c0ad3d09d9ef031b7677f2,Inglés,Ciencias Sociales y Humanidades,Otros
69c0ad3d09d9ef031b7677f2,dasdasdas,Otros,Maestría
69c15cee09d9ef031b768106,Ingeniería Industrial,Ingeniería y Tecnología,Bachiller
69c15cee09d9ef031b768106,Educación Secundaria,Ciencias Sociales y Humanidades,Otros
69c15cee09d9ef031b768106,Educación Secundaria,Ciencias Sociales y Humanidades,Otros
69c198d8a4ec1610ef71e5b9,Pregrado,Otros,Estudiante
69c198d8a4ec1610ef71e5b9,Dirección de Arte,Otros,Certificado
69c1a50ea4ec1610ef71e723,Bachiller,Otros,Bachiller
69c1c7caa4ec1610ef71eb27,,,Certificado
69c1c7caa4ec1610ef71eb27,,,Otros
69c1c7caa4ec1610ef71eb27,,,Otros
69c1c7caa4ec1610ef71eb27,Ingeniería Industrial,Ingeniería y Tecnología,Estudiante
69c1c6bfa4ec1610ef71ea44,Contabilidad Financiera,Economía y Finanzas,Bachiller
69c1c6bfa4ec1610ef71ea44,Estudios Primarios,Otros,Otros
69c1c6bfa4ec1610ef71ea44,Estudios Secundarios,Otros,Otros
69c1c6bfa4ec1610ef71ea44,Ingeniería Industrial,Ingeniería y Tecnología,Otros
69c1c6bfa4ec1610ef71ea44,Estudios Primarios,Otros,Otros
69c1c6bfa4ec1610ef71ea44,Ingeniería Industrial,Ingeniería y Tecnología,Bachiller
69c1c6bfa4ec1610ef71ea44,Contabilidad Financiera,Economía y Finanzas,Bachiller
69c1c6bfa4ec1610ef71ea44,Estudios Secundarios,Otros,Otros
69c1c64fa4ec1610ef71e9e1,Ingeniería Industrial,Ingeniería y Tecnología,Estudiante
69c2133ca4ec1610ef71fb7f,Especialización en Modelado y Coordinación BIM de Proyectos con Revit y Navisworks,Otros,Certificado
69c2133ca4ec1610ef71fb7f,Ingeniería Civil,Ingeniería y Tecnología,Bachiller
69c212dfa4ec1610ef71fb4c,CCNA: Introducción a las Redes,Ingeniería y Tecnología,Certificado
69c212dfa4ec1610ef71fb4c,Seguridad para PyMEs,Otros,Certificado
69c212dfa4ec1610ef71fb4c,Ingeniería Informática,Ingeniería y Tecnología,Estudiante
69c212dfa4ec1610ef71fb4c,CCNA: Switching y Routing,Otros,Otros
69c212dfa4ec1610ef71fb4c,CCNA: Seguridad de redes empresariales,Ingeniería y Tecnología,Otros
69c2133ca4ec1610ef71fb7f,Lean Construction Management,Administración y Negocios,Certificado
